No,Penggunaan Lahan,Kerapatan Sungai,Jenis Tanah,Jarak dari Sungai,Curah Hujan,Kemiringa Lereng,Kelas Banjir,Kapanewon/Kemantren
0,Badan Air,"<0,62 km/km2",Litosol,>500 m (Sangat Jauh),500 - 1000 mm/th (Agak Rendah),0-8% (Datar),Sedang,Girisubo
1,Badan Air,"<0,62 km/km2",Litosol,>500 m (Sangat Jauh),500 - 1000 mm/th (Agak Rendah),8-15% (Landai),Sedang,Girisubo
2,Badan Air,"<0,62 km/km2",Litosol,>500 m (Sangat Jauh),500 - 1000 mm/th (Agak Rendah),15-25% (Agak Curam),Sedang,Girisubo
3,Badan Air,"<0,62 km/km2",Litosol,>500 m (Sangat Jauh),500 - 1000 mm/th (Agak Rendah),25-40% (Curam),Sedang,Girisubo
4,Badan Air,"<0,62 km/km2",Litosol,>500 m (Sangat Jauh),500 - 1000 mm/th (Agak Rendah),>40% (Sangat Curam),Sedang,Girisubo
5,Badan Air,"<0,62 km/km2",Litosol,0 - 50 m (Sangat Dekat),500 - 1000 mm/th (Agak Rendah),15-25% (Agak Curam),Tinggi,Girisubo
6,Badan Air,"<0,62 km/km2",Litosol,50 - 100 m (Dekat),500 - 1000 mm/th (Agak Rendah),>40% (Sangat Curam),Sedang,Girisubo
7,Badan Air,"<0,62 km/km2",Litosol,100 - 250 m (Sedang),500 - 1000 mm/th (Agak Rendah),8-15% (Landai),Sedang,Purwosari
8,Badan Air,"<0,62 km/km2",Litosol,100 - 250 m (Sedang),500 - 1000 mm/th (Agak Rendah),15-25% (Agak Curam),Sedang,Purwosari
9,Badan Air,"<0,62 km/km2",Litosol,100 - 250 m (Sedang),500 - 1000 mm/th (Agak Rendah),>40% (Sangat Curam),Sedang,Girisubo
10,Badan Air,"<0,62 km/km2",Litosol,250 - 500 m (Jauh),500 - 1000 mm/th (Agak Rendah),0-8% (Datar),Sedang,Kretek
11,Badan Air,"<0,62 km/km2",Litosol,250 - 500 m (Jauh),500 - 1000 mm/th (Agak Rendah),8-15% (Landai),Sedang,Kretek
12,Badan Air,"<0,62 km/km2",Litosol,250 - 500 m (Jauh),500 - 1000 mm/th (Agak Rendah),25-40% (Curam),Sedang,Girisubo
13,Badan Air,"<0,62 km/km2",Litosol,250 - 500 m (Jauh),500 - 1000 mm/th (Agak Rendah),>40% (Sangat Curam),Sedang,Girisubo
14,Badan Air,"<0,62 km/km2",Fluvisol,>500 m (Sangat Jauh),1000 - 2000 mm/th (Sedang),8-15% (Landai),Sedang,Temon
15,Badan Air,"<0,62 km/km2",Fluvisol,>500 m (Sangat Jauh),500 - 1000 mm/th (Agak Rendah),0-8% (Datar),Sedang,Galur
16,Badan Air,"<0,62 km/km2",Fluvisol,>500 m (Sangat Jauh),500 - 1000 mm/th (Agak Rendah),8-15% (Landai),Sedang,Kretek
17,Badan Air,"<0,62 km/km2",Fluvisol,0 - 50 m (Sangat Dekat),1000 - 2000 mm/th (Sedang),0-8% (Datar),Tinggi,Temon
18,Badan Air,"<0,62 km/km2",Fluvisol,0 - 50 m (Sangat Dekat),1000 - 2000 mm/th (Sedang),8-15% (Landai),Tinggi,Temon
19,Badan Air,"<0,62 km/km2",Fluvisol,50 - 100 m (Dekat),1000 - 2000 mm/th (Sedang),0-8% (Datar),Tinggi,Temon
20,Badan Air,"<0,62 km/km2",Fluvisol,50 - 100 m (Dekat),1000 - 2000 mm/th (Sedang),8-15% (Landai),Tinggi,Temon
21,Badan Air,"<0,62 km/km2",Fluvisol,100 - 250 m (Sedang),1000 - 2000 mm/th (Sedang),0-8% (Datar),Tinggi,Temon
22,Badan Air,"<0,62 km/km2",Fluvisol,100 - 250 m (Sedang),1000 - 2000 mm/th (Sedang),8-15% (Landai),Tinggi,Temon
23,Badan Air,"<0,62 km/km2",Fluvisol,250 - 500 m (Jauh),1000 - 2000 mm/th (Sedang),0-8% (Datar),Tinggi,Temon
24,Badan Air,"<0,62 km/km2",Vertisol,0 - 50 m (Sangat Dekat),500 - 1000 mm/th (Agak Rendah),0-8% (Datar),Tinggi,Semanu
25,Badan Air,"<0,62 km/km2",Vertisol,0 - 50 m (Sangat Dekat),500 - 1000 mm/th (Agak Rendah),15-25% (Agak Curam),Tinggi,Semanu
26,Badan Air,"<0,62 km/km2",Vertisol,50 - 100 m (Dekat),500 - 1000 mm/th (Agak Rendah),0-8% (Datar),Tinggi,Semanu
27,Badan Air,"<0,62 km/km2",Vertisol,50 - 100 m (Dekat),500 - 1000 mm/th (Agak Rendah),8-15% (Landai),Tinggi,Semanu
28,Badan Air,"<0,62 km/km2",Vertisol,50 - 100 m (Dekat),500 - 1000 mm/th (Agak Rendah),15-25% (Agak Curam),Tinggi,Semanu
29,Badan Air,"<0,62 km/km2",Vertisol,100 - 250 m (Sedang),500 - 1000 mm/th (Agak Rendah),0-8% (Datar),Tinggi,Semanu
30,Badan Air,"<0,62 km/km2",Vertisol,100 - 250 m (Sedang),500 - 1000 mm/th (Agak Rendah),8-15% (Landai),Sedang,Semanu
31,Badan Air,"<0,62 km/km2",Vertisol,100 - 250 m (Sedang),500 - 1000 mm/th (Agak Rendah),15-25% (Agak Curam),Sedang,Semanu
32,Badan Air,"<0,62 km/km2",Vertisol,250 - 500 m (Jauh),500 - 1000 mm/th (Agak Rendah),0-8% (Datar),Sedang,Semanu
33,Badan Air,"<0,62 km/km2",Vertisol,250 - 500 m (Jauh),500 - 1000 mm/th (Agak Rendah),8-15% (Landai),Sedang,Semanu
34,Badan Air,"0,62 - 1.44 km/km2",Litosol,>500 m (Sangat Jauh),500 - 1000 mm/th (Agak Rendah),0-8% (Datar),Sedang,Purwosari
35,Badan Air,"0,62 - 1.44 km/km2",Litosol,>500 m (Sangat Jauh),500 - 1000 mm/th (Agak Rendah),8-15% (Landai),Sedang,Purwosari
36,Badan Air,"0,62 - 1.44 km/km2",Litosol,>500 m (Sangat Jauh),500 - 1000 mm/th (Agak Rendah),15-25% (Agak Curam),Sedang,Kretek
37,Badan Air,"0,62 - 1.44 km/km2",Litosol,>500 m (Sangat Jauh),500 - 1000 mm/th (Agak Rendah),25-40% (Curam),Sedang,Kretek
38,Badan Air,"0,62 - 1.44 km/km2",Litosol,0 - 50 m (Sangat Dekat),500 - 1000 mm/th (Agak Rendah),0-8% (Datar),Tinggi,Dlingo
39,Badan Air,"0,62 - 1.44 km/km2",Litosol,0 - 50 m (Sangat Dekat),500 - 1000 mm/th (Agak Rendah),8-15% (Landai),Tinggi,Dlingo
40,Badan Air,"0,62 - 1.44 km/km2",Litosol,0 - 50 m (Sangat Dekat),500 - 1000 mm/th (Agak Rendah),15-25% (Agak Curam),Tinggi,Dlingo
41,Badan Air,"0,62 - 1.44 km/km2",Litosol,0 - 50 m (Sangat Dekat),500 - 1000 mm/th (Agak Rendah),25-40% (Curam),Tinggi,Dlingo
42,Badan Air,"0,62 - 1.44 km/km2",Litosol,0 - 50 m (Sangat Dekat),500 - 1000 mm/th (Agak Rendah),>40% (Sangat Curam),Tinggi,Dlingo
43,Badan Air,"0,62 - 1.44 km/km2",Litosol,50 - 100 m (Dekat),500 - 1000 mm/th (Agak Rendah),15-25% (Agak Curam),Sedang,Purwosari
44,Badan Air,"0,62 - 1.44 km/km2",Litosol,100 - 250 m (Sedang),500 - 1000 mm/th (Agak Rendah),8-15% (Landai),Sedang,Purwosari
45,Badan Air,"0,62 - 1.44 km/km2",Litosol,100 - 250 m (Sedang),500 - 1000 mm/th (Agak Rendah),15-25% (Agak Curam),Sedang,Purwosari
46,Badan Air,"0,62 - 1.44 km/km2",Litosol,100 - 250 m (Sedang),500 - 1000 mm/th (Agak Rendah),25-40% (Curam),Sedang,Kretek
47,Badan Air,"0,62 - 1.44 km/km2",Litosol,100 - 250 m (Sedang),500 - 1000 mm/th (Agak Rendah),>40% (Sangat Curam),Sedang,Kretek
48,Badan Air,"0,62 - 1.44 km/km2",Litosol,250 - 500 m (Jauh),500 - 1000 mm/th (Agak Rendah),8-15% (Landai),Sedang,Kretek
49,Badan Air,"0,62 - 1.44 km/km2",Litosol,250 - 500 m (Jauh),500 - 1000 mm/th (Agak Rendah),15-25% (Agak Curam),Sedang,Kretek
50,Badan Air,"0,62 - 1.44 km/km2",Litosol,250 - 500 m (Jauh),500 - 1000 mm/th (Agak Rendah),25-40% (Curam),Sedang,Kretek
51,Badan Air,"0,62 - 1.44 km/km2",Litosol,250 - 500 m (Jauh),500 - 1000 mm/th (Agak Rendah),>40% (Sangat Curam),Sedang,Kretek
52,Badan Air,"0,62 - 1.44 km/km2",Fluvisol,>500 m (Sangat Jauh),1000 - 2000 mm/th (Sedang),0-8% (Datar),Sedang,Temon
53,Badan Air,"0,62 - 1.44 km/km2",Fluvisol,>500 m (Sangat Jauh),500 - 1000 mm/th (Agak Rendah),0-8% (Datar),Sedang,Galur
54,Badan Air,"0,62 - 1.44 km/km2",Fluvisol,>500 m (Sangat Jauh),500 - 1000 mm/th (Agak Rendah),8-15% (Landai),Sedang,Galur
55,Badan Air,"0,62 - 1.44 km/km2",Fluvisol,>500 m (Sangat Jauh),500 - 1000 mm/th (Agak Rendah),25-40% (Curam),Sedang,Kretek
56,Badan Air,"0,62 - 1.44 km/km2",Fluvisol,0 - 50 m (Sangat Dekat),1000 - 2000 mm/th (Sedang),0-8% (Datar),Tinggi,Temon
57,Badan Air,"0,62 - 1.44 km/km2",Fluvisol,0 - 50 m (Sangat Dekat),1000 - 2000 mm/th (Sedang),8-15% (Landai),Tinggi,Temon
58,Badan Air,"0,62 - 1.44 km/km2",Fluvisol,0 - 50 m (Sangat Dekat),1000 - 2000 mm/th (Sedang),15-25% (Agak Curam),Tinggi,Temon
59,Badan Air,"0,62 - 1.44 km/km2",Fluvisol,0 - 50 m (Sangat Dekat),1000 - 2000 mm/th (Sedang),25-40% (Curam),Tinggi,Temon
60,Badan Air,"0,62 - 1.44 km/km2",Fluvisol,0 - 50 m (Sangat Dekat),500 - 1000 mm/th (Agak Rendah),0-8% (Datar),Tinggi,Galur
61,Badan Air,"0,62 - 1.44 km/km2",Fluvisol,0 - 50 m (Sangat Dekat),500 - 1000 mm/th (Agak Rendah),8-15% (Landai),Tinggi,Galur
62,Badan Air,"0,62 - 1.44 km/km2",Fluvisol,0 - 50 m (Sangat Dekat),500 - 1000 mm/th (Agak Rendah),15-25% (Agak Curam),Tinggi,Galur
63,Badan Air,"0,62 - 1.44 km/km2",Fluvisol,50 - 100 m (Dekat),1000 - 2000 mm/th (Sedang),0-8% (Datar),Tinggi,Temon
64,Badan Air,"0,62 - 1.44 km/km2",Fluvisol,50 - 100 m (Dekat),1000 - 2000 mm/th (Sedang),8-15% (Landai),Tinggi,Temon
65,Badan Air,"0,62 - 1.44 km/km2",Fluvisol,50 - 100 m (Dekat),500 - 1000 mm/th (Agak Rendah),0-8% (Datar),Tinggi,Galur
66,Badan Air,"0,62 - 1.44 km/km2",Fluvisol,50 - 100 m (Dekat),500 - 1000 mm/th (Agak Rendah),8-15% (Landai),Tinggi,Lendah
67,Badan Air,"0,62 - 1.44 km/km2",Fluvisol,50 - 100 m (Dekat),500 - 1000 mm/th (Agak Rendah),15-25% (Agak Curam),Tinggi,Lendah
68,Badan Air,"0,62 - 1.44 km/km2",Fluvisol,100 - 250 m (Sedang),1000 - 2000 mm/th (Sedang),0-8% (Datar),Tinggi,Temon
69,Badan Air,"0,62 - 1.44 km/km2",Fluvisol,100 - 250 m (Sedang),1000 - 2000 mm/th (Sedang),8-15% (Landai),Tinggi,Temon
70,Badan Air,"0,62 - 1.44 km/km2",Fluvisol,100 - 250 m (Sedang),500 - 1000 mm/th (Agak Rendah),0-8% (Datar),Sedang,Galur
71,Badan Air,"0,62 - 1.44 km/km2",Fluvisol,100 - 250 m (Sedang),500 - 1000 mm/th (Agak Rendah),8-15% (Landai),Sedang,Srandakan
72,Badan Air,"0,62 - 1.44 km/km2",Fluvisol,250 - 500 m (Jauh),1000 - 2000 mm/th (Sedang),0-8% (Datar),Tinggi,Temon
73,Badan Air,"0,62 - 1.44 km/km2",Fluvisol,250 - 500 m (Jauh),500 - 1000 mm/th (Agak Rendah),0-8% (Datar),Sedang,Galur
74,Badan Air,"0,62 - 1.44 km/km2",Fluvisol,250 - 500 m (Jauh),500 - 1000 mm/th (Agak Rendah),8-15% (Landai),Sedang,Galur
75,Badan Air,"0,62 - 1.44 km/km2",Fluvisol,250 - 500 m (Jauh),500 - 1000 mm/th (Agak Rendah),15-25% (Agak Curam),Sedang,Galur
76,Badan Air,"0,62 - 1.44 km/km2",Vertisol,0 - 50 m (Sangat Dekat),500 - 1000 mm/th (Agak Rendah),0-8% (Datar),Tinggi,Semanu
77,Badan Air,"0,62 - 1.44 km/km2",Vertisol,0 - 50 m (Sangat Dekat),500 - 1000 mm/th (Agak Rendah),8-15% (Landai),Tinggi,Semanu
78,Badan Air,"0,62 - 1.44 km/km2",Vertisol,50 - 100 m (Dekat),500 - 1000 mm/th (Agak Rendah),0-8% (Datar),Tinggi,Semanu
79,Badan Air,"0,62 - 1.44 km/km2",Vertisol,50 - 100 m (Dekat),500 - 1000 mm/th (Agak Rendah),8-15% (Landai),Tinggi,Semanu
80,Badan Air,"0,62 - 1.44 km/km2",Vertisol,50 - 100 m (Dekat),500 - 1000 mm/th (Agak Rendah),15-25% (Agak Curam),Tinggi,Semanu
81,Badan Air,"0,62 - 1.44 km/km2",Vertisol,100 - 250 m (Sedang),500 - 1000 mm/th (Agak Rendah),0-8% (Datar),Sedang,Semanu
82,Badan Air,"0,62 - 1.44 km/km2",Vertisol,100 - 250 m (Sedang),500 - 1000 mm/th (Agak Rendah),8-15% (Landai),Sedang,Semanu
83,Badan Air,"0,62 - 1.44 km/km2",Vertisol,250 - 500 m (Jauh),500 - 1000 mm/th (Agak Rendah),0-8% (Datar),Sedang,Semanu
84,Badan Air,"0,62 - 1.44 km/km2",Vertisol,250 - 500 m (Jauh),500 - 1000 mm/th (Agak Rendah),8-15% (Landai),Sedang,Semanu
85,Badan Air,"1,44 - 2,27 km/km2",Litosol,0 - 50 m (Sangat Dekat),1000 - 2000 mm/th (Sedang),25-40% (Curam),Tinggi,Kalibawang
86,Badan Air,"1,44 - 2,27 km/km2",Litosol,0 - 50 m (Sangat Dekat),1000 - 2000 mm/th (Sedang),>40% (Sangat Curam),Tinggi,Kalibawang
87,Badan Air,"1,44 - 2,27 km/km2",Litosol,0 - 50 m (Sangat Dekat),500 - 1000 mm/th (Agak Rendah),0-8% (Datar),Tinggi,Dlingo
88,Badan Air,"1,44 - 2,27 km/km2",Litosol,0 - 50 m (Sangat Dekat),500 - 1000 mm/th (Agak Rendah),8-15% (Landai),Tinggi,Dlingo
89,Badan Air,"1,44 - 2,27 km/km2",Litosol,0 - 50 m (Sangat Dekat),500 - 1000 mm/th (Agak Rendah),15-25% (Agak Curam),Tinggi,Dlingo
90,Badan Air,"1,44 - 2,27 km/km2",Litosol,0 - 50 m (Sangat Dekat),500 - 1000 mm/th (Agak Rendah),25-40% (Curam),Sedang,Dlingo
91,Badan Air,"1,44 - 2,27 km/km2",Litosol,0 - 50 m (Sangat Dekat),500 - 1000 mm/th (Agak Rendah),>40% (Sangat Curam),Sedang,Dlingo
92,Badan Air,"1,44 - 2,27 km/km2",Litosol,50 - 100 m (Dekat),1000 - 2000 mm/th (Sedang),25-40% (Curam),Tinggi,Kalibawang
93,Badan Air,"1,44 - 2,27 km/km2",Litosol,50 - 100 m (Dekat),1000 - 2000 mm/th (Sedang),>40% (Sangat Curam),Tinggi,Kalibawang
94,Badan Air,"1,44 - 2,27 km/km2",Litosol,50 - 100 m (Dekat),500 - 1000 mm/th (Agak Rendah),0-8% (Datar),Sedang,Pajangan
95,Badan Air,"1,44 - 2,27 km/km2",Litosol,50 - 100 m (Dekat),500 - 1000 mm/th (Agak Rendah),8-15% (Landai),Sedang,Ngawen
96,Badan Air,"1,44 - 2,27 km/km2",Litosol,50 - 100 m (Dekat),500 - 1000 mm/th (Agak Rendah),15-25% (Agak Curam),Sedang,Pajangan
97,Badan Air,"1,44 - 2,27 km/km2",Litosol,50 - 100 m (Dekat),500 - 1000 mm/th (Agak Rendah),25-40% (Curam),Sedang,Pajangan
98,Badan Air,"1,44 - 2,27 km/km2",Litosol,50 - 100 m (Dekat),500 - 1000 mm/th (Agak Rendah),>40% (Sangat Curam),Sedang,Sentolo
99,Badan Air,"1,44 - 2,27 km/km2",Litosol,100 - 250 m (Sedang),1000 - 2000 mm/th (Sedang),25-40% (Curam),Sedang,Kalibawang
100,Badan Air,"1,44 - 2,27 km/km2",Litosol,100 - 250 m (Sedang),500 - 1000 mm/th (Agak Rendah),0-8% (Datar),Sedang,Pajangan
101,Badan Air,"1,44 - 2,27 km/km2",Litosol,100 - 250 m (Sedang),500 - 1000 mm/th (Agak Rendah),8-15% (Landai),Sedang,Pajangan
102,Badan Air,"1,44 - 2,27 km/km2",Litosol,100 - 250 m (Sedang),500 - 1000 mm/th (Agak Rendah),15-25% (Agak Curam),Sedang,Pajangan
103,Badan Air,"1,44 - 2,27 km/km2",Litosol,250 - 500 m (Jauh),500 - 1000 mm/th (Agak Rendah),0-8% (Datar),Sedang,Dlingo
104,Badan Air,"1,44 - 2,27 km/km2",Litosol,250 - 500 m (Jauh),500 - 1000 mm/th (Agak Rendah),8-15% (Landai),Sedang,Dlingo
105,Badan Air,"1,44 - 2,27 km/km2",Litosol,250 - 500 m (Jauh),500 - 1000 mm/th (Agak Rendah),15-25% (Agak Curam),Sedang,Dlingo
106,Badan Air,"1,44 - 2,27 km/km2",Gleisol,0 - 50 m (Sangat Dekat),500 - 1000 mm/th (Agak Rendah),0-8% (Datar),Tinggi,Imogiri
107,Badan Air,"1,44 - 2,27 km/km2",Gleisol,0 - 50 m (Sangat Dekat),500 - 1000 mm/th (Agak Rendah),8-15% (Landai),Tinggi,Imogiri
108,Badan Air,"1,44 - 2,27 km/km2",Gleisol,50 - 100 m (Dekat),500 - 1000 mm/th (Agak Rendah),0-8% (Datar),Tinggi,Imogiri
109,Badan Air,"1,44 - 2,27 km/km2",Gleisol,50 - 100 m (Dekat),500 - 1000 mm/th (Agak Rendah),8-15% (Landai),Tinggi,Imogiri
110,Badan Air,"1,44 - 2,27 km/km2",Gleisol,100 - 250 m (Sedang),500 - 1000 mm/th (Agak Rendah),0-8% (Datar),Sedang,Imogiri
111,Badan Air,"1,44 - 2,27 km/km2",Fluvisol,>500 m (Sangat Jauh),500 - 1000 mm/th (Agak Rendah),0-8% (Datar),Sedang,Sanden
112,Badan Air,"1,44 - 2,27 km/km2",Fluvisol,>500 m (Sangat Jauh),500 - 1000 mm/th (Agak Rendah),8-15% (Landai),Sedang,Sanden
113,Badan Air,"1,44 - 2,27 km/km2",Fluvisol,0 - 50 m (Sangat Dekat),1000 - 2000 mm/th (Sedang),0-8% (Datar),Tinggi,Temon
114,Badan Air,"1,44 - 2,27 km/km2",Fluvisol,0 - 50 m (Sangat Dekat),1000 - 2000 mm/th (Sedang),8-15% (Landai),Tinggi,Temon
115,Badan Air,"1,44 - 2,27 km/km2",Fluvisol,0 - 50 m (Sangat Dekat),1000 - 2000 mm/th (Sedang),15-25% (Agak Curam),Tinggi,Temon
116,Badan Air,"1,44 - 2,27 km/km2",Fluvisol,0 - 50 m (Sangat Dekat),500 - 1000 mm/th (Agak Rendah),0-8% (Datar),Tinggi,Galur
117,Badan Air,"1,44 - 2,27 km/km2",Fluvisol,0 - 50 m (Sangat Dekat),500 - 1000 mm/th (Agak Rendah),8-15% (Landai),Tinggi,Galur
118,Badan Air,"1,44 - 2,27 km/km2",Fluvisol,0 - 50 m (Sangat Dekat),500 - 1000 mm/th (Agak Rendah),15-25% (Agak Curam),Tinggi,Galur
119,Badan Air,"1,44 - 2,27 km/km2",Fluvisol,0 - 50 m (Sangat Dekat),500 - 1000 mm/th (Agak Rendah),25-40% (Curam),Tinggi,Galur
120,Badan Air,"1,44 - 2,27 km/km2",Fluvisol,50 - 100 m (Dekat),1000 - 2000 mm/th (Sedang),0-8% (Datar),Tinggi,Wates
121,Badan Air,"1,44 - 2,27 km/km2",Fluvisol,50 - 100 m (Dekat),1000 - 2000 mm/th (Sedang),8-15% (Landai),Tinggi,Wates
122,Badan Air,"1,44 - 2,27 km/km2",Fluvisol,50 - 100 m (Dekat),1000 - 2000 mm/th (Sedang),15-25% (Agak Curam),Tinggi,Wates
123,Badan Air,"1,44 - 2,27 km/km2",Fluvisol,50 - 100 m (Dekat),500 - 1000 mm/th (Agak Rendah),0-8% (Datar),Tinggi,Galur
124,Badan Air,"1,44 - 2,27 km/km2",Fluvisol,50 - 100 m (Dekat),500 - 1000 mm/th (Agak Rendah),8-15% (Landai),Tinggi,Galur
125,Badan Air,"1,44 - 2,27 km/km2",Fluvisol,50 - 100 m (Dekat),500 - 1000 mm/th (Agak Rendah),15-25% (Agak Curam),Tinggi,Galur
126,Badan Air,"1,44 - 2,27 km/km2",Fluvisol,50 - 100 m (Dekat),500 - 1000 mm/th (Agak Rendah),25-40% (Curam),Sedang,Lendah
127,Badan Air,"1,44 - 2,27 km/km2",Fluvisol,100 - 250 m (Sedang),1000 - 2000 mm/th (Sedang),0-8% (Datar),Tinggi,Temon
128,Badan Air,"1,44 - 2,27 km/km2",Fluvisol,100 - 250 m (Sedang),1000 - 2000 mm/th (Sedang),8-15% (Landai),Tinggi,Wates
129,Badan Air,"1,44 - 2,27 km/km2",Fluvisol,100 - 250 m (Sedang),500 - 1000 mm/th (Agak Rendah),0-8% (Datar),Sedang,Galur
130,Badan Air,"1,44 - 2,27 km/km2",Fluvisol,100 - 250 m (Sedang),500 - 1000 mm/th (Agak Rendah),8-15% (Landai),Sedang,Galur
131,Badan Air,"1,44 - 2,27 km/km2",Fluvisol,100 - 250 m (Sedang),500 - 1000 mm/th (Agak Rendah),15-25% (Agak Curam),Sedang,Galur
132,Badan Air,"1,44 - 2,27 km/km2",Fluvisol,250 - 500 m (Jauh),1000 - 2000 mm/th (Sedang),0-8% (Datar),Tinggi,Temon
133,Badan Air,"1,44 - 2,27 km/km2",Fluvisol,250 - 500 m (Jauh),1000 - 2000 mm/th (Sedang),8-15% (Landai),Sedang,Temon
134,Badan Air,"1,44 - 2,27 km/km2",Fluvisol,250 - 500 m (Jauh),1000 - 2000 mm/th (Sedang),15-25% (Agak Curam),Sedang,Temon
135,Badan Air,"1,44 - 2,27 km/km2",Fluvisol,250 - 500 m (Jauh),500 - 1000 mm/th (Agak Rendah),0-8% (Datar),Sedang,Galur
136,Badan Air,"1,44 - 2,27 km/km2",Nitosol,>500 m (Sangat Jauh),1000 - 2000 mm/th (Sedang),0-8% (Datar),Sedang,Kokap
137,Badan Air,"1,44 - 2,27 km/km2",Nitosol,>500 m (Sangat Jauh),1000 - 2000 mm/th (Sedang),8-15% (Landai),Sedang,Kokap
138,Badan Air,"1,44 - 2,27 km/km2",Nitosol,>500 m (Sangat Jauh),1000 - 2000 mm/th (Sedang),15-25% (Agak Curam),Sedang,Kokap
139,Badan Air,"1,44 - 2,27 km/km2",Nitosol,>500 m (Sangat Jauh),1000 - 2000 mm/th (Sedang),25-40% (Curam),Sedang,Kokap
140,Badan Air,"1,44 - 2,27 km/km2",Nitosol,>500 m (Sangat Jauh),1000 - 2000 mm/th (Sedang),>40% (Sangat Curam),Sedang,Kokap
141,Badan Air,"1,44 - 2,27 km/km2",Nitosol,50 - 100 m (Dekat),1000 - 2000 mm/th (Sedang),0-8% (Datar),Tinggi,Kokap
142,Badan Air,"1,44 - 2,27 km/km2",Nitosol,50 - 100 m (Dekat),1000 - 2000 mm/th (Sedang),>40% (Sangat Curam),Tinggi,Kokap
143,Badan Air,"1,44 - 2,27 km/km2",Nitosol,100 - 250 m (Sedang),1000 - 2000 mm/th (Sedang),0-8% (Datar),Tinggi,Kokap
144,Badan Air,"1,44 - 2,27 km/km2",Nitosol,100 - 250 m (Sedang),1000 - 2000 mm/th (Sedang),8-15% (Landai),Tinggi,Kokap
145,Badan Air,"1,44 - 2,27 km/km2",Nitosol,100 - 250 m (Sedang),1000 - 2000 mm/th (Sedang),15-25% (Agak Curam),Tinggi,Kokap
146,Badan Air,"1,44 - 2,27 km/km2",Nitosol,100 - 250 m (Sedang),1000 - 2000 mm/th (Sedang),25-40% (Curam),Sedang,Kokap
147,Badan Air,"1,44 - 2,27 km/km2",Nitosol,100 - 250 m (Sedang),1000 - 2000 mm/th (Sedang),>40% (Sangat Curam),Sedang,Kokap
148,Badan Air,"1,44 - 2,27 km/km2",Nitosol,250 - 500 m (Jauh),1000 - 2000 mm/th (Sedang),0-8% (Datar),Sedang,Kokap
149,Badan Air,"1,44 - 2,27 km/km2",Nitosol,250 - 500 m (Jauh),1000 - 2000 mm/th (Sedang),8-15% (Landai),Sedang,Kokap
150,Badan Air,"1,44 - 2,27 km/km2",Nitosol,250 - 500 m (Jauh),1000 - 2000 mm/th (Sedang),15-25% (Agak Curam),Sedang,Kokap
151,Badan Air,"1,44 - 2,27 km/km2",Nitosol,250 - 500 m (Jauh),1000 - 2000 mm/th (Sedang),25-40% (Curam),Sedang,Kokap
152,Badan Air,"1,44 - 2,27 km/km2",Nitosol,250 - 500 m (Jauh),1000 - 2000 mm/th (Sedang),>40% (Sangat Curam),Sedang,Kokap
153,Badan Air,"1,44 - 2,27 km/km2",Vertisol,0 - 50 m (Sangat Dekat),500 - 1000 mm/th (Agak Rendah),0-8% (Datar),Tinggi,Gedangsari
154,Badan Air,"1,44 - 2,27 km/km2",Vertisol,0 - 50 m (Sangat Dekat),500 - 1000 mm/th (Agak Rendah),8-15% (Landai),Tinggi,Gedangsari
155,Badan Air,"1,44 - 2,27 km/km2",Vertisol,0 - 50 m (Sangat Dekat),500 - 1000 mm/th (Agak Rendah),15-25% (Agak Curam),Tinggi,Gedangsari
156,Badan Air,"1,44 - 2,27 km/km2",Vertisol,0 - 50 m (Sangat Dekat),500 - 1000 mm/th (Agak Rendah),25-40% (Curam),Tinggi,Wonosari
157,Badan Air,"1,44 - 2,27 km/km2",Vertisol,250 - 500 m (Jauh),500 - 1000 mm/th (Agak Rendah),0-8% (Datar),Sedang,Karangmojo
158,Badan Air,"1,44 - 2,27 km/km2",Vertisol,250 - 500 m (Jauh),500 - 1000 mm/th (Agak Rendah),8-15% (Landai),Sedang,Karangmojo
159,Badan Air,"2,27 - 3,10 km/km2",Litosol,0 - 50 m (Sangat Dekat),1000 - 2000 mm/th (Sedang),0-8% (Datar),Tinggi,Pengasih
160,Badan Air,"2,27 - 3,10 km/km2",Litosol,0 - 50 m (Sangat Dekat),1000 - 2000 mm/th (Sedang),8-15% (Landai),Tinggi,Pengasih
161,Badan Air,"2,27 - 3,10 km/km2",Litosol,0 - 50 m (Sangat Dekat),1000 - 2000 mm/th (Sedang),15-25% (Agak Curam),Tinggi,Kalibawang
162,Badan Air,"2,27 - 3,10 km/km2",Litosol,0 - 50 m (Sangat Dekat),1000 - 2000 mm/th (Sedang),25-40% (Curam),Tinggi,Kalibawang
163,Badan Air,"2,27 - 3,10 km/km2",Litosol,0 - 50 m (Sangat Dekat),1000 - 2000 mm/th (Sedang),>40% (Sangat Curam),Tinggi,Kalibawang
164,Badan Air,"2,27 - 3,10 km/km2",Litosol,0 - 50 m (Sangat Dekat),500 - 1000 mm/th (Agak Rendah),0-8% (Datar),Tinggi,Dlingo
165,Badan Air,"2,27 - 3,10 km/km2",Litosol,0 - 50 m (Sangat Dekat),500 - 1000 mm/th (Agak Rendah),8-15% (Landai),Tinggi,Dlingo
166,Badan Air,"2,27 - 3,10 km/km2",Litosol,0 - 50 m (Sangat Dekat),500 - 1000 mm/th (Agak Rendah),15-25% (Agak Curam),Sedang,Dlingo
167,Badan Air,"2,27 - 3,10 km/km2",Litosol,0 - 50 m (Sangat Dekat),500 - 1000 mm/th (Agak Rendah),25-40% (Curam),Sedang,Dlingo
168,Badan Air,"2,27 - 3,10 km/km2",Litosol,0 - 50 m (Sangat Dekat),500 - 1000 mm/th (Agak Rendah),>40% (Sangat Curam),Sedang,Dlingo
169,Badan Air,"2,27 - 3,10 km/km2",Litosol,50 - 100 m (Dekat),500 - 1000 mm/th (Agak Rendah),0-8% (Datar),Sedang,Imogiri
170,Badan Air,"2,27 - 3,10 km/km2",Litosol,50 - 100 m (Dekat),500 - 1000 mm/th (Agak Rendah),8-15% (Landai),Sedang,Imogiri
171,Badan Air,"2,27 - 3,10 km/km2",Litosol,50 - 100 m (Dekat),500 - 1000 mm/th (Agak Rendah),15-25% (Agak Curam),Sedang,Imogiri
172,Badan Air,"2,27 - 3,10 km/km2",Litosol,50 - 100 m (Dekat),500 - 1000 mm/th (Agak Rendah),25-40% (Curam),Sedang,Pajangan
173,Badan Air,"2,27 - 3,10 km/km2",Litosol,50 - 100 m (Dekat),500 - 1000 mm/th (Agak Rendah),>40% (Sangat Curam),Sedang,Dlingo
174,Badan Air,"2,27 - 3,10 km/km2",Litosol,100 - 250 m (Sedang),500 - 1000 mm/th (Agak Rendah),0-8% (Datar),Sedang,Lendah
175,Badan Air,"2,27 - 3,10 km/km2",Litosol,100 - 250 m (Sedang),500 - 1000 mm/th (Agak Rendah),8-15% (Landai),Sedang,Lendah
176,Badan Air,"2,27 - 3,10 km/km2",Litosol,100 - 250 m (Sedang),500 - 1000 mm/th (Agak Rendah),15-25% (Agak Curam),Sedang,Lendah
177,Badan Air,"2,27 - 3,10 km/km2",Litosol,100 - 250 m (Sedang),500 - 1000 mm/th (Agak Rendah),25-40% (Curam),Sedang,Pajangan
178,Badan Air,"2,27 - 3,10 km/km2",Litosol,100 - 250 m (Sedang),500 - 1000 mm/th (Agak Rendah),>40% (Sangat Curam),Sedang,Pajangan
179,Badan Air,"2,27 - 3,10 km/km2",Litosol,250 - 500 m (Jauh),500 - 1000 mm/th (Agak Rendah),0-8% (Datar),Sedang,Pajangan
180,Badan Air,"2,27 - 3,10 km/km2",Litosol,250 - 500 m (Jauh),500 - 1000 mm/th (Agak Rendah),8-15% (Landai),Sedang,Nglipar
181,Badan Air,"2,27 - 3,10 km/km2",Litosol,250 - 500 m (Jauh),500 - 1000 mm/th (Agak Rendah),15-25% (Agak Curam),Sedang,Nglipar
182,Badan Air,"2,27 - 3,10 km/km2",Litosol,250 - 500 m (Jauh),500 - 1000 mm/th (Agak Rendah),25-40% (Curam),Sedang,Nglipar
183,Badan Air,"2,27 - 3,10 km/km2",Gleisol,0 - 50 m (Sangat Dekat),1000 - 2000 mm/th (Sedang),0-8% (Datar),Tinggi,Cangkringan
184,Badan Air,"2,27 - 3,10 km/km2",Gleisol,0 - 50 m (Sangat Dekat),1000 - 2000 mm/th (Sedang),8-15% (Landai),Tinggi,Cangkringan
185,Badan Air,"2,27 - 3,10 km/km2",Gleisol,0 - 50 m (Sangat Dekat),1000 - 2000 mm/th (Sedang),15-25% (Agak Curam),Tinggi,Cangkringan
186,Badan Air,"2,27 - 3,10 km/km2",Gleisol,0 - 50 m (Sangat Dekat),1000 - 2000 mm/th (Sedang),25-40% (Curam),Tinggi,Cangkringan
187,Badan Air,"2,27 - 3,10 km/km2",Gleisol,0 - 50 m (Sangat Dekat),1000 - 2000 mm/th (Sedang),>40% (Sangat Curam),Tinggi,Pakem
188,Badan Air,"2,27 - 3,10 km/km2",Gleisol,0 - 50 m (Sangat Dekat),500 - 1000 mm/th (Agak Rendah),0-8% (Datar),Tinggi,Banguntapan
189,Badan Air,"2,27 - 3,10 km/km2",Gleisol,0 - 50 m (Sangat Dekat),500 - 1000 mm/th (Agak Rendah),8-15% (Landai),Tinggi,Banguntapan
190,Badan Air,"2,27 - 3,10 km/km2",Gleisol,0 - 50 m (Sangat Dekat),500 - 1000 mm/th (Agak Rendah),15-25% (Agak Curam),Tinggi,Imogiri
191,Badan Air,"2,27 - 3,10 km/km2",Gleisol,0 - 50 m (Sangat Dekat),500 - 1000 mm/th (Agak Rendah),25-40% (Curam),Tinggi,Imogiri
192,Badan Air,"2,27 - 3,10 km/km2",Gleisol,0 - 50 m (Sangat Dekat),500 - 1000 mm/th (Agak Rendah),>40% (Sangat Curam),Tinggi,Imogiri
193,Badan Air,"2,27 - 3,10 km/km2",Gleisol,50 - 100 m (Dekat),1000 - 2000 mm/th (Sedang),0-8% (Datar),Tinggi,Cangkringan
194,Badan Air,"2,27 - 3,10 km/km2",Gleisol,50 - 100 m (Dekat),1000 - 2000 mm/th (Sedang),8-15% (Landai),Tinggi,Cangkringan
195,Badan Air,"2,27 - 3,10 km/km2",Gleisol,50 - 100 m (Dekat),1000 - 2000 mm/th (Sedang),25-40% (Curam),Tinggi,Cangkringan
196,Badan Air,"2,27 - 3,10 km/km2",Gleisol,50 - 100 m (Dekat),500 - 1000 mm/th (Agak Rendah),0-8% (Datar),Tinggi,Banguntapan
197,Badan Air,"2,27 - 3,10 km/km2",Gleisol,50 - 100 m (Dekat),500 - 1000 mm/th (Agak Rendah),8-15% (Landai),Sedang,Banguntapan
198,Badan Air,"2,27 - 3,10 km/km2",Gleisol,50 - 100 m (Dekat),500 - 1000 mm/th (Agak Rendah),15-25% (Agak Curam),Sedang,Banguntapan
199,Badan Air,"2,27 - 3,10 km/km2",Gleisol,100 - 250 m (Sedang),500 - 1000 mm/th (Agak Rendah),0-8% (Datar),Sedang,Banguntapan
200,Badan Air,"2,27 - 3,10 km/km2",Gleisol,100 - 250 m (Sedang),500 - 1000 mm/th (Agak Rendah),8-15% (Landai),Sedang,Banguntapan
201,Badan Air,"2,27 - 3,10 km/km2",Gleisol,100 - 250 m (Sedang),500 - 1000 mm/th (Agak Rendah),15-25% (Agak Curam),Sedang,Banguntapan
202,Badan Air,"2,27 - 3,10 km/km2",Fluvisol,0 - 50 m (Sangat Dekat),1000 - 2000 mm/th (Sedang),0-8% (Datar),Tinggi,Temon
203,Badan Air,"2,27 - 3,10 km/km2",Fluvisol,0 - 50 m (Sangat Dekat),1000 - 2000 mm/th (Sedang),8-15% (Landai),Tinggi,Temon
204,Badan Air,"2,27 - 3,10 km/km2",Fluvisol,0 - 50 m (Sangat Dekat),1000 - 2000 mm/th (Sedang),15-25% (Agak Curam),Tinggi,Temon
205,Badan Air,"2,27 - 3,10 km/km2",Fluvisol,0 - 50 m (Sangat Dekat),1000 - 2000 mm/th (Sedang),25-40% (Curam),Tinggi,Temon
206,Badan Air,"2,27 - 3,10 km/km2",Fluvisol,0 - 50 m (Sangat Dekat),500 - 1000 mm/th (Agak Rendah),0-8% (Datar),Tinggi,Kretek
207,Badan Air,"2,27 - 3,10 km/km2",Fluvisol,0 - 50 m (Sangat Dekat),500 - 1000 mm/th (Agak Rendah),8-15% (Landai),Tinggi,Kretek
208,Badan Air,"2,27 - 3,10 km/km2",Fluvisol,0 - 50 m (Sangat Dekat),500 - 1000 mm/th (Agak Rendah),15-25% (Agak Curam),Tinggi,Kretek
209,Badan Air,"2,27 - 3,10 km/km2",Fluvisol,0 - 50 m (Sangat Dekat),500 - 1000 mm/th (Agak Rendah),25-40% (Curam),Tinggi,Kretek
210,Badan Air,"2,27 - 3,10 km/km2",Fluvisol,50 - 100 m (Dekat),1000 - 2000 mm/th (Sedang),0-8% (Datar),Tinggi,Wates
211,Badan Air,"2,27 - 3,10 km/km2",Fluvisol,50 - 100 m (Dekat),1000 - 2000 mm/th (Sedang),8-15% (Landai),Tinggi,Wates
212,Badan Air,"2,27 - 3,10 km/km2",Fluvisol,50 - 100 m (Dekat),1000 - 2000 mm/th (Sedang),15-25% (Agak Curam),Tinggi,Wates
213,Badan Air,"2,27 - 3,10 km/km2",Fluvisol,50 - 100 m (Dekat),500 - 1000 mm/th (Agak Rendah),0-8% (Datar),Tinggi,Kretek
214,Badan Air,"2,27 - 3,10 km/km2",Fluvisol,50 - 100 m (Dekat),500 - 1000 mm/th (Agak Rendah),8-15% (Landai),Sedang,Kretek
215,Badan Air,"2,27 - 3,10 km/km2",Fluvisol,50 - 100 m (Dekat),500 - 1000 mm/th (Agak Rendah),15-25% (Agak Curam),Sedang,Kretek
216,Badan Air,"2,27 - 3,10 km/km2",Fluvisol,50 - 100 m (Dekat),500 - 1000 mm/th (Agak Rendah),25-40% (Curam),Sedang,Kretek
217,Badan Air,"2,27 - 3,10 km/km2",Fluvisol,100 - 250 m (Sedang),1000 - 2000 mm/th (Sedang),0-8% (Datar),Tinggi,Temon
218,Badan Air,"2,27 - 3,10 km/km2",Fluvisol,100 - 250 m (Sedang),1000 - 2000 mm/th (Sedang),8-15% (Landai),Tinggi,Wates
219,Badan Air,"2,27 - 3,10 km/km2",Fluvisol,100 - 250 m (Sedang),500 - 1000 mm/th (Agak Rendah),0-8% (Datar),Sedang,Lendah
220,Badan Air,"2,27 - 3,10 km/km2",Fluvisol,100 - 250 m (Sedang),500 - 1000 mm/th (Agak Rendah),8-15% (Landai),Sedang,Kretek
221,Badan Air,"2,27 - 3,10 km/km2",Fluvisol,100 - 250 m (Sedang),500 - 1000 mm/th (Agak Rendah),15-25% (Agak Curam),Sedang,Kretek
222,Badan Air,"2,27 - 3,10 km/km2",Fluvisol,250 - 500 m (Jauh),500 - 1000 mm/th (Agak Rendah),0-8% (Datar),Sedang,Lendah
223,Badan Air,"2,27 - 3,10 km/km2",Nitosol,0 - 50 m (Sangat Dekat),1000 - 2000 mm/th (Sedang),0-8% (Datar),Tinggi,Pengasih
224,Badan Air,"2,27 - 3,10 km/km2",Nitosol,0 - 50 m (Sangat Dekat),1000 - 2000 mm/th (Sedang),8-15% (Landai),Tinggi,Pengasih
225,Badan Air,"2,27 - 3,10 km/km2",Nitosol,0 - 50 m (Sangat Dekat),1000 - 2000 mm/th (Sedang),15-25% (Agak Curam),Tinggi,Pengasih
226,Badan Air,"2,27 - 3,10 km/km2",Nitosol,0 - 50 m (Sangat Dekat),1000 - 2000 mm/th (Sedang),25-40% (Curam),Tinggi,Pengasih
227,Badan Air,"2,27 - 3,10 km/km2",Vertisol,0 - 50 m (Sangat Dekat),500 - 1000 mm/th (Agak Rendah),0-8% (Datar),Tinggi,Gedangsari
228,Badan Air,"2,27 - 3,10 km/km2",Vertisol,0 - 50 m (Sangat Dekat),500 - 1000 mm/th (Agak Rendah),8-15% (Landai),Tinggi,Gedangsari
229,Badan Air,"2,27 - 3,10 km/km2",Vertisol,0 - 50 m (Sangat Dekat),500 - 1000 mm/th (Agak Rendah),15-25% (Agak Curam),Tinggi,Gedangsari
230,Badan Air,"2,27 - 3,10 km/km2",Vertisol,0 - 50 m (Sangat Dekat),500 - 1000 mm/th (Agak Rendah),25-40% (Curam),Tinggi,Gedangsari
231,Badan Air,">3,10 km/km2",Litosol,0 - 50 m (Sangat Dekat),1000 - 2000 mm/th (Sedang),0-8% (Datar),Tinggi,Kalibawang
232,Badan Air,">3,10 km/km2",Litosol,0 - 50 m (Sangat Dekat),1000 - 2000 mm/th (Sedang),8-15% (Landai),Tinggi,Kalibawang
233,Badan Air,">3,10 km/km2",Litosol,0 - 50 m (Sangat Dekat),1000 - 2000 mm/th (Sedang),15-25% (Agak Curam),Tinggi,Kalibawang
234,Badan Air,">3,10 km/km2",Litosol,0 - 50 m (Sangat Dekat),1000 - 2000 mm/th (Sedang),25-40% (Curam),Tinggi,Kalibawang
235,Badan Air,">3,10 km/km2",Litosol,0 - 50 m (Sangat Dekat),1000 - 2000 mm/th (Sedang),>40% (Sangat Curam),Tinggi,Kalibawang
236,Badan Air,">3,10 km/km2",Litosol,0 - 50 m (Sangat Dekat),500 - 1000 mm/th (Agak Rendah),0-8% (Datar),Sedang,Pajangan
237,Badan Air,">3,10 km/km2",Litosol,0 - 50 m (Sangat Dekat),500 - 1000 mm/th (Agak Rendah),8-15% (Landai),Sedang,Pajangan
238,Badan Air,">3,10 km/km2",Litosol,0 - 50 m (Sangat Dekat),500 - 1000 mm/th (Agak Rendah),15-25% (Agak Curam),Sedang,Pajangan
239,Badan Air,">3,10 km/km2",Litosol,0 - 50 m (Sangat Dekat),500 - 1000 mm/th (Agak Rendah),25-40% (Curam),Sedang,Pajangan
240,Badan Air,">3,10 km/km2",Litosol,0 - 50 m (Sangat Dekat),500 - 1000 mm/th (Agak Rendah),>40% (Sangat Curam),Sedang,Sentolo
241,Badan Air,">3,10 km/km2",Litosol,50 - 100 m (Dekat),1000 - 2000 mm/th (Sedang),0-8% (Datar),Tinggi,Kalibawang
242,Badan Air,">3,10 km/km2",Litosol,50 - 100 m (Dekat),1000 - 2000 mm/th (Sedang),8-15% (Landai),Tinggi,Kalibawang
243,Badan Air,">3,10 km/km2",Litosol,50 - 100 m (Dekat),1000 - 2000 mm/th (Sedang),15-25% (Agak Curam),Sedang,Kalibawang
244,Badan Air,">3,10 km/km2",Litosol,50 - 100 m (Dekat),1000 - 2000 mm/th (Sedang),25-40% (Curam),Sedang,Kalibawang
245,Badan Air,">3,10 km/km2",Litosol,50 - 100 m (Dekat),1000 - 2000 mm/th (Sedang),>40% (Sangat Curam),Sedang,Kalibawang
246,Badan Air,">3,10 km/km2",Litosol,50 - 100 m (Dekat),500 - 1000 mm/th (Agak Rendah),0-8% (Datar),Sedang,Pajangan
247,Badan Air,">3,10 km/km2",Litosol,50 - 100 m (Dekat),500 - 1000 mm/th (Agak Rendah),8-15% (Landai),Sedang,Pajangan
248,Badan Air,">3,10 km/km2",Litosol,50 - 100 m (Dekat),500 - 1000 mm/th (Agak Rendah),15-25% (Agak Curam),Sedang,Pajangan
249,Badan Air,">3,10 km/km2",Litosol,50 - 100 m (Dekat),500 - 1000 mm/th (Agak Rendah),25-40% (Curam),Sedang,Pajangan
250,Badan Air,">3,10 km/km2",Litosol,50 - 100 m (Dekat),500 - 1000 mm/th (Agak Rendah),>40% (Sangat Curam),Sedang,Sedayu
251,Badan Air,">3,10 km/km2",Litosol,100 - 250 m (Sedang),1000 - 2000 mm/th (Sedang),0-8% (Datar),Sedang,Kalibawang
252,Badan Air,">3,10 km/km2",Litosol,100 - 250 m (Sedang),1000 - 2000 mm/th (Sedang),8-15% (Landai),Sedang,Kalibawang
253,Badan Air,">3,10 km/km2",Litosol,100 - 250 m (Sedang),1000 - 2000 mm/th (Sedang),15-25% (Agak Curam),Sedang,Kalibawang
254,Badan Air,">3,10 km/km2",Litosol,100 - 250 m (Sedang),1000 - 2000 mm/th (Sedang),25-40% (Curam),Sedang,Samigaluh
255,Badan Air,">3,10 km/km2",Litosol,100 - 250 m (Sedang),500 - 1000 mm/th (Agak Rendah),0-8% (Datar),Sedang,Lendah
256,Badan Air,">3,10 km/km2",Litosol,100 - 250 m (Sedang),500 - 1000 mm/th (Agak Rendah),8-15% (Landai),Sedang,Lendah
257,Badan Air,">3,10 km/km2",Litosol,100 - 250 m (Sedang),500 - 1000 mm/th (Agak Rendah),15-25% (Agak Curam),Sedang,Patuk
258,Badan Air,">3,10 km/km2",Litosol,100 - 250 m (Sedang),500 - 1000 mm/th (Agak Rendah),25-40% (Curam),Sedang,Patuk
259,Badan Air,">3,10 km/km2",Litosol,100 - 250 m (Sedang),500 - 1000 mm/th (Agak Rendah),>40% (Sangat Curam),Sedang,Sedayu
260,Badan Air,">3,10 km/km2",Litosol,250 - 500 m (Jauh),500 - 1000 mm/th (Agak Rendah),0-8% (Datar),Sedang,Lendah
261,Badan Air,">3,10 km/km2",Litosol,250 - 500 m (Jauh),500 - 1000 mm/th (Agak Rendah),8-15% (Landai),Sedang,Lendah
262,Badan Air,">3,10 km/km2",Litosol,250 - 500 m (Jauh),500 - 1000 mm/th (Agak Rendah),15-25% (Agak Curam),Sedang,Lendah
263,Badan Air,">3,10 km/km2",Gleisol,>500 m (Sangat Jauh),1000 - 2000 mm/th (Sedang),0-8% (Datar),Sedang,Mlati
264,Badan Air,">3,10 km/km2",Gleisol,>500 m (Sangat Jauh),1000 - 2000 mm/th (Sedang),8-15% (Landai),Sedang,Mlati
265,Badan Air,">3,10 km/km2",Gleisol,>500 m (Sangat Jauh),500 - 1000 mm/th (Agak Rendah),0-8% (Datar),Sedang,Sewon
266,Badan Air,">3,10 km/km2",Gleisol,0 - 50 m (Sangat Dekat),1000 - 2000 mm/th (Sedang),0-8% (Datar),Tinggi,Cangkringan
267,Badan Air,">3,10 km/km2",Gleisol,0 - 50 m (Sangat Dekat),1000 - 2000 mm/th (Sedang),8-15% (Landai),Tinggi,Cangkringan
268,Badan Air,">3,10 km/km2",Gleisol,0 - 50 m (Sangat Dekat),1000 - 2000 mm/th (Sedang),15-25% (Agak Curam),Tinggi,Cangkringan
269,Badan Air,">3,10 km/km2",Gleisol,0 - 50 m (Sangat Dekat),1000 - 2000 mm/th (Sedang),25-40% (Curam),Tinggi,Cangkringan
270,Badan Air,">3,10 km/km2",Gleisol,0 - 50 m (Sangat Dekat),1000 - 2000 mm/th (Sedang),>40% (Sangat Curam),Tinggi,Cangkringan
271,Badan Air,">3,10 km/km2",Gleisol,0 - 50 m (Sangat Dekat),500 - 1000 mm/th (Agak Rendah),0-8% (Datar),Tinggi,Banguntapan
272,Badan Air,">3,10 km/km2",Gleisol,0 - 50 m (Sangat Dekat),500 - 1000 mm/th (Agak Rendah),8-15% (Landai),Tinggi,Banguntapan
273,Badan Air,">3,10 km/km2",Gleisol,0 - 50 m (Sangat Dekat),500 - 1000 mm/th (Agak Rendah),15-25% (Agak Curam),Tinggi,Berbah
274,Badan Air,">3,10 km/km2",Gleisol,0 - 50 m (Sangat Dekat),500 - 1000 mm/th (Agak Rendah),25-40% (Curam),Sedang,Berbah
275,Badan Air,">3,10 km/km2",Gleisol,0 - 50 m (Sangat Dekat),500 - 1000 mm/th (Agak Rendah),>40% (Sangat Curam),Sedang,Imogiri
276,Badan Air,">3,10 km/km2",Gleisol,50 - 100 m (Dekat),1000 - 2000 mm/th (Sedang),0-8% (Datar),Tinggi,Turi
277,Badan Air,">3,10 km/km2",Gleisol,50 - 100 m (Dekat),1000 - 2000 mm/th (Sedang),8-15% (Landai),Tinggi,Cangkringan
278,Badan Air,">3,10 km/km2",Gleisol,50 - 100 m (Dekat),1000 - 2000 mm/th (Sedang),15-25% (Agak Curam),Tinggi,Cangkringan
279,Badan Air,">3,10 km/km2",Gleisol,50 - 100 m (Dekat),1000 - 2000 mm/th (Sedang),25-40% (Curam),Tinggi,Cangkringan
280,Badan Air,">3,10 km/km2",Gleisol,50 - 100 m (Dekat),1000 - 2000 mm/th (Sedang),>40% (Sangat Curam),Tinggi,Cangkringan
281,Badan Air,">3,10 km/km2",Gleisol,50 - 100 m (Dekat),500 - 1000 mm/th (Agak Rendah),0-8% (Datar),Sedang,Banguntapan
282,Badan Air,">3,10 km/km2",Gleisol,50 - 100 m (Dekat),500 - 1000 mm/th (Agak Rendah),8-15% (Landai),Sedang,Berbah
283,Badan Air,">3,10 km/km2",Gleisol,50 - 100 m (Dekat),500 - 1000 mm/th (Agak Rendah),15-25% (Agak Curam),Sedang,Berbah
284,Badan Air,">3,10 km/km2",Gleisol,50 - 100 m (Dekat),500 - 1000 mm/th (Agak Rendah),25-40% (Curam),Sedang,Berbah
285,Badan Air,">3,10 km/km2",Gleisol,100 - 250 m (Sedang),1000 - 2000 mm/th (Sedang),0-8% (Datar),Tinggi,Ngaglik
286,Badan Air,">3,10 km/km2",Gleisol,100 - 250 m (Sedang),1000 - 2000 mm/th (Sedang),8-15% (Landai),Sedang,Cangkringan
287,Badan Air,">3,10 km/km2",Gleisol,100 - 250 m (Sedang),1000 - 2000 mm/th (Sedang),15-25% (Agak Curam),Sedang,Cangkringan
288,Badan Air,">3,10 km/km2",Gleisol,100 - 250 m (Sedang),1000 - 2000 mm/th (Sedang),25-40% (Curam),Sedang,Cangkringan
289,Badan Air,">3,10 km/km2",Gleisol,100 - 250 m (Sedang),1000 - 2000 mm/th (Sedang),>40% (Sangat Curam),Sedang,Cangkringan
290,Badan Air,">3,10 km/km2",Gleisol,250 - 500 m (Jauh),1000 - 2000 mm/th (Sedang),0-8% (Datar),Sedang,Pakem
291,Badan Air,">3,10 km/km2",Gleisol,250 - 500 m (Jauh),1000 - 2000 mm/th (Sedang),8-15% (Landai),Sedang,Pakem
292,Badan Air,">3,10 km/km2",Gleisol,250 - 500 m (Jauh),1000 - 2000 mm/th (Sedang),15-25% (Agak Curam),Sedang,Pakem
293,Badan Air,">3,10 km/km2",Gleisol,250 - 500 m (Jauh),1000 - 2000 mm/th (Sedang),25-40% (Curam),Sedang,Pakem
294,Badan Air,">3,10 km/km2",Gleisol,250 - 500 m (Jauh),500 - 1000 mm/th (Agak Rendah),0-8% (Datar),Sedang,Berbah
295,Badan Air,">3,10 km/km2",Fluvisol,0 - 50 m (Sangat Dekat),500 - 1000 mm/th (Agak Rendah),0-8% (Datar),Tinggi,Kretek
296,Badan Air,">3,10 km/km2",Fluvisol,0 - 50 m (Sangat Dekat),500 - 1000 mm/th (Agak Rendah),8-15% (Landai),Tinggi,Kretek
297,Badan Air,">3,10 km/km2",Fluvisol,0 - 50 m (Sangat Dekat),500 - 1000 mm/th (Agak Rendah),15-25% (Agak Curam),Tinggi,Kretek
298,Badan Air,">3,10 km/km2",Fluvisol,0 - 50 m (Sangat Dekat),500 - 1000 mm/th (Agak Rendah),25-40% (Curam),Sedang,Kretek
299,Badan Air,">3,10 km/km2",Fluvisol,50 - 100 m (Dekat),500 - 1000 mm/th (Agak Rendah),0-8% (Datar),Sedang,Kretek
300,Badan Air,">3,10 km/km2",Fluvisol,50 - 100 m (Dekat),500 - 1000 mm/th (Agak Rendah),8-15% (Landai),Sedang,Kretek
301,Badan Air,">3,10 km/km2",Fluvisol,50 - 100 m (Dekat),500 - 1000 mm/th (Agak Rendah),15-25% (Agak Curam),Sedang,Kretek
302,Badan Air,">3,10 km/km2",Fluvisol,50 - 100 m (Dekat),500 - 1000 mm/th (Agak Rendah),25-40% (Curam),Sedang,Kretek
303,Badan Air,">3,10 km/km2",Fluvisol,100 - 250 m (Sedang),500 - 1000 mm/th (Agak Rendah),0-8% (Datar),Sedang,Lendah
304,Badan Air,">3,10 km/km2",Fluvisol,100 - 250 m (Sedang),500 - 1000 mm/th (Agak Rendah),8-15% (Landai),Sedang,Lendah
305,Badan Air,">3,10 km/km2",Fluvisol,250 - 500 m (Jauh),500 - 1000 mm/th (Agak Rendah),0-8% (Datar),Sedang,Srandakan
306,Badan Air,">3,10 km/km2",Nitosol,0 - 50 m (Sangat Dekat),1000 - 2000 mm/th (Sedang),0-8% (Datar),Tinggi,Nanggulan
307,Badan Air,">3,10 km/km2",Nitosol,0 - 50 m (Sangat Dekat),1000 - 2000 mm/th (Sedang),8-15% (Landai),Tinggi,Nanggulan
308,Badan Air,">3,10 km/km2",Nitosol,0 - 50 m (Sangat Dekat),1000 - 2000 mm/th (Sedang),15-25% (Agak Curam),Tinggi,Nanggulan
309,Badan Air,">3,10 km/km2",Nitosol,0 - 50 m (Sangat Dekat),1000 - 2000 mm/th (Sedang),25-40% (Curam),Tinggi,Pengasih
310,Badan Air,">3,10 km/km2",Nitosol,100 - 250 m (Sedang),1000 - 2000 mm/th (Sedang),>40% (Sangat Curam),Sedang,Kokap
311,Hutan Lahan Kering,"<0,62 km/km2",Litosol,>500 m (Sangat Jauh),500 - 1000 mm/th (Agak Rendah),0-8% (Datar),Rendah,Girisubo
312,Hutan Lahan Kering,"<0,62 km/km2",Litosol,>500 m (Sangat Jauh),500 - 1000 mm/th (Agak Rendah),8-15% (Landai),Rendah,Girisubo
313,Hutan Lahan Kering,"<0,62 km/km2",Litosol,>500 m (Sangat Jauh),500 - 1000 mm/th (Agak Rendah),15-25% (Agak Curam),Rendah,Girisubo
314,Hutan Lahan Kering,"<0,62 km/km2",Litosol,>500 m (Sangat Jauh),500 - 1000 mm/th (Agak Rendah),25-40% (Curam),Rendah,Girisubo
315,Hutan Lahan Kering,"<0,62 km/km2",Litosol,>500 m (Sangat Jauh),500 - 1000 mm/th (Agak Rendah),>40% (Sangat Curam),Rendah,Girisubo
316,Hutan Lahan Kering,"<0,62 km/km2",Litosol,0 - 50 m (Sangat Dekat),500 - 1000 mm/th (Agak Rendah),0-8% (Datar),Sedang,Girisubo
317,Hutan Lahan Kering,"<0,62 km/km2",Litosol,0 - 50 m (Sangat Dekat),500 - 1000 mm/th (Agak Rendah),8-15% (Landai),Sedang,Girisubo
318,Hutan Lahan Kering,"<0,62 km/km2",Litosol,0 - 50 m (Sangat Dekat),500 - 1000 mm/th (Agak Rendah),15-25% (Agak Curam),Sedang,Girisubo
319,Hutan Lahan Kering,"<0,62 km/km2",Litosol,0 - 50 m (Sangat Dekat),500 - 1000 mm/th (Agak Rendah),25-40% (Curam),Sedang,Girisubo
320,Hutan Lahan Kering,"<0,62 km/km2",Litosol,0 - 50 m (Sangat Dekat),500 - 1000 mm/th (Agak Rendah),>40% (Sangat Curam),Sedang,Girisubo
321,Hutan Lahan Kering,"<0,62 km/km2",Litosol,50 - 100 m (Dekat),500 - 1000 mm/th (Agak Rendah),0-8% (Datar),Sedang,Girisubo
322,Hutan Lahan Kering,"<0,62 km/km2",Litosol,50 - 100 m (Dekat),500 - 1000 mm/th (Agak Rendah),8-15% (Landai),Sedang,Girisubo
323,Hutan Lahan Kering,"<0,62 km/km2",Litosol,50 - 100 m (Dekat),500 - 1000 mm/th (Agak Rendah),15-25% (Agak Curam),Sedang,Girisubo
324,Hutan Lahan Kering,"<0,62 km/km2",Litosol,50 - 100 m (Dekat),500 - 1000 mm/th (Agak Rendah),25-40% (Curam),Sedang,Girisubo
325,Hutan Lahan Kering,"<0,62 km/km2",Litosol,50 - 100 m (Dekat),500 - 1000 mm/th (Agak Rendah),>40% (Sangat Curam),Sedang,Girisubo
326,Hutan Lahan Kering,"<0,62 km/km2",Litosol,100 - 250 m (Sedang),500 - 1000 mm/th (Agak Rendah),0-8% (Datar),Sedang,Girisubo
327,Hutan Lahan Kering,"<0,62 km/km2",Litosol,100 - 250 m (Sedang),500 - 1000 mm/th (Agak Rendah),8-15% (Landai),Sedang,Girisubo
328,Hutan Lahan Kering,"<0,62 km/km2",Litosol,100 - 250 m (Sedang),500 - 1000 mm/th (Agak Rendah),15-25% (Agak Curam),Sedang,Girisubo
329,Hutan Lahan Kering,"<0,62 km/km2",Litosol,100 - 250 m (Sedang),500 - 1000 mm/th (Agak Rendah),25-40% (Curam),Sedang,Girisubo
330,Hutan Lahan Kering,"<0,62 km/km2",Litosol,100 - 250 m (Sedang),500 - 1000 mm/th (Agak Rendah),>40% (Sangat Curam),Rendah,Girisubo
331,Hutan Lahan Kering,"<0,62 km/km2",Litosol,250 - 500 m (Jauh),500 - 1000 mm/th (Agak Rendah),0-8% (Datar),Rendah,Girisubo
332,Hutan Lahan Kering,"<0,62 km/km2",Litosol,250 - 500 m (Jauh),500 - 1000 mm/th (Agak Rendah),8-15% (Landai),Rendah,Girisubo
333,Hutan Lahan Kering,"<0,62 km/km2",Litosol,250 - 500 m (Jauh),500 - 1000 mm/th (Agak Rendah),15-25% (Agak Curam),Rendah,Girisubo
334,Hutan Lahan Kering,"<0,62 km/km2",Litosol,250 - 500 m (Jauh),500 - 1000 mm/th (Agak Rendah),25-40% (Curam),Rendah,Girisubo
335,Hutan Lahan Kering,"<0,62 km/km2",Litosol,250 - 500 m (Jauh),500 - 1000 mm/th (Agak Rendah),>40% (Sangat Curam),Rendah,Girisubo
336,Hutan Lahan Kering,"<0,62 km/km2",Fluvisol,>500 m (Sangat Jauh),1000 - 2000 mm/th (Sedang),8-15% (Landai),Sedang,Kokap
337,Hutan Lahan Kering,"<0,62 km/km2",Fluvisol,>500 m (Sangat Jauh),1000 - 2000 mm/th (Sedang),15-25% (Agak Curam),Sedang,Kokap
338,Hutan Lahan Kering,"<0,62 km/km2",Fluvisol,>500 m (Sangat Jauh),1000 - 2000 mm/th (Sedang),25-40% (Curam),Sedang,Kokap
339,Hutan Lahan Kering,"<0,62 km/km2",Fluvisol,>500 m (Sangat Jauh),1000 - 2000 mm/th (Sedang),>40% (Sangat Curam),Sedang,Kokap
340,Hutan Lahan Kering,"<0,62 km/km2",Fluvisol,>500 m (Sangat Jauh),500 - 1000 mm/th (Agak Rendah),0-8% (Datar),Rendah,Lendah
341,Hutan Lahan Kering,"<0,62 km/km2",Fluvisol,>500 m (Sangat Jauh),500 - 1000 mm/th (Agak Rendah),8-15% (Landai),Rendah,Lendah
342,Hutan Lahan Kering,"<0,62 km/km2",Fluvisol,>500 m (Sangat Jauh),500 - 1000 mm/th (Agak Rendah),15-25% (Agak Curam),Rendah,Sentolo
343,Hutan Lahan Kering,"<0,62 km/km2",Fluvisol,0 - 50 m (Sangat Dekat),1000 - 2000 mm/th (Sedang),0-8% (Datar),Tinggi,Temon
344,Hutan Lahan Kering,"<0,62 km/km2",Fluvisol,0 - 50 m (Sangat Dekat),1000 - 2000 mm/th (Sedang),8-15% (Landai),Tinggi,Temon
345,Hutan Lahan Kering,"<0,62 km/km2",Fluvisol,50 - 100 m (Dekat),1000 - 2000 mm/th (Sedang),0-8% (Datar),Tinggi,Temon
346,Hutan Lahan Kering,"<0,62 km/km2",Fluvisol,50 - 100 m (Dekat),1000 - 2000 mm/th (Sedang),8-15% (Landai),Tinggi,Temon
347,Hutan Lahan Kering,"<0,62 km/km2",Fluvisol,50 - 100 m (Dekat),1000 - 2000 mm/th (Sedang),15-25% (Agak Curam),Sedang,Temon
348,Hutan Lahan Kering,"<0,62 km/km2",Fluvisol,100 - 250 m (Sedang),1000 - 2000 mm/th (Sedang),0-8% (Datar),Sedang,Temon
349,Hutan Lahan Kering,"<0,62 km/km2",Fluvisol,100 - 250 m (Sedang),1000 - 2000 mm/th (Sedang),8-15% (Landai),Sedang,Temon
350,Hutan Lahan Kering,"<0,62 km/km2",Fluvisol,100 - 250 m (Sedang),1000 - 2000 mm/th (Sedang),15-25% (Agak Curam),Sedang,Temon
351,Hutan Lahan Kering,"<0,62 km/km2",Fluvisol,250 - 500 m (Jauh),1000 - 2000 mm/th (Sedang),0-8% (Datar),Sedang,Temon
352,Hutan Lahan Kering,"<0,62 km/km2",Fluvisol,250 - 500 m (Jauh),1000 - 2000 mm/th (Sedang),8-15% (Landai),Sedang,Kokap
353,Hutan Lahan Kering,"<0,62 km/km2",Fluvisol,250 - 500 m (Jauh),1000 - 2000 mm/th (Sedang),15-25% (Agak Curam),Sedang,Kokap
354,Hutan Lahan Kering,"<0,62 km/km2",Fluvisol,250 - 500 m (Jauh),1000 - 2000 mm/th (Sedang),25-40% (Curam),Sedang,Kokap
355,Hutan Lahan Kering,"<0,62 km/km2",Fluvisol,250 - 500 m (Jauh),1000 - 2000 mm/th (Sedang),>40% (Sangat Curam),Sedang,Kokap
356,Hutan Lahan Kering,"<0,62 km/km2",Nitosol,>500 m (Sangat Jauh),1000 - 2000 mm/th (Sedang),8-15% (Landai),Sedang,Kokap
357,Hutan Lahan Kering,"<0,62 km/km2",Nitosol,>500 m (Sangat Jauh),1000 - 2000 mm/th (Sedang),15-25% (Agak Curam),Sedang,Kokap
358,Hutan Lahan Kering,"<0,62 km/km2",Nitosol,>500 m (Sangat Jauh),1000 - 2000 mm/th (Sedang),25-40% (Curam),Rendah,Kokap
359,Hutan Lahan Kering,"<0,62 km/km2",Nitosol,>500 m (Sangat Jauh),1000 - 2000 mm/th (Sedang),>40% (Sangat Curam),Rendah,Kokap
360,Hutan Lahan Kering,"<0,62 km/km2",Nitosol,100 - 250 m (Sedang),1000 - 2000 mm/th (Sedang),15-25% (Agak Curam),Sedang,Kokap
361,Hutan Lahan Kering,"<0,62 km/km2",Nitosol,100 - 250 m (Sedang),1000 - 2000 mm/th (Sedang),25-40% (Curam),Sedang,Kokap
362,Hutan Lahan Kering,"<0,62 km/km2",Nitosol,100 - 250 m (Sedang),1000 - 2000 mm/th (Sedang),>40% (Sangat Curam),Sedang,Kokap
363,Hutan Lahan Kering,"<0,62 km/km2",Nitosol,250 - 500 m (Jauh),1000 - 2000 mm/th (Sedang),15-25% (Agak Curam),Sedang,Kokap
364,Hutan Lahan Kering,"<0,62 km/km2",Nitosol,250 - 500 m (Jauh),1000 - 2000 mm/th (Sedang),25-40% (Curam),Sedang,Kokap
365,Hutan Lahan Kering,"<0,62 km/km2",Nitosol,250 - 500 m (Jauh),1000 - 2000 mm/th (Sedang),>40% (Sangat Curam),Sedang,Kokap
366,Hutan Lahan Kering,"<0,62 km/km2",Vertisol,>500 m (Sangat Jauh),500 - 1000 mm/th (Agak Rendah),0-8% (Datar),Rendah,Semanu
367,Hutan Lahan Kering,"<0,62 km/km2",Vertisol,>500 m (Sangat Jauh),500 - 1000 mm/th (Agak Rendah),8-15% (Landai),Rendah,Semanu
368,Hutan Lahan Kering,"<0,62 km/km2",Vertisol,>500 m (Sangat Jauh),500 - 1000 mm/th (Agak Rendah),15-25% (Agak Curam),Rendah,Semanu
369,Hutan Lahan Kering,"<0,62 km/km2",Vertisol,>500 m (Sangat Jauh),500 - 1000 mm/th (Agak Rendah),25-40% (Curam),Rendah,Semanu
370,Hutan Lahan Kering,"<0,62 km/km2",Vertisol,>500 m (Sangat Jauh),500 - 1000 mm/th (Agak Rendah),>40% (Sangat Curam),Rendah,Semanu
371,Hutan Lahan Kering,"<0,62 km/km2",Vertisol,0 - 50 m (Sangat Dekat),500 - 1000 mm/th (Agak Rendah),0-8% (Datar),Sedang,Semanu
372,Hutan Lahan Kering,"<0,62 km/km2",Vertisol,0 - 50 m (Sangat Dekat),500 - 1000 mm/th (Agak Rendah),8-15% (Landai),Sedang,Semanu
373,Hutan Lahan Kering,"<0,62 km/km2",Vertisol,0 - 50 m (Sangat Dekat),500 - 1000 mm/th (Agak Rendah),15-25% (Agak Curam),Sedang,Semanu
374,Hutan Lahan Kering,"<0,62 km/km2",Vertisol,50 - 100 m (Dekat),500 - 1000 mm/th (Agak Rendah),0-8% (Datar),Sedang,Semanu
375,Hutan Lahan Kering,"<0,62 km/km2",Vertisol,50 - 100 m (Dekat),500 - 1000 mm/th (Agak Rendah),8-15% (Landai),Sedang,Semanu
376,Hutan Lahan Kering,"<0,62 km/km2",Vertisol,50 - 100 m (Dekat),500 - 1000 mm/th (Agak Rendah),15-25% (Agak Curam),Sedang,Semanu
377,Hutan Lahan Kering,"<0,62 km/km2",Vertisol,100 - 250 m (Sedang),500 - 1000 mm/th (Agak Rendah),0-8% (Datar),Sedang,Semanu
378,Hutan Lahan Kering,"<0,62 km/km2",Vertisol,100 - 250 m (Sedang),500 - 1000 mm/th (Agak Rendah),8-15% (Landai),Sedang,Semanu
379,Hutan Lahan Kering,"<0,62 km/km2",Vertisol,250 - 500 m (Jauh),500 - 1000 mm/th (Agak Rendah),0-8% (Datar),Sedang,Semanu
380,Hutan Lahan Kering,"<0,62 km/km2",Vertisol,250 - 500 m (Jauh),500 - 1000 mm/th (Agak Rendah),8-15% (Landai),Sedang,Semanu
381,Hutan Lahan Kering,"<0,62 km/km2",Vertisol,250 - 500 m (Jauh),500 - 1000 mm/th (Agak Rendah),15-25% (Agak Curam),Rendah,Semanu
382,Hutan Lahan Kering,"0,62 - 1.44 km/km2",Luvisol,250 - 500 m (Jauh),1000 - 2000 mm/th (Sedang),>40% (Sangat Curam),Sedang,Pakem
383,Hutan Lahan Kering,"0,62 - 1.44 km/km2",Andosol,100 - 250 m (Sedang),1000 - 2000 mm/th (Sedang),>40% (Sangat Curam),Sedang,Cangkringan
384,Hutan Lahan Kering,"0,62 - 1.44 km/km2",Andosol,250 - 500 m (Jauh),1000 - 2000 mm/th (Sedang),>40% (Sangat Curam),Rendah,Cangkringan
385,Hutan Lahan Kering,"0,62 - 1.44 km/km2",Litosol,>500 m (Sangat Jauh),500 - 1000 mm/th (Agak Rendah),0-8% (Datar),Rendah,Dlingo
386,Hutan Lahan Kering,"0,62 - 1.44 km/km2",Litosol,>500 m (Sangat Jauh),500 - 1000 mm/th (Agak Rendah),8-15% (Landai),Rendah,Dlingo
387,Hutan Lahan Kering,"0,62 - 1.44 km/km2",Litosol,>500 m (Sangat Jauh),500 - 1000 mm/th (Agak Rendah),15-25% (Agak Curam),Rendah,Dlingo
388,Hutan Lahan Kering,"0,62 - 1.44 km/km2",Litosol,>500 m (Sangat Jauh),500 - 1000 mm/th (Agak Rendah),25-40% (Curam),Rendah,Dlingo
389,Hutan Lahan Kering,"0,62 - 1.44 km/km2",Litosol,>500 m (Sangat Jauh),500 - 1000 mm/th (Agak Rendah),>40% (Sangat Curam),Rendah,Kasihan
390,Hutan Lahan Kering,"0,62 - 1.44 km/km2",Litosol,0 - 50 m (Sangat Dekat),1000 - 2000 mm/th (Sedang),0-8% (Datar),Tinggi,Girimulyo
391,Hutan Lahan Kering,"0,62 - 1.44 km/km2",Litosol,0 - 50 m (Sangat Dekat),1000 - 2000 mm/th (Sedang),8-15% (Landai),Sedang,Girimulyo
392,Hutan Lahan Kering,"0,62 - 1.44 km/km2",Litosol,0 - 50 m (Sangat Dekat),1000 - 2000 mm/th (Sedang),15-25% (Agak Curam),Sedang,Girimulyo
393,Hutan Lahan Kering,"0,62 - 1.44 km/km2",Litosol,0 - 50 m (Sangat Dekat),1000 - 2000 mm/th (Sedang),25-40% (Curam),Sedang,Girimulyo
394,Hutan Lahan Kering,"0,62 - 1.44 km/km2",Litosol,0 - 50 m (Sangat Dekat),1000 - 2000 mm/th (Sedang),>40% (Sangat Curam),Sedang,Girimulyo
395,Hutan Lahan Kering,"0,62 - 1.44 km/km2",Litosol,0 - 50 m (Sangat Dekat),500 - 1000 mm/th (Agak Rendah),0-8% (Datar),Sedang,Dlingo
396,Hutan Lahan Kering,"0,62 - 1.44 km/km2",Litosol,0 - 50 m (Sangat Dekat),500 - 1000 mm/th (Agak Rendah),8-15% (Landai),Sedang,Dlingo
397,Hutan Lahan Kering,"0,62 - 1.44 km/km2",Litosol,0 - 50 m (Sangat Dekat),500 - 1000 mm/th (Agak Rendah),15-25% (Agak Curam),Sedang,Dlingo
398,Hutan Lahan Kering,"0,62 - 1.44 km/km2",Litosol,0 - 50 m (Sangat Dekat),500 - 1000 mm/th (Agak Rendah),25-40% (Curam),Sedang,Dlingo
399,Hutan Lahan Kering,"0,62 - 1.44 km/km2",Litosol,0 - 50 m (Sangat Dekat),500 - 1000 mm/th (Agak Rendah),>40% (Sangat Curam),Sedang,Dlingo
400,Hutan Lahan Kering,"0,62 - 1.44 km/km2",Litosol,50 - 100 m (Dekat),1000 - 2000 mm/th (Sedang),0-8% (Datar),Sedang,Girimulyo
401,Hutan Lahan Kering,"0,62 - 1.44 km/km2",Litosol,50 - 100 m (Dekat),1000 - 2000 mm/th (Sedang),8-15% (Landai),Sedang,Girimulyo
402,Hutan Lahan Kering,"0,62 - 1.44 km/km2",Litosol,50 - 100 m (Dekat),1000 - 2000 mm/th (Sedang),15-25% (Agak Curam),Sedang,Girimulyo
403,Hutan Lahan Kering,"0,62 - 1.44 km/km2",Litosol,50 - 100 m (Dekat),1000 - 2000 mm/th (Sedang),25-40% (Curam),Sedang,Girimulyo
404,Hutan Lahan Kering,"0,62 - 1.44 km/km2",Litosol,50 - 100 m (Dekat),1000 - 2000 mm/th (Sedang),>40% (Sangat Curam),Sedang,Samigaluh
405,Hutan Lahan Kering,"0,62 - 1.44 km/km2",Litosol,50 - 100 m (Dekat),500 - 1000 mm/th (Agak Rendah),0-8% (Datar),Sedang,Dlingo
406,Hutan Lahan Kering,"0,62 - 1.44 km/km2",Litosol,50 - 100 m (Dekat),500 - 1000 mm/th (Agak Rendah),8-15% (Landai),Sedang,Dlingo
407,Hutan Lahan Kering,"0,62 - 1.44 km/km2",Litosol,50 - 100 m (Dekat),500 - 1000 mm/th (Agak Rendah),15-25% (Agak Curam),Sedang,Dlingo
408,Hutan Lahan Kering,"0,62 - 1.44 km/km2",Litosol,50 - 100 m (Dekat),500 - 1000 mm/th (Agak Rendah),25-40% (Curam),Sedang,Dlingo
409,Hutan Lahan Kering,"0,62 - 1.44 km/km2",Litosol,50 - 100 m (Dekat),500 - 1000 mm/th (Agak Rendah),>40% (Sangat Curam),Sedang,Dlingo
410,Hutan Lahan Kering,"0,62 - 1.44 km/km2",Litosol,100 - 250 m (Sedang),1000 - 2000 mm/th (Sedang),8-15% (Landai),Sedang,Girimulyo
411,Hutan Lahan Kering,"0,62 - 1.44 km/km2",Litosol,100 - 250 m (Sedang),1000 - 2000 mm/th (Sedang),15-25% (Agak Curam),Sedang,Samigaluh
412,Hutan Lahan Kering,"0,62 - 1.44 km/km2",Litosol,100 - 250 m (Sedang),1000 - 2000 mm/th (Sedang),25-40% (Curam),Sedang,Samigaluh
413,Hutan Lahan Kering,"0,62 - 1.44 km/km2",Litosol,100 - 250 m (Sedang),1000 - 2000 mm/th (Sedang),>40% (Sangat Curam),Sedang,Samigaluh
414,Hutan Lahan Kering,"0,62 - 1.44 km/km2",Litosol,100 - 250 m (Sedang),500 - 1000 mm/th (Agak Rendah),0-8% (Datar),Sedang,Dlingo
415,Hutan Lahan Kering,"0,62 - 1.44 km/km2",Litosol,100 - 250 m (Sedang),500 - 1000 mm/th (Agak Rendah),8-15% (Landai),Sedang,Dlingo
416,Hutan Lahan Kering,"0,62 - 1.44 km/km2",Litosol,100 - 250 m (Sedang),500 - 1000 mm/th (Agak Rendah),15-25% (Agak Curam),Rendah,Dlingo
417,Hutan Lahan Kering,"0,62 - 1.44 km/km2",Litosol,100 - 250 m (Sedang),500 - 1000 mm/th (Agak Rendah),25-40% (Curam),Rendah,Dlingo
418,Hutan Lahan Kering,"0,62 - 1.44 km/km2",Litosol,100 - 250 m (Sedang),500 - 1000 mm/th (Agak Rendah),>40% (Sangat Curam),Rendah,Dlingo
419,Hutan Lahan Kering,"0,62 - 1.44 km/km2",Litosol,250 - 500 m (Jauh),500 - 1000 mm/th (Agak Rendah),0-8% (Datar),Rendah,Dlingo
420,Hutan Lahan Kering,"0,62 - 1.44 km/km2",Litosol,250 - 500 m (Jauh),500 - 1000 mm/th (Agak Rendah),8-15% (Landai),Rendah,Dlingo
421,Hutan Lahan Kering,"0,62 - 1.44 km/km2",Litosol,250 - 500 m (Jauh),500 - 1000 mm/th (Agak Rendah),15-25% (Agak Curam),Rendah,Dlingo
422,Hutan Lahan Kering,"0,62 - 1.44 km/km2",Litosol,250 - 500 m (Jauh),500 - 1000 mm/th (Agak Rendah),25-40% (Curam),Rendah,Dlingo
423,Hutan Lahan Kering,"0,62 - 1.44 km/km2",Litosol,250 - 500 m (Jauh),500 - 1000 mm/th (Agak Rendah),>40% (Sangat Curam),Rendah,Dlingo
424,Hutan Lahan Kering,"0,62 - 1.44 km/km2",Gleisol,>500 m (Sangat Jauh),500 - 1000 mm/th (Agak Rendah),25-40% (Curam),Rendah,Imogiri
425,Hutan Lahan Kering,"0,62 - 1.44 km/km2",Gleisol,>500 m (Sangat Jauh),500 - 1000 mm/th (Agak Rendah),>40% (Sangat Curam),Rendah,Prambanan
426,Hutan Lahan Kering,"0,62 - 1.44 km/km2",Gleisol,0 - 50 m (Sangat Dekat),500 - 1000 mm/th (Agak Rendah),>40% (Sangat Curam),Sedang,Imogiri
427,Hutan Lahan Kering,"0,62 - 1.44 km/km2",Gleisol,50 - 100 m (Dekat),500 - 1000 mm/th (Agak Rendah),>40% (Sangat Curam),Sedang,Imogiri
428,Hutan Lahan Kering,"0,62 - 1.44 km/km2",Gleisol,100 - 250 m (Sedang),1000 - 2000 mm/th (Sedang),>40% (Sangat Curam),Sedang,Pakem
429,Hutan Lahan Kering,"0,62 - 1.44 km/km2",Gleisol,100 - 250 m (Sedang),500 - 1000 mm/th (Agak Rendah),25-40% (Curam),Sedang,Imogiri
430,Hutan Lahan Kering,"0,62 - 1.44 km/km2",Gleisol,100 - 250 m (Sedang),500 - 1000 mm/th (Agak Rendah),>40% (Sangat Curam),Sedang,Imogiri
431,Hutan Lahan Kering,"0,62 - 1.44 km/km2",Gleisol,250 - 500 m (Jauh),500 - 1000 mm/th (Agak Rendah),25-40% (Curam),Rendah,Imogiri
432,Hutan Lahan Kering,"0,62 - 1.44 km/km2",Gleisol,250 - 500 m (Jauh),500 - 1000 mm/th (Agak Rendah),>40% (Sangat Curam),Rendah,Imogiri
433,Hutan Lahan Kering,"0,62 - 1.44 km/km2",Fluvisol,>500 m (Sangat Jauh),1000 - 2000 mm/th (Sedang),0-8% (Datar),Sedang,Kokap
434,Hutan Lahan Kering,"0,62 - 1.44 km/km2",Fluvisol,>500 m (Sangat Jauh),1000 - 2000 mm/th (Sedang),8-15% (Landai),Sedang,Kokap
435,Hutan Lahan Kering,"0,62 - 1.44 km/km2",Fluvisol,>500 m (Sangat Jauh),1000 - 2000 mm/th (Sedang),15-25% (Agak Curam),Sedang,Kokap
436,Hutan Lahan Kering,"0,62 - 1.44 km/km2",Fluvisol,>500 m (Sangat Jauh),1000 - 2000 mm/th (Sedang),25-40% (Curam),Rendah,Kokap
437,Hutan Lahan Kering,"0,62 - 1.44 km/km2",Fluvisol,>500 m (Sangat Jauh),1000 - 2000 mm/th (Sedang),>40% (Sangat Curam),Rendah,Kokap
438,Hutan Lahan Kering,"0,62 - 1.44 km/km2",Fluvisol,>500 m (Sangat Jauh),500 - 1000 mm/th (Agak Rendah),0-8% (Datar),Rendah,Galur
439,Hutan Lahan Kering,"0,62 - 1.44 km/km2",Fluvisol,>500 m (Sangat Jauh),500 - 1000 mm/th (Agak Rendah),8-15% (Landai),Rendah,Galur
440,Hutan Lahan Kering,"0,62 - 1.44 km/km2",Fluvisol,>500 m (Sangat Jauh),500 - 1000 mm/th (Agak Rendah),15-25% (Agak Curam),Rendah,Galur
441,Hutan Lahan Kering,"0,62 - 1.44 km/km2",Fluvisol,>500 m (Sangat Jauh),500 - 1000 mm/th (Agak Rendah),25-40% (Curam),Rendah,Kretek
442,Hutan Lahan Kering,"0,62 - 1.44 km/km2",Fluvisol,>500 m (Sangat Jauh),500 - 1000 mm/th (Agak Rendah),>40% (Sangat Curam),Rendah,Kretek
443,Hutan Lahan Kering,"0,62 - 1.44 km/km2",Fluvisol,0 - 50 m (Sangat Dekat),1000 - 2000 mm/th (Sedang),0-8% (Datar),Tinggi,Kokap
444,Hutan Lahan Kering,"0,62 - 1.44 km/km2",Fluvisol,0 - 50 m (Sangat Dekat),1000 - 2000 mm/th (Sedang),8-15% (Landai),Tinggi,Kokap
445,Hutan Lahan Kering,"0,62 - 1.44 km/km2",Fluvisol,0 - 50 m (Sangat Dekat),1000 - 2000 mm/th (Sedang),15-25% (Agak Curam),Tinggi,Kokap
446,Hutan Lahan Kering,"0,62 - 1.44 km/km2",Fluvisol,0 - 50 m (Sangat Dekat),1000 - 2000 mm/th (Sedang),25-40% (Curam),Tinggi,Kokap
447,Hutan Lahan Kering,"0,62 - 1.44 km/km2",Fluvisol,0 - 50 m (Sangat Dekat),1000 - 2000 mm/th (Sedang),>40% (Sangat Curam),Sedang,Kokap
448,Hutan Lahan Kering,"0,62 - 1.44 km/km2",Fluvisol,0 - 50 m (Sangat Dekat),500 - 1000 mm/th (Agak Rendah),0-8% (Datar),Sedang,Galur
449,Hutan Lahan Kering,"0,62 - 1.44 km/km2",Fluvisol,0 - 50 m (Sangat Dekat),500 - 1000 mm/th (Agak Rendah),8-15% (Landai),Sedang,Galur
450,Hutan Lahan Kering,"0,62 - 1.44 km/km2",Fluvisol,0 - 50 m (Sangat Dekat),500 - 1000 mm/th (Agak Rendah),15-25% (Agak Curam),Sedang,Galur
451,Hutan Lahan Kering,"0,62 - 1.44 km/km2",Fluvisol,50 - 100 m (Dekat),1000 - 2000 mm/th (Sedang),0-8% (Datar),Sedang,Kokap
452,Hutan Lahan Kering,"0,62 - 1.44 km/km2",Fluvisol,50 - 100 m (Dekat),1000 - 2000 mm/th (Sedang),8-15% (Landai),Sedang,Kokap
453,Hutan Lahan Kering,"0,62 - 1.44 km/km2",Fluvisol,50 - 100 m (Dekat),1000 - 2000 mm/th (Sedang),15-25% (Agak Curam),Sedang,Kokap
454,Hutan Lahan Kering,"0,62 - 1.44 km/km2",Fluvisol,50 - 100 m (Dekat),1000 - 2000 mm/th (Sedang),25-40% (Curam),Sedang,Kokap
455,Hutan Lahan Kering,"0,62 - 1.44 km/km2",Fluvisol,50 - 100 m (Dekat),1000 - 2000 mm/th (Sedang),>40% (Sangat Curam),Sedang,Kokap
456,Hutan Lahan Kering,"0,62 - 1.44 km/km2",Fluvisol,50 - 100 m (Dekat),500 - 1000 mm/th (Agak Rendah),0-8% (Datar),Sedang,Galur
457,Hutan Lahan Kering,"0,62 - 1.44 km/km2",Fluvisol,50 - 100 m (Dekat),500 - 1000 mm/th (Agak Rendah),8-15% (Landai),Sedang,Galur
458,Hutan Lahan Kering,"0,62 - 1.44 km/km2",Fluvisol,50 - 100 m (Dekat),500 - 1000 mm/th (Agak Rendah),15-25% (Agak Curam),Sedang,Galur
459,Hutan Lahan Kering,"0,62 - 1.44 km/km2",Fluvisol,50 - 100 m (Dekat),500 - 1000 mm/th (Agak Rendah),25-40% (Curam),Sedang,Lendah
460,Hutan Lahan Kering,"0,62 - 1.44 km/km2",Fluvisol,100 - 250 m (Sedang),1000 - 2000 mm/th (Sedang),0-8% (Datar),Sedang,Kokap
461,Hutan Lahan Kering,"0,62 - 1.44 km/km2",Fluvisol,100 - 250 m (Sedang),1000 - 2000 mm/th (Sedang),8-15% (Landai),Sedang,Kokap
462,Hutan Lahan Kering,"0,62 - 1.44 km/km2",Fluvisol,100 - 250 m (Sedang),1000 - 2000 mm/th (Sedang),15-25% (Agak Curam),Sedang,Kokap
463,Hutan Lahan Kering,"0,62 - 1.44 km/km2",Fluvisol,100 - 250 m (Sedang),1000 - 2000 mm/th (Sedang),25-40% (Curam),Sedang,Kokap
464,Hutan Lahan Kering,"0,62 - 1.44 km/km2",Fluvisol,100 - 250 m (Sedang),1000 - 2000 mm/th (Sedang),>40% (Sangat Curam),Sedang,Kokap
465,Hutan Lahan Kering,"0,62 - 1.44 km/km2",Fluvisol,100 - 250 m (Sedang),500 - 1000 mm/th (Agak Rendah),0-8% (Datar),Sedang,Galur
466,Hutan Lahan Kering,"0,62 - 1.44 km/km2",Fluvisol,100 - 250 m (Sedang),500 - 1000 mm/th (Agak Rendah),8-15% (Landai),Sedang,Galur
467,Hutan Lahan Kering,"0,62 - 1.44 km/km2",Fluvisol,100 - 250 m (Sedang),500 - 1000 mm/th (Agak Rendah),15-25% (Agak Curam),Sedang,Galur
468,Hutan Lahan Kering,"0,62 - 1.44 km/km2",Fluvisol,100 - 250 m (Sedang),500 - 1000 mm/th (Agak Rendah),25-40% (Curam),Sedang,Lendah
469,Hutan Lahan Kering,"0,62 - 1.44 km/km2",Fluvisol,250 - 500 m (Jauh),1000 - 2000 mm/th (Sedang),0-8% (Datar),Sedang,Kokap
470,Hutan Lahan Kering,"0,62 - 1.44 km/km2",Fluvisol,250 - 500 m (Jauh),1000 - 2000 mm/th (Sedang),8-15% (Landai),Sedang,Kokap
471,Hutan Lahan Kering,"0,62 - 1.44 km/km2",Fluvisol,250 - 500 m (Jauh),1000 - 2000 mm/th (Sedang),15-25% (Agak Curam),Sedang,Kokap
472,Hutan Lahan Kering,"0,62 - 1.44 km/km2",Fluvisol,250 - 500 m (Jauh),1000 - 2000 mm/th (Sedang),25-40% (Curam),Sedang,Kokap
473,Hutan Lahan Kering,"0,62 - 1.44 km/km2",Fluvisol,250 - 500 m (Jauh),1000 - 2000 mm/th (Sedang),>40% (Sangat Curam),Sedang,Kokap
474,Hutan Lahan Kering,"0,62 - 1.44 km/km2",Fluvisol,250 - 500 m (Jauh),500 - 1000 mm/th (Agak Rendah),0-8% (Datar),Sedang,Galur
475,Hutan Lahan Kering,"0,62 - 1.44 km/km2",Fluvisol,250 - 500 m (Jauh),500 - 1000 mm/th (Agak Rendah),8-15% (Landai),Rendah,Galur
476,Hutan Lahan Kering,"0,62 - 1.44 km/km2",Fluvisol,250 - 500 m (Jauh),500 - 1000 mm/th (Agak Rendah),15-25% (Agak Curam),Rendah,Galur
477,Hutan Lahan Kering,"0,62 - 1.44 km/km2",Nitosol,>500 m (Sangat Jauh),1000 - 2000 mm/th (Sedang),0-8% (Datar),Sedang,Girimulyo
478,Hutan Lahan Kering,"0,62 - 1.44 km/km2",Nitosol,>500 m (Sangat Jauh),1000 - 2000 mm/th (Sedang),8-15% (Landai),Sedang,Girimulyo
479,Hutan Lahan Kering,"0,62 - 1.44 km/km2",Nitosol,>500 m (Sangat Jauh),1000 - 2000 mm/th (Sedang),15-25% (Agak Curam),Rendah,Girimulyo
480,Hutan Lahan Kering,"0,62 - 1.44 km/km2",Nitosol,>500 m (Sangat Jauh),1000 - 2000 mm/th (Sedang),25-40% (Curam),Rendah,Girimulyo
481,Hutan Lahan Kering,"0,62 - 1.44 km/km2",Nitosol,>500 m (Sangat Jauh),1000 - 2000 mm/th (Sedang),>40% (Sangat Curam),Rendah,Girimulyo
482,Hutan Lahan Kering,"0,62 - 1.44 km/km2",Nitosol,0 - 50 m (Sangat Dekat),1000 - 2000 mm/th (Sedang),0-8% (Datar),Tinggi,Girimulyo
483,Hutan Lahan Kering,"0,62 - 1.44 km/km2",Nitosol,0 - 50 m (Sangat Dekat),1000 - 2000 mm/th (Sedang),8-15% (Landai),Tinggi,Girimulyo
484,Hutan Lahan Kering,"0,62 - 1.44 km/km2",Nitosol,0 - 50 m (Sangat Dekat),1000 - 2000 mm/th (Sedang),15-25% (Agak Curam),Sedang,Girimulyo
485,Hutan Lahan Kering,"0,62 - 1.44 km/km2",Nitosol,0 - 50 m (Sangat Dekat),1000 - 2000 mm/th (Sedang),25-40% (Curam),Sedang,Girimulyo
486,Hutan Lahan Kering,"0,62 - 1.44 km/km2",Nitosol,0 - 50 m (Sangat Dekat),1000 - 2000 mm/th (Sedang),>40% (Sangat Curam),Sedang,Girimulyo
487,Hutan Lahan Kering,"0,62 - 1.44 km/km2",Nitosol,50 - 100 m (Dekat),1000 - 2000 mm/th (Sedang),0-8% (Datar),Sedang,Girimulyo
488,Hutan Lahan Kering,"0,62 - 1.44 km/km2",Nitosol,50 - 100 m (Dekat),1000 - 2000 mm/th (Sedang),8-15% (Landai),Sedang,Girimulyo
489,Hutan Lahan Kering,"0,62 - 1.44 km/km2",Nitosol,50 - 100 m (Dekat),1000 - 2000 mm/th (Sedang),15-25% (Agak Curam),Sedang,Girimulyo
490,Hutan Lahan Kering,"0,62 - 1.44 km/km2",Nitosol,50 - 100 m (Dekat),1000 - 2000 mm/th (Sedang),25-40% (Curam),Sedang,Girimulyo
491,Hutan Lahan Kering,"0,62 - 1.44 km/km2",Nitosol,50 - 100 m (Dekat),1000 - 2000 mm/th (Sedang),>40% (Sangat Curam),Sedang,Girimulyo
492,Hutan Lahan Kering,"0,62 - 1.44 km/km2",Nitosol,100 - 250 m (Sedang),1000 - 2000 mm/th (Sedang),0-8% (Datar),Sedang,Girimulyo
493,Hutan Lahan Kering,"0,62 - 1.44 km/km2",Nitosol,100 - 250 m (Sedang),1000 - 2000 mm/th (Sedang),8-15% (Landai),Sedang,Girimulyo
494,Hutan Lahan Kering,"0,62 - 1.44 km/km2",Nitosol,100 - 250 m (Sedang),1000 - 2000 mm/th (Sedang),15-25% (Agak Curam),Sedang,Girimulyo
495,Hutan Lahan Kering,"0,62 - 1.44 km/km2",Nitosol,100 - 250 m (Sedang),1000 - 2000 mm/th (Sedang),25-40% (Curam),Sedang,Girimulyo
496,Hutan Lahan Kering,"0,62 - 1.44 km/km2",Nitosol,100 - 250 m (Sedang),1000 - 2000 mm/th (Sedang),>40% (Sangat Curam),Sedang,Girimulyo
497,Hutan Lahan Kering,"0,62 - 1.44 km/km2",Nitosol,250 - 500 m (Jauh),1000 - 2000 mm/th (Sedang),0-8% (Datar),Sedang,Girimulyo
498,Hutan Lahan Kering,"0,62 - 1.44 km/km2",Nitosol,250 - 500 m (Jauh),1000 - 2000 mm/th (Sedang),8-15% (Landai),Sedang,Girimulyo
499,Hutan Lahan Kering,"0,62 - 1.44 km/km2",Nitosol,250 - 500 m (Jauh),1000 - 2000 mm/th (Sedang),15-25% (Agak Curam),Sedang,Girimulyo
500,Hutan Lahan Kering,"0,62 - 1.44 km/km2",Nitosol,250 - 500 m (Jauh),1000 - 2000 mm/th (Sedang),25-40% (Curam),Sedang,Girimulyo
501,Hutan Lahan Kering,"0,62 - 1.44 km/km2",Nitosol,250 - 500 m (Jauh),1000 - 2000 mm/th (Sedang),>40% (Sangat Curam),Sedang,Girimulyo
502,Hutan Lahan Kering,"0,62 - 1.44 km/km2",Vertisol,>500 m (Sangat Jauh),500 - 1000 mm/th (Agak Rendah),0-8% (Datar),Rendah,Karangmojo
503,Hutan Lahan Kering,"0,62 - 1.44 km/km2",Vertisol,>500 m (Sangat Jauh),500 - 1000 mm/th (Agak Rendah),8-15% (Landai),Rendah,Karangmojo
504,Hutan Lahan Kering,"0,62 - 1.44 km/km2",Vertisol,>500 m (Sangat Jauh),500 - 1000 mm/th (Agak Rendah),15-25% (Agak Curam),Rendah,Playen
505,Hutan Lahan Kering,"0,62 - 1.44 km/km2",Vertisol,0 - 50 m (Sangat Dekat),500 - 1000 mm/th (Agak Rendah),0-8% (Datar),Sedang,Karangmojo
506,Hutan Lahan Kering,"0,62 - 1.44 km/km2",Vertisol,0 - 50 m (Sangat Dekat),500 - 1000 mm/th (Agak Rendah),8-15% (Landai),Sedang,Karangmojo
507,Hutan Lahan Kering,"0,62 - 1.44 km/km2",Vertisol,0 - 50 m (Sangat Dekat),500 - 1000 mm/th (Agak Rendah),15-25% (Agak Curam),Sedang,Paliyan
508,Hutan Lahan Kering,"0,62 - 1.44 km/km2",Vertisol,0 - 50 m (Sangat Dekat),500 - 1000 mm/th (Agak Rendah),25-40% (Curam),Sedang,Paliyan
509,Hutan Lahan Kering,"0,62 - 1.44 km/km2",Vertisol,0 - 50 m (Sangat Dekat),500 - 1000 mm/th (Agak Rendah),>40% (Sangat Curam),Sedang,Paliyan
510,Hutan Lahan Kering,"0,62 - 1.44 km/km2",Vertisol,50 - 100 m (Dekat),500 - 1000 mm/th (Agak Rendah),0-8% (Datar),Sedang,Karangmojo
511,Hutan Lahan Kering,"0,62 - 1.44 km/km2",Vertisol,50 - 100 m (Dekat),500 - 1000 mm/th (Agak Rendah),8-15% (Landai),Sedang,Karangmojo
512,Hutan Lahan Kering,"0,62 - 1.44 km/km2",Vertisol,50 - 100 m (Dekat),500 - 1000 mm/th (Agak Rendah),15-25% (Agak Curam),Sedang,Karangmojo
513,Hutan Lahan Kering,"0,62 - 1.44 km/km2",Vertisol,50 - 100 m (Dekat),500 - 1000 mm/th (Agak Rendah),25-40% (Curam),Sedang,Paliyan
514,Hutan Lahan Kering,"0,62 - 1.44 km/km2",Vertisol,50 - 100 m (Dekat),500 - 1000 mm/th (Agak Rendah),>40% (Sangat Curam),Sedang,Paliyan
515,Hutan Lahan Kering,"0,62 - 1.44 km/km2",Vertisol,100 - 250 m (Sedang),500 - 1000 mm/th (Agak Rendah),0-8% (Datar),Sedang,Karangmojo
516,Hutan Lahan Kering,"0,62 - 1.44 km/km2",Vertisol,100 - 250 m (Sedang),500 - 1000 mm/th (Agak Rendah),8-15% (Landai),Sedang,Karangmojo
517,Hutan Lahan Kering,"0,62 - 1.44 km/km2",Vertisol,100 - 250 m (Sedang),500 - 1000 mm/th (Agak Rendah),15-25% (Agak Curam),Sedang,Karangmojo
518,Hutan Lahan Kering,"0,62 - 1.44 km/km2",Vertisol,100 - 250 m (Sedang),500 - 1000 mm/th (Agak Rendah),25-40% (Curam),Sedang,Semanu
519,Hutan Lahan Kering,"0,62 - 1.44 km/km2",Vertisol,100 - 250 m (Sedang),500 - 1000 mm/th (Agak Rendah),>40% (Sangat Curam),Rendah,Wonosari
520,Hutan Lahan Kering,"0,62 - 1.44 km/km2",Vertisol,250 - 500 m (Jauh),500 - 1000 mm/th (Agak Rendah),0-8% (Datar),Rendah,Karangmojo
521,Hutan Lahan Kering,"0,62 - 1.44 km/km2",Vertisol,250 - 500 m (Jauh),500 - 1000 mm/th (Agak Rendah),8-15% (Landai),Rendah,Karangmojo
522,Hutan Lahan Kering,"0,62 - 1.44 km/km2",Vertisol,250 - 500 m (Jauh),500 - 1000 mm/th (Agak Rendah),15-25% (Agak Curam),Rendah,Karangmojo
523,Hutan Lahan Kering,"0,62 - 1.44 km/km2",Vertisol,250 - 500 m (Jauh),500 - 1000 mm/th (Agak Rendah),25-40% (Curam),Rendah,Ponjong
524,Hutan Lahan Kering,"1,44 - 2,27 km/km2",Luvisol,>500 m (Sangat Jauh),500 - 1000 mm/th (Agak Rendah),0-8% (Datar),Rendah,Gedangsari
525,Hutan Lahan Kering,"1,44 - 2,27 km/km2",Luvisol,>500 m (Sangat Jauh),500 - 1000 mm/th (Agak Rendah),8-15% (Landai),Rendah,Gedangsari
526,Hutan Lahan Kering,"1,44 - 2,27 km/km2",Luvisol,>500 m (Sangat Jauh),500 - 1000 mm/th (Agak Rendah),15-25% (Agak Curam),Rendah,Gedangsari
527,Hutan Lahan Kering,"1,44 - 2,27 km/km2",Luvisol,>500 m (Sangat Jauh),500 - 1000 mm/th (Agak Rendah),25-40% (Curam),Rendah,Gedangsari
528,Hutan Lahan Kering,"1,44 - 2,27 km/km2",Luvisol,>500 m (Sangat Jauh),500 - 1000 mm/th (Agak Rendah),>40% (Sangat Curam),Rendah,Gedangsari
529,Hutan Lahan Kering,"1,44 - 2,27 km/km2",Luvisol,0 - 50 m (Sangat Dekat),1000 - 2000 mm/th (Sedang),0-8% (Datar),Sedang,Tempel
530,Hutan Lahan Kering,"1,44 - 2,27 km/km2",Luvisol,0 - 50 m (Sangat Dekat),1000 - 2000 mm/th (Sedang),8-15% (Landai),Sedang,Tempel
531,Hutan Lahan Kering,"1,44 - 2,27 km/km2",Luvisol,0 - 50 m (Sangat Dekat),1000 - 2000 mm/th (Sedang),15-25% (Agak Curam),Sedang,Tempel
532,Hutan Lahan Kering,"1,44 - 2,27 km/km2",Luvisol,0 - 50 m (Sangat Dekat),500 - 1000 mm/th (Agak Rendah),0-8% (Datar),Sedang,Gedangsari
533,Hutan Lahan Kering,"1,44 - 2,27 km/km2",Luvisol,0 - 50 m (Sangat Dekat),500 - 1000 mm/th (Agak Rendah),8-15% (Landai),Sedang,Gedangsari
534,Hutan Lahan Kering,"1,44 - 2,27 km/km2",Luvisol,0 - 50 m (Sangat Dekat),500 - 1000 mm/th (Agak Rendah),15-25% (Agak Curam),Sedang,Gedangsari
535,Hutan Lahan Kering,"1,44 - 2,27 km/km2",Luvisol,0 - 50 m (Sangat Dekat),500 - 1000 mm/th (Agak Rendah),25-40% (Curam),Sedang,Gedangsari
536,Hutan Lahan Kering,"1,44 - 2,27 km/km2",Luvisol,0 - 50 m (Sangat Dekat),500 - 1000 mm/th (Agak Rendah),>40% (Sangat Curam),Sedang,Gedangsari
537,Hutan Lahan Kering,"1,44 - 2,27 km/km2",Luvisol,50 - 100 m (Dekat),1000 - 2000 mm/th (Sedang),0-8% (Datar),Sedang,Tempel
538,Hutan Lahan Kering,"1,44 - 2,27 km/km2",Luvisol,50 - 100 m (Dekat),1000 - 2000 mm/th (Sedang),8-15% (Landai),Sedang,Tempel
539,Hutan Lahan Kering,"1,44 - 2,27 km/km2",Luvisol,50 - 100 m (Dekat),1000 - 2000 mm/th (Sedang),15-25% (Agak Curam),Sedang,Tempel
540,Hutan Lahan Kering,"1,44 - 2,27 km/km2",Luvisol,50 - 100 m (Dekat),500 - 1000 mm/th (Agak Rendah),0-8% (Datar),Sedang,Gedangsari
541,Hutan Lahan Kering,"1,44 - 2,27 km/km2",Luvisol,50 - 100 m (Dekat),500 - 1000 mm/th (Agak Rendah),8-15% (Landai),Sedang,Gedangsari
542,Hutan Lahan Kering,"1,44 - 2,27 km/km2",Luvisol,50 - 100 m (Dekat),500 - 1000 mm/th (Agak Rendah),15-25% (Agak Curam),Sedang,Gedangsari
543,Hutan Lahan Kering,"1,44 - 2,27 km/km2",Luvisol,50 - 100 m (Dekat),500 - 1000 mm/th (Agak Rendah),25-40% (Curam),Sedang,Gedangsari
544,Hutan Lahan Kering,"1,44 - 2,27 km/km2",Luvisol,50 - 100 m (Dekat),500 - 1000 mm/th (Agak Rendah),>40% (Sangat Curam),Sedang,Gedangsari
545,Hutan Lahan Kering,"1,44 - 2,27 km/km2",Luvisol,100 - 250 m (Sedang),1000 - 2000 mm/th (Sedang),8-15% (Landai),Sedang,Tempel
546,Hutan Lahan Kering,"1,44 - 2,27 km/km2",Luvisol,100 - 250 m (Sedang),500 - 1000 mm/th (Agak Rendah),0-8% (Datar),Sedang,Gedangsari
547,Hutan Lahan Kering,"1,44 - 2,27 km/km2",Luvisol,100 - 250 m (Sedang),500 - 1000 mm/th (Agak Rendah),8-15% (Landai),Rendah,Gedangsari
548,Hutan Lahan Kering,"1,44 - 2,27 km/km2",Luvisol,100 - 250 m (Sedang),500 - 1000 mm/th (Agak Rendah),15-25% (Agak Curam),Rendah,Gedangsari
549,Hutan Lahan Kering,"1,44 - 2,27 km/km2",Luvisol,100 - 250 m (Sedang),500 - 1000 mm/th (Agak Rendah),25-40% (Curam),Rendah,Gedangsari
550,Hutan Lahan Kering,"1,44 - 2,27 km/km2",Luvisol,100 - 250 m (Sedang),500 - 1000 mm/th (Agak Rendah),>40% (Sangat Curam),Rendah,Gedangsari
551,Hutan Lahan Kering,"1,44 - 2,27 km/km2",Luvisol,250 - 500 m (Jauh),500 - 1000 mm/th (Agak Rendah),0-8% (Datar),Rendah,Gedangsari
552,Hutan Lahan Kering,"1,44 - 2,27 km/km2",Luvisol,250 - 500 m (Jauh),500 - 1000 mm/th (Agak Rendah),8-15% (Landai),Rendah,Gedangsari
553,Hutan Lahan Kering,"1,44 - 2,27 km/km2",Luvisol,250 - 500 m (Jauh),500 - 1000 mm/th (Agak Rendah),15-25% (Agak Curam),Rendah,Gedangsari
554,Hutan Lahan Kering,"1,44 - 2,27 km/km2",Luvisol,250 - 500 m (Jauh),500 - 1000 mm/th (Agak Rendah),25-40% (Curam),Rendah,Gedangsari
555,Hutan Lahan Kering,"1,44 - 2,27 km/km2",Luvisol,250 - 500 m (Jauh),500 - 1000 mm/th (Agak Rendah),>40% (Sangat Curam),Rendah,Gedangsari
556,Hutan Lahan Kering,"1,44 - 2,27 km/km2",Litosol,>500 m (Sangat Jauh),1000 - 2000 mm/th (Sedang),0-8% (Datar),Rendah,Girimulyo
557,Hutan Lahan Kering,"1,44 - 2,27 km/km2",Litosol,>500 m (Sangat Jauh),1000 - 2000 mm/th (Sedang),8-15% (Landai),Rendah,Girimulyo
558,Hutan Lahan Kering,"1,44 - 2,27 km/km2",Litosol,>500 m (Sangat Jauh),1000 - 2000 mm/th (Sedang),15-25% (Agak Curam),Rendah,Girimulyo
559,Hutan Lahan Kering,"1,44 - 2,27 km/km2",Litosol,>500 m (Sangat Jauh),1000 - 2000 mm/th (Sedang),25-40% (Curam),Rendah,Girimulyo
560,Hutan Lahan Kering,"1,44 - 2,27 km/km2",Litosol,>500 m (Sangat Jauh),1000 - 2000 mm/th (Sedang),>40% (Sangat Curam),Rendah,Girimulyo
561,Hutan Lahan Kering,"1,44 - 2,27 km/km2",Litosol,>500 m (Sangat Jauh),500 - 1000 mm/th (Agak Rendah),0-8% (Datar),Rendah,Dlingo
562,Hutan Lahan Kering,"1,44 - 2,27 km/km2",Litosol,>500 m (Sangat Jauh),500 - 1000 mm/th (Agak Rendah),8-15% (Landai),Rendah,Dlingo
563,Hutan Lahan Kering,"1,44 - 2,27 km/km2",Litosol,>500 m (Sangat Jauh),500 - 1000 mm/th (Agak Rendah),15-25% (Agak Curam),Rendah,Dlingo
564,Hutan Lahan Kering,"1,44 - 2,27 km/km2",Litosol,>500 m (Sangat Jauh),500 - 1000 mm/th (Agak Rendah),25-40% (Curam),Rendah,Dlingo
565,Hutan Lahan Kering,"1,44 - 2,27 km/km2",Litosol,>500 m (Sangat Jauh),500 - 1000 mm/th (Agak Rendah),>40% (Sangat Curam),Rendah,Dlingo
566,Hutan Lahan Kering,"1,44 - 2,27 km/km2",Litosol,0 - 50 m (Sangat Dekat),1000 - 2000 mm/th (Sedang),0-8% (Datar),Sedang,Girimulyo
567,Hutan Lahan Kering,"1,44 - 2,27 km/km2",Litosol,0 - 50 m (Sangat Dekat),1000 - 2000 mm/th (Sedang),8-15% (Landai),Sedang,Girimulyo
568,Hutan Lahan Kering,"1,44 - 2,27 km/km2",Litosol,0 - 50 m (Sangat Dekat),1000 - 2000 mm/th (Sedang),15-25% (Agak Curam),Sedang,Girimulyo
569,Hutan Lahan Kering,"1,44 - 2,27 km/km2",Litosol,0 - 50 m (Sangat Dekat),1000 - 2000 mm/th (Sedang),25-40% (Curam),Sedang,Girimulyo
570,Hutan Lahan Kering,"1,44 - 2,27 km/km2",Litosol,0 - 50 m (Sangat Dekat),1000 - 2000 mm/th (Sedang),>40% (Sangat Curam),Sedang,Girimulyo
571,Hutan Lahan Kering,"1,44 - 2,27 km/km2",Litosol,0 - 50 m (Sangat Dekat),500 - 1000 mm/th (Agak Rendah),0-8% (Datar),Sedang,Dlingo
572,Hutan Lahan Kering,"1,44 - 2,27 km/km2",Litosol,0 - 50 m (Sangat Dekat),500 - 1000 mm/th (Agak Rendah),8-15% (Landai),Sedang,Dlingo
573,Hutan Lahan Kering,"1,44 - 2,27 km/km2",Litosol,0 - 50 m (Sangat Dekat),500 - 1000 mm/th (Agak Rendah),15-25% (Agak Curam),Sedang,Dlingo
574,Hutan Lahan Kering,"1,44 - 2,27 km/km2",Litosol,0 - 50 m (Sangat Dekat),500 - 1000 mm/th (Agak Rendah),25-40% (Curam),Sedang,Dlingo
575,Hutan Lahan Kering,"1,44 - 2,27 km/km2",Litosol,0 - 50 m (Sangat Dekat),500 - 1000 mm/th (Agak Rendah),>40% (Sangat Curam),Sedang,Dlingo
576,Hutan Lahan Kering,"1,44 - 2,27 km/km2",Litosol,50 - 100 m (Dekat),1000 - 2000 mm/th (Sedang),0-8% (Datar),Sedang,Girimulyo
577,Hutan Lahan Kering,"1,44 - 2,27 km/km2",Litosol,50 - 100 m (Dekat),1000 - 2000 mm/th (Sedang),8-15% (Landai),Sedang,Girimulyo
578,Hutan Lahan Kering,"1,44 - 2,27 km/km2",Litosol,50 - 100 m (Dekat),1000 - 2000 mm/th (Sedang),15-25% (Agak Curam),Sedang,Girimulyo
579,Hutan Lahan Kering,"1,44 - 2,27 km/km2",Litosol,50 - 100 m (Dekat),1000 - 2000 mm/th (Sedang),25-40% (Curam),Sedang,Girimulyo
580,Hutan Lahan Kering,"1,44 - 2,27 km/km2",Litosol,50 - 100 m (Dekat),1000 - 2000 mm/th (Sedang),>40% (Sangat Curam),Sedang,Girimulyo
581,Hutan Lahan Kering,"1,44 - 2,27 km/km2",Litosol,50 - 100 m (Dekat),500 - 1000 mm/th (Agak Rendah),0-8% (Datar),Sedang,Dlingo
582,Hutan Lahan Kering,"1,44 - 2,27 km/km2",Litosol,50 - 100 m (Dekat),500 - 1000 mm/th (Agak Rendah),8-15% (Landai),Sedang,Dlingo
583,Hutan Lahan Kering,"1,44 - 2,27 km/km2",Litosol,50 - 100 m (Dekat),500 - 1000 mm/th (Agak Rendah),15-25% (Agak Curam),Sedang,Dlingo
584,Hutan Lahan Kering,"1,44 - 2,27 km/km2",Litosol,50 - 100 m (Dekat),500 - 1000 mm/th (Agak Rendah),25-40% (Curam),Sedang,Dlingo
585,Hutan Lahan Kering,"1,44 - 2,27 km/km2",Litosol,50 - 100 m (Dekat),500 - 1000 mm/th (Agak Rendah),>40% (Sangat Curam),Rendah,Dlingo
586,Hutan Lahan Kering,"1,44 - 2,27 km/km2",Litosol,100 - 250 m (Sedang),1000 - 2000 mm/th (Sedang),0-8% (Datar),Sedang,Girimulyo
587,Hutan Lahan Kering,"1,44 - 2,27 km/km2",Litosol,100 - 250 m (Sedang),1000 - 2000 mm/th (Sedang),8-15% (Landai),Sedang,Girimulyo
588,Hutan Lahan Kering,"1,44 - 2,27 km/km2",Litosol,100 - 250 m (Sedang),1000 - 2000 mm/th (Sedang),15-25% (Agak Curam),Sedang,Girimulyo
589,Hutan Lahan Kering,"1,44 - 2,27 km/km2",Litosol,100 - 250 m (Sedang),1000 - 2000 mm/th (Sedang),25-40% (Curam),Sedang,Girimulyo
590,Hutan Lahan Kering,"1,44 - 2,27 km/km2",Litosol,100 - 250 m (Sedang),1000 - 2000 mm/th (Sedang),>40% (Sangat Curam),Sedang,Girimulyo
591,Hutan Lahan Kering,"1,44 - 2,27 km/km2",Litosol,100 - 250 m (Sedang),500 - 1000 mm/th (Agak Rendah),0-8% (Datar),Rendah,Dlingo
592,Hutan Lahan Kering,"1,44 - 2,27 km/km2",Litosol,100 - 250 m (Sedang),500 - 1000 mm/th (Agak Rendah),8-15% (Landai),Rendah,Dlingo
593,Hutan Lahan Kering,"1,44 - 2,27 km/km2",Litosol,100 - 250 m (Sedang),500 - 1000 mm/th (Agak Rendah),15-25% (Agak Curam),Rendah,Dlingo
594,Hutan Lahan Kering,"1,44 - 2,27 km/km2",Litosol,100 - 250 m (Sedang),500 - 1000 mm/th (Agak Rendah),25-40% (Curam),Rendah,Dlingo
595,Hutan Lahan Kering,"1,44 - 2,27 km/km2",Litosol,100 - 250 m (Sedang),500 - 1000 mm/th (Agak Rendah),>40% (Sangat Curam),Rendah,Dlingo
596,Hutan Lahan Kering,"1,44 - 2,27 km/km2",Litosol,250 - 500 m (Jauh),1000 - 2000 mm/th (Sedang),0-8% (Datar),Sedang,Girimulyo
597,Hutan Lahan Kering,"1,44 - 2,27 km/km2",Litosol,250 - 500 m (Jauh),1000 - 2000 mm/th (Sedang),8-15% (Landai),Sedang,Girimulyo
598,Hutan Lahan Kering,"1,44 - 2,27 km/km2",Litosol,250 - 500 m (Jauh),1000 - 2000 mm/th (Sedang),15-25% (Agak Curam),Rendah,Girimulyo
599,Hutan Lahan Kering,"1,44 - 2,27 km/km2",Litosol,250 - 500 m (Jauh),1000 - 2000 mm/th (Sedang),25-40% (Curam),Rendah,Girimulyo
600,Hutan Lahan Kering,"1,44 - 2,27 km/km2",Litosol,250 - 500 m (Jauh),1000 - 2000 mm/th (Sedang),>40% (Sangat Curam),Rendah,Girimulyo
601,Hutan Lahan Kering,"1,44 - 2,27 km/km2",Litosol,250 - 500 m (Jauh),500 - 1000 mm/th (Agak Rendah),0-8% (Datar),Rendah,Dlingo
602,Hutan Lahan Kering,"1,44 - 2,27 km/km2",Litosol,250 - 500 m (Jauh),500 - 1000 mm/th (Agak Rendah),8-15% (Landai),Rendah,Dlingo
603,Hutan Lahan Kering,"1,44 - 2,27 km/km2",Litosol,250 - 500 m (Jauh),500 - 1000 mm/th (Agak Rendah),15-25% (Agak Curam),Rendah,Dlingo
604,Hutan Lahan Kering,"1,44 - 2,27 km/km2",Litosol,250 - 500 m (Jauh),500 - 1000 mm/th (Agak Rendah),25-40% (Curam),Rendah,Dlingo
605,Hutan Lahan Kering,"1,44 - 2,27 km/km2",Litosol,250 - 500 m (Jauh),500 - 1000 mm/th (Agak Rendah),>40% (Sangat Curam),Rendah,Dlingo
606,Hutan Lahan Kering,"1,44 - 2,27 km/km2",Gleisol,>500 m (Sangat Jauh),1000 - 2000 mm/th (Sedang),0-8% (Datar),Sedang,Turi
607,Hutan Lahan Kering,"1,44 - 2,27 km/km2",Gleisol,>500 m (Sangat Jauh),500 - 1000 mm/th (Agak Rendah),0-8% (Datar),Rendah,Imogiri
608,Hutan Lahan Kering,"1,44 - 2,27 km/km2",Gleisol,>500 m (Sangat Jauh),500 - 1000 mm/th (Agak Rendah),8-15% (Landai),Rendah,Imogiri
609,Hutan Lahan Kering,"1,44 - 2,27 km/km2",Gleisol,>500 m (Sangat Jauh),500 - 1000 mm/th (Agak Rendah),15-25% (Agak Curam),Rendah,Imogiri
610,Hutan Lahan Kering,"1,44 - 2,27 km/km2",Gleisol,>500 m (Sangat Jauh),500 - 1000 mm/th (Agak Rendah),25-40% (Curam),Rendah,Imogiri
611,Hutan Lahan Kering,"1,44 - 2,27 km/km2",Gleisol,>500 m (Sangat Jauh),500 - 1000 mm/th (Agak Rendah),>40% (Sangat Curam),Rendah,Imogiri
612,Hutan Lahan Kering,"1,44 - 2,27 km/km2",Gleisol,0 - 50 m (Sangat Dekat),1000 - 2000 mm/th (Sedang),0-8% (Datar),Tinggi,Cangkringan
613,Hutan Lahan Kering,"1,44 - 2,27 km/km2",Gleisol,0 - 50 m (Sangat Dekat),1000 - 2000 mm/th (Sedang),8-15% (Landai),Tinggi,Cangkringan
614,Hutan Lahan Kering,"1,44 - 2,27 km/km2",Gleisol,0 - 50 m (Sangat Dekat),1000 - 2000 mm/th (Sedang),15-25% (Agak Curam),Sedang,Cangkringan
615,Hutan Lahan Kering,"1,44 - 2,27 km/km2",Gleisol,0 - 50 m (Sangat Dekat),1000 - 2000 mm/th (Sedang),25-40% (Curam),Sedang,Cangkringan
616,Hutan Lahan Kering,"1,44 - 2,27 km/km2",Gleisol,0 - 50 m (Sangat Dekat),1000 - 2000 mm/th (Sedang),>40% (Sangat Curam),Sedang,Cangkringan
617,Hutan Lahan Kering,"1,44 - 2,27 km/km2",Gleisol,0 - 50 m (Sangat Dekat),500 - 1000 mm/th (Agak Rendah),0-8% (Datar),Sedang,Dlingo
618,Hutan Lahan Kering,"1,44 - 2,27 km/km2",Gleisol,0 - 50 m (Sangat Dekat),500 - 1000 mm/th (Agak Rendah),8-15% (Landai),Sedang,Dlingo
619,Hutan Lahan Kering,"1,44 - 2,27 km/km2",Gleisol,0 - 50 m (Sangat Dekat),500 - 1000 mm/th (Agak Rendah),15-25% (Agak Curam),Sedang,Dlingo
620,Hutan Lahan Kering,"1,44 - 2,27 km/km2",Gleisol,0 - 50 m (Sangat Dekat),500 - 1000 mm/th (Agak Rendah),25-40% (Curam),Sedang,Dlingo
621,Hutan Lahan Kering,"1,44 - 2,27 km/km2",Gleisol,0 - 50 m (Sangat Dekat),500 - 1000 mm/th (Agak Rendah),>40% (Sangat Curam),Sedang,Dlingo
622,Hutan Lahan Kering,"1,44 - 2,27 km/km2",Gleisol,50 - 100 m (Dekat),1000 - 2000 mm/th (Sedang),0-8% (Datar),Sedang,Cangkringan
623,Hutan Lahan Kering,"1,44 - 2,27 km/km2",Gleisol,50 - 100 m (Dekat),1000 - 2000 mm/th (Sedang),8-15% (Landai),Sedang,Cangkringan
624,Hutan Lahan Kering,"1,44 - 2,27 km/km2",Gleisol,50 - 100 m (Dekat),1000 - 2000 mm/th (Sedang),15-25% (Agak Curam),Sedang,Cangkringan
625,Hutan Lahan Kering,"1,44 - 2,27 km/km2",Gleisol,50 - 100 m (Dekat),1000 - 2000 mm/th (Sedang),25-40% (Curam),Sedang,Cangkringan
626,Hutan Lahan Kering,"1,44 - 2,27 km/km2",Gleisol,50 - 100 m (Dekat),1000 - 2000 mm/th (Sedang),>40% (Sangat Curam),Sedang,Cangkringan
627,Hutan Lahan Kering,"1,44 - 2,27 km/km2",Gleisol,50 - 100 m (Dekat),500 - 1000 mm/th (Agak Rendah),0-8% (Datar),Sedang,Dlingo
628,Hutan Lahan Kering,"1,44 - 2,27 km/km2",Gleisol,50 - 100 m (Dekat),500 - 1000 mm/th (Agak Rendah),8-15% (Landai),Sedang,Dlingo
629,Hutan Lahan Kering,"1,44 - 2,27 km/km2",Gleisol,50 - 100 m (Dekat),500 - 1000 mm/th (Agak Rendah),15-25% (Agak Curam),Sedang,Dlingo
630,Hutan Lahan Kering,"1,44 - 2,27 km/km2",Gleisol,50 - 100 m (Dekat),500 - 1000 mm/th (Agak Rendah),25-40% (Curam),Sedang,Dlingo
631,Hutan Lahan Kering,"1,44 - 2,27 km/km2",Gleisol,50 - 100 m (Dekat),500 - 1000 mm/th (Agak Rendah),>40% (Sangat Curam),Sedang,Dlingo
632,Hutan Lahan Kering,"1,44 - 2,27 km/km2",Gleisol,100 - 250 m (Sedang),1000 - 2000 mm/th (Sedang),0-8% (Datar),Sedang,Cangkringan
633,Hutan Lahan Kering,"1,44 - 2,27 km/km2",Gleisol,100 - 250 m (Sedang),1000 - 2000 mm/th (Sedang),8-15% (Landai),Sedang,Cangkringan
634,Hutan Lahan Kering,"1,44 - 2,27 km/km2",Gleisol,100 - 250 m (Sedang),1000 - 2000 mm/th (Sedang),15-25% (Agak Curam),Sedang,Cangkringan
635,Hutan Lahan Kering,"1,44 - 2,27 km/km2",Gleisol,100 - 250 m (Sedang),1000 - 2000 mm/th (Sedang),25-40% (Curam),Sedang,Cangkringan
636,Hutan Lahan Kering,"1,44 - 2,27 km/km2",Gleisol,100 - 250 m (Sedang),1000 - 2000 mm/th (Sedang),>40% (Sangat Curam),Sedang,Cangkringan
637,Hutan Lahan Kering,"1,44 - 2,27 km/km2",Gleisol,100 - 250 m (Sedang),500 - 1000 mm/th (Agak Rendah),0-8% (Datar),Sedang,Dlingo
638,Hutan Lahan Kering,"1,44 - 2,27 km/km2",Gleisol,100 - 250 m (Sedang),500 - 1000 mm/th (Agak Rendah),8-15% (Landai),Sedang,Dlingo
639,Hutan Lahan Kering,"1,44 - 2,27 km/km2",Gleisol,100 - 250 m (Sedang),500 - 1000 mm/th (Agak Rendah),15-25% (Agak Curam),Sedang,Dlingo
640,Hutan Lahan Kering,"1,44 - 2,27 km/km2",Gleisol,100 - 250 m (Sedang),500 - 1000 mm/th (Agak Rendah),25-40% (Curam),Sedang,Dlingo
641,Hutan Lahan Kering,"1,44 - 2,27 km/km2",Gleisol,100 - 250 m (Sedang),500 - 1000 mm/th (Agak Rendah),>40% (Sangat Curam),Rendah,Dlingo
642,Hutan Lahan Kering,"1,44 - 2,27 km/km2",Gleisol,250 - 500 m (Jauh),1000 - 2000 mm/th (Sedang),0-8% (Datar),Sedang,Cangkringan
643,Hutan Lahan Kering,"1,44 - 2,27 km/km2",Gleisol,250 - 500 m (Jauh),1000 - 2000 mm/th (Sedang),8-15% (Landai),Sedang,Cangkringan
644,Hutan Lahan Kering,"1,44 - 2,27 km/km2",Gleisol,250 - 500 m (Jauh),1000 - 2000 mm/th (Sedang),15-25% (Agak Curam),Sedang,Cangkringan
645,Hutan Lahan Kering,"1,44 - 2,27 km/km2",Gleisol,250 - 500 m (Jauh),1000 - 2000 mm/th (Sedang),25-40% (Curam),Sedang,Turi
646,Hutan Lahan Kering,"1,44 - 2,27 km/km2",Gleisol,250 - 500 m (Jauh),1000 - 2000 mm/th (Sedang),>40% (Sangat Curam),Sedang,Turi
647,Hutan Lahan Kering,"1,44 - 2,27 km/km2",Gleisol,250 - 500 m (Jauh),500 - 1000 mm/th (Agak Rendah),0-8% (Datar),Rendah,Dlingo
648,Hutan Lahan Kering,"1,44 - 2,27 km/km2",Gleisol,250 - 500 m (Jauh),500 - 1000 mm/th (Agak Rendah),8-15% (Landai),Rendah,Dlingo
649,Hutan Lahan Kering,"1,44 - 2,27 km/km2",Gleisol,250 - 500 m (Jauh),500 - 1000 mm/th (Agak Rendah),15-25% (Agak Curam),Rendah,Dlingo
650,Hutan Lahan Kering,"1,44 - 2,27 km/km2",Gleisol,250 - 500 m (Jauh),500 - 1000 mm/th (Agak Rendah),25-40% (Curam),Rendah,Dlingo
651,Hutan Lahan Kering,"1,44 - 2,27 km/km2",Gleisol,250 - 500 m (Jauh),500 - 1000 mm/th (Agak Rendah),>40% (Sangat Curam),Rendah,Dlingo
652,Hutan Lahan Kering,"1,44 - 2,27 km/km2",Fluvisol,>500 m (Sangat Jauh),1000 - 2000 mm/th (Sedang),15-25% (Agak Curam),Rendah,Kokap
653,Hutan Lahan Kering,"1,44 - 2,27 km/km2",Fluvisol,>500 m (Sangat Jauh),1000 - 2000 mm/th (Sedang),25-40% (Curam),Rendah,Kokap
654,Hutan Lahan Kering,"1,44 - 2,27 km/km2",Fluvisol,>500 m (Sangat Jauh),1000 - 2000 mm/th (Sedang),>40% (Sangat Curam),Rendah,Kokap
655,Hutan Lahan Kering,"1,44 - 2,27 km/km2",Fluvisol,>500 m (Sangat Jauh),500 - 1000 mm/th (Agak Rendah),0-8% (Datar),Rendah,Kretek
656,Hutan Lahan Kering,"1,44 - 2,27 km/km2",Fluvisol,>500 m (Sangat Jauh),500 - 1000 mm/th (Agak Rendah),8-15% (Landai),Rendah,Kretek
657,Hutan Lahan Kering,"1,44 - 2,27 km/km2",Fluvisol,>500 m (Sangat Jauh),500 - 1000 mm/th (Agak Rendah),15-25% (Agak Curam),Rendah,Kretek
658,Hutan Lahan Kering,"1,44 - 2,27 km/km2",Fluvisol,>500 m (Sangat Jauh),500 - 1000 mm/th (Agak Rendah),25-40% (Curam),Rendah,Kretek
659,Hutan Lahan Kering,"1,44 - 2,27 km/km2",Fluvisol,>500 m (Sangat Jauh),500 - 1000 mm/th (Agak Rendah),>40% (Sangat Curam),Rendah,Kretek
660,Hutan Lahan Kering,"1,44 - 2,27 km/km2",Fluvisol,0 - 50 m (Sangat Dekat),1000 - 2000 mm/th (Sedang),0-8% (Datar),Tinggi,Kokap
661,Hutan Lahan Kering,"1,44 - 2,27 km/km2",Fluvisol,0 - 50 m (Sangat Dekat),1000 - 2000 mm/th (Sedang),8-15% (Landai),Tinggi,Kokap
662,Hutan Lahan Kering,"1,44 - 2,27 km/km2",Fluvisol,0 - 50 m (Sangat Dekat),1000 - 2000 mm/th (Sedang),15-25% (Agak Curam),Sedang,Kokap
663,Hutan Lahan Kering,"1,44 - 2,27 km/km2",Fluvisol,0 - 50 m (Sangat Dekat),1000 - 2000 mm/th (Sedang),25-40% (Curam),Sedang,Kokap
664,Hutan Lahan Kering,"1,44 - 2,27 km/km2",Fluvisol,0 - 50 m (Sangat Dekat),1000 - 2000 mm/th (Sedang),>40% (Sangat Curam),Sedang,Kokap
665,Hutan Lahan Kering,"1,44 - 2,27 km/km2",Fluvisol,0 - 50 m (Sangat Dekat),500 - 1000 mm/th (Agak Rendah),0-8% (Datar),Sedang,Galur
666,Hutan Lahan Kering,"1,44 - 2,27 km/km2",Fluvisol,0 - 50 m (Sangat Dekat),500 - 1000 mm/th (Agak Rendah),8-15% (Landai),Sedang,Galur
667,Hutan Lahan Kering,"1,44 - 2,27 km/km2",Fluvisol,0 - 50 m (Sangat Dekat),500 - 1000 mm/th (Agak Rendah),15-25% (Agak Curam),Sedang,Galur
668,Hutan Lahan Kering,"1,44 - 2,27 km/km2",Fluvisol,0 - 50 m (Sangat Dekat),500 - 1000 mm/th (Agak Rendah),25-40% (Curam),Sedang,Galur
669,Hutan Lahan Kering,"1,44 - 2,27 km/km2",Fluvisol,50 - 100 m (Dekat),1000 - 2000 mm/th (Sedang),0-8% (Datar),Sedang,Kokap
670,Hutan Lahan Kering,"1,44 - 2,27 km/km2",Fluvisol,50 - 100 m (Dekat),1000 - 2000 mm/th (Sedang),8-15% (Landai),Sedang,Kokap
671,Hutan Lahan Kering,"1,44 - 2,27 km/km2",Fluvisol,50 - 100 m (Dekat),1000 - 2000 mm/th (Sedang),15-25% (Agak Curam),Sedang,Kokap
672,Hutan Lahan Kering,"1,44 - 2,27 km/km2",Fluvisol,50 - 100 m (Dekat),1000 - 2000 mm/th (Sedang),25-40% (Curam),Sedang,Kokap
673,Hutan Lahan Kering,"1,44 - 2,27 km/km2",Fluvisol,50 - 100 m (Dekat),1000 - 2000 mm/th (Sedang),>40% (Sangat Curam),Sedang,Kokap
674,Hutan Lahan Kering,"1,44 - 2,27 km/km2",Fluvisol,50 - 100 m (Dekat),500 - 1000 mm/th (Agak Rendah),0-8% (Datar),Sedang,Galur
675,Hutan Lahan Kering,"1,44 - 2,27 km/km2",Fluvisol,50 - 100 m (Dekat),500 - 1000 mm/th (Agak Rendah),8-15% (Landai),Sedang,Galur
676,Hutan Lahan Kering,"1,44 - 2,27 km/km2",Fluvisol,50 - 100 m (Dekat),500 - 1000 mm/th (Agak Rendah),15-25% (Agak Curam),Sedang,Galur
677,Hutan Lahan Kering,"1,44 - 2,27 km/km2",Fluvisol,50 - 100 m (Dekat),500 - 1000 mm/th (Agak Rendah),25-40% (Curam),Sedang,Galur
678,Hutan Lahan Kering,"1,44 - 2,27 km/km2",Fluvisol,100 - 250 m (Sedang),1000 - 2000 mm/th (Sedang),0-8% (Datar),Sedang,Kokap
679,Hutan Lahan Kering,"1,44 - 2,27 km/km2",Fluvisol,100 - 250 m (Sedang),1000 - 2000 mm/th (Sedang),8-15% (Landai),Sedang,Kokap
680,Hutan Lahan Kering,"1,44 - 2,27 km/km2",Fluvisol,100 - 250 m (Sedang),1000 - 2000 mm/th (Sedang),15-25% (Agak Curam),Sedang,Kokap
681,Hutan Lahan Kering,"1,44 - 2,27 km/km2",Fluvisol,100 - 250 m (Sedang),1000 - 2000 mm/th (Sedang),25-40% (Curam),Sedang,Kokap
682,Hutan Lahan Kering,"1,44 - 2,27 km/km2",Fluvisol,100 - 250 m (Sedang),1000 - 2000 mm/th (Sedang),>40% (Sangat Curam),Sedang,Kokap
683,Hutan Lahan Kering,"1,44 - 2,27 km/km2",Fluvisol,100 - 250 m (Sedang),500 - 1000 mm/th (Agak Rendah),0-8% (Datar),Sedang,Galur
684,Hutan Lahan Kering,"1,44 - 2,27 km/km2",Fluvisol,100 - 250 m (Sedang),500 - 1000 mm/th (Agak Rendah),8-15% (Landai),Sedang,Galur
685,Hutan Lahan Kering,"1,44 - 2,27 km/km2",Fluvisol,100 - 250 m (Sedang),500 - 1000 mm/th (Agak Rendah),15-25% (Agak Curam),Sedang,Galur
686,Hutan Lahan Kering,"1,44 - 2,27 km/km2",Fluvisol,100 - 250 m (Sedang),500 - 1000 mm/th (Agak Rendah),25-40% (Curam),Sedang,Lendah
687,Hutan Lahan Kering,"1,44 - 2,27 km/km2",Fluvisol,250 - 500 m (Jauh),1000 - 2000 mm/th (Sedang),0-8% (Datar),Sedang,Kokap
688,Hutan Lahan Kering,"1,44 - 2,27 km/km2",Fluvisol,250 - 500 m (Jauh),1000 - 2000 mm/th (Sedang),8-15% (Landai),Sedang,Kokap
689,Hutan Lahan Kering,"1,44 - 2,27 km/km2",Fluvisol,250 - 500 m (Jauh),1000 - 2000 mm/th (Sedang),15-25% (Agak Curam),Sedang,Kokap
690,Hutan Lahan Kering,"1,44 - 2,27 km/km2",Fluvisol,250 - 500 m (Jauh),1000 - 2000 mm/th (Sedang),25-40% (Curam),Sedang,Kokap
691,Hutan Lahan Kering,"1,44 - 2,27 km/km2",Fluvisol,250 - 500 m (Jauh),1000 - 2000 mm/th (Sedang),>40% (Sangat Curam),Sedang,Kokap
692,Hutan Lahan Kering,"1,44 - 2,27 km/km2",Fluvisol,250 - 500 m (Jauh),500 - 1000 mm/th (Agak Rendah),0-8% (Datar),Rendah,Galur
693,Hutan Lahan Kering,"1,44 - 2,27 km/km2",Fluvisol,250 - 500 m (Jauh),500 - 1000 mm/th (Agak Rendah),8-15% (Landai),Rendah,Kokap
694,Hutan Lahan Kering,"1,44 - 2,27 km/km2",Fluvisol,250 - 500 m (Jauh),500 - 1000 mm/th (Agak Rendah),15-25% (Agak Curam),Rendah,Lendah
695,Hutan Lahan Kering,"1,44 - 2,27 km/km2",Fluvisol,250 - 500 m (Jauh),500 - 1000 mm/th (Agak Rendah),25-40% (Curam),Rendah,Lendah
696,Hutan Lahan Kering,"1,44 - 2,27 km/km2",Fluvisol,250 - 500 m (Jauh),500 - 1000 mm/th (Agak Rendah),>40% (Sangat Curam),Rendah,Purwosari
697,Hutan Lahan Kering,"1,44 - 2,27 km/km2",Nitosol,>500 m (Sangat Jauh),1000 - 2000 mm/th (Sedang),0-8% (Datar),Rendah,Girimulyo
698,Hutan Lahan Kering,"1,44 - 2,27 km/km2",Nitosol,>500 m (Sangat Jauh),1000 - 2000 mm/th (Sedang),8-15% (Landai),Rendah,Girimulyo
699,Hutan Lahan Kering,"1,44 - 2,27 km/km2",Nitosol,>500 m (Sangat Jauh),1000 - 2000 mm/th (Sedang),15-25% (Agak Curam),Rendah,Girimulyo
700,Hutan Lahan Kering,"1,44 - 2,27 km/km2",Nitosol,>500 m (Sangat Jauh),1000 - 2000 mm/th (Sedang),25-40% (Curam),Rendah,Girimulyo
701,Hutan Lahan Kering,"1,44 - 2,27 km/km2",Nitosol,>500 m (Sangat Jauh),1000 - 2000 mm/th (Sedang),>40% (Sangat Curam),Rendah,Girimulyo
702,Hutan Lahan Kering,"1,44 - 2,27 km/km2",Nitosol,0 - 50 m (Sangat Dekat),1000 - 2000 mm/th (Sedang),0-8% (Datar),Tinggi,Girimulyo
703,Hutan Lahan Kering,"1,44 - 2,27 km/km2",Nitosol,0 - 50 m (Sangat Dekat),1000 - 2000 mm/th (Sedang),8-15% (Landai),Sedang,Girimulyo
704,Hutan Lahan Kering,"1,44 - 2,27 km/km2",Nitosol,0 - 50 m (Sangat Dekat),1000 - 2000 mm/th (Sedang),15-25% (Agak Curam),Sedang,Girimulyo
705,Hutan Lahan Kering,"1,44 - 2,27 km/km2",Nitosol,0 - 50 m (Sangat Dekat),1000 - 2000 mm/th (Sedang),25-40% (Curam),Sedang,Girimulyo
706,Hutan Lahan Kering,"1,44 - 2,27 km/km2",Nitosol,0 - 50 m (Sangat Dekat),1000 - 2000 mm/th (Sedang),>40% (Sangat Curam),Sedang,Girimulyo
707,Hutan Lahan Kering,"1,44 - 2,27 km/km2",Nitosol,50 - 100 m (Dekat),1000 - 2000 mm/th (Sedang),0-8% (Datar),Sedang,Girimulyo
708,Hutan Lahan Kering,"1,44 - 2,27 km/km2",Nitosol,50 - 100 m (Dekat),1000 - 2000 mm/th (Sedang),8-15% (Landai),Sedang,Girimulyo
709,Hutan Lahan Kering,"1,44 - 2,27 km/km2",Nitosol,50 - 100 m (Dekat),1000 - 2000 mm/th (Sedang),15-25% (Agak Curam),Sedang,Girimulyo
710,Hutan Lahan Kering,"1,44 - 2,27 km/km2",Nitosol,50 - 100 m (Dekat),1000 - 2000 mm/th (Sedang),25-40% (Curam),Sedang,Girimulyo
711,Hutan Lahan Kering,"1,44 - 2,27 km/km2",Nitosol,50 - 100 m (Dekat),1000 - 2000 mm/th (Sedang),>40% (Sangat Curam),Sedang,Girimulyo
712,Hutan Lahan Kering,"1,44 - 2,27 km/km2",Nitosol,50 - 100 m (Dekat),500 - 1000 mm/th (Agak Rendah),0-8% (Datar),Sedang,Kokap
713,Hutan Lahan Kering,"1,44 - 2,27 km/km2",Nitosol,100 - 250 m (Sedang),1000 - 2000 mm/th (Sedang),0-8% (Datar),Sedang,Girimulyo
714,Hutan Lahan Kering,"1,44 - 2,27 km/km2",Nitosol,100 - 250 m (Sedang),1000 - 2000 mm/th (Sedang),8-15% (Landai),Sedang,Girimulyo
715,Hutan Lahan Kering,"1,44 - 2,27 km/km2",Nitosol,100 - 250 m (Sedang),1000 - 2000 mm/th (Sedang),15-25% (Agak Curam),Sedang,Girimulyo
716,Hutan Lahan Kering,"1,44 - 2,27 km/km2",Nitosol,100 - 250 m (Sedang),1000 - 2000 mm/th (Sedang),25-40% (Curam),Sedang,Girimulyo
717,Hutan Lahan Kering,"1,44 - 2,27 km/km2",Nitosol,100 - 250 m (Sedang),1000 - 2000 mm/th (Sedang),>40% (Sangat Curam),Sedang,Girimulyo
718,Hutan Lahan Kering,"1,44 - 2,27 km/km2",Nitosol,100 - 250 m (Sedang),500 - 1000 mm/th (Agak Rendah),0-8% (Datar),Sedang,Kokap
719,Hutan Lahan Kering,"1,44 - 2,27 km/km2",Nitosol,100 - 250 m (Sedang),500 - 1000 mm/th (Agak Rendah),8-15% (Landai),Sedang,Kokap
720,Hutan Lahan Kering,"1,44 - 2,27 km/km2",Nitosol,100 - 250 m (Sedang),500 - 1000 mm/th (Agak Rendah),15-25% (Agak Curam),Rendah,Kokap
721,Hutan Lahan Kering,"1,44 - 2,27 km/km2",Nitosol,250 - 500 m (Jauh),1000 - 2000 mm/th (Sedang),0-8% (Datar),Sedang,Girimulyo
722,Hutan Lahan Kering,"1,44 - 2,27 km/km2",Nitosol,250 - 500 m (Jauh),1000 - 2000 mm/th (Sedang),8-15% (Landai),Sedang,Girimulyo
723,Hutan Lahan Kering,"1,44 - 2,27 km/km2",Nitosol,250 - 500 m (Jauh),1000 - 2000 mm/th (Sedang),15-25% (Agak Curam),Sedang,Girimulyo
724,Hutan Lahan Kering,"1,44 - 2,27 km/km2",Nitosol,250 - 500 m (Jauh),1000 - 2000 mm/th (Sedang),25-40% (Curam),Sedang,Girimulyo
725,Hutan Lahan Kering,"1,44 - 2,27 km/km2",Nitosol,250 - 500 m (Jauh),1000 - 2000 mm/th (Sedang),>40% (Sangat Curam),Rendah,Girimulyo
726,Hutan Lahan Kering,"1,44 - 2,27 km/km2",Vertisol,>500 m (Sangat Jauh),500 - 1000 mm/th (Agak Rendah),0-8% (Datar),Rendah,Karangmojo
727,Hutan Lahan Kering,"1,44 - 2,27 km/km2",Vertisol,>500 m (Sangat Jauh),500 - 1000 mm/th (Agak Rendah),8-15% (Landai),Rendah,Karangmojo
728,Hutan Lahan Kering,"1,44 - 2,27 km/km2",Vertisol,>500 m (Sangat Jauh),500 - 1000 mm/th (Agak Rendah),15-25% (Agak Curam),Rendah,Karangmojo
729,Hutan Lahan Kering,"1,44 - 2,27 km/km2",Vertisol,0 - 50 m (Sangat Dekat),500 - 1000 mm/th (Agak Rendah),0-8% (Datar),Sedang,Gedangsari
730,Hutan Lahan Kering,"1,44 - 2,27 km/km2",Vertisol,0 - 50 m (Sangat Dekat),500 - 1000 mm/th (Agak Rendah),8-15% (Landai),Sedang,Gedangsari
731,Hutan Lahan Kering,"1,44 - 2,27 km/km2",Vertisol,0 - 50 m (Sangat Dekat),500 - 1000 mm/th (Agak Rendah),15-25% (Agak Curam),Sedang,Gedangsari
732,Hutan Lahan Kering,"1,44 - 2,27 km/km2",Vertisol,0 - 50 m (Sangat Dekat),500 - 1000 mm/th (Agak Rendah),25-40% (Curam),Sedang,Karangmojo
733,Hutan Lahan Kering,"1,44 - 2,27 km/km2",Vertisol,0 - 50 m (Sangat Dekat),500 - 1000 mm/th (Agak Rendah),>40% (Sangat Curam),Sedang,Paliyan
734,Hutan Lahan Kering,"1,44 - 2,27 km/km2",Vertisol,50 - 100 m (Dekat),500 - 1000 mm/th (Agak Rendah),0-8% (Datar),Sedang,Gedangsari
735,Hutan Lahan Kering,"1,44 - 2,27 km/km2",Vertisol,50 - 100 m (Dekat),500 - 1000 mm/th (Agak Rendah),8-15% (Landai),Sedang,Gedangsari
736,Hutan Lahan Kering,"1,44 - 2,27 km/km2",Vertisol,50 - 100 m (Dekat),500 - 1000 mm/th (Agak Rendah),15-25% (Agak Curam),Sedang,Gedangsari
737,Hutan Lahan Kering,"1,44 - 2,27 km/km2",Vertisol,50 - 100 m (Dekat),500 - 1000 mm/th (Agak Rendah),25-40% (Curam),Sedang,Karangmojo
738,Hutan Lahan Kering,"1,44 - 2,27 km/km2",Vertisol,50 - 100 m (Dekat),500 - 1000 mm/th (Agak Rendah),>40% (Sangat Curam),Sedang,Paliyan
739,Hutan Lahan Kering,"1,44 - 2,27 km/km2",Vertisol,100 - 250 m (Sedang),500 - 1000 mm/th (Agak Rendah),0-8% (Datar),Sedang,Gedangsari
740,Hutan Lahan Kering,"1,44 - 2,27 km/km2",Vertisol,100 - 250 m (Sedang),500 - 1000 mm/th (Agak Rendah),8-15% (Landai),Sedang,Gedangsari
741,Hutan Lahan Kering,"1,44 - 2,27 km/km2",Vertisol,100 - 250 m (Sedang),500 - 1000 mm/th (Agak Rendah),15-25% (Agak Curam),Sedang,Gedangsari
742,Hutan Lahan Kering,"1,44 - 2,27 km/km2",Vertisol,100 - 250 m (Sedang),500 - 1000 mm/th (Agak Rendah),25-40% (Curam),Rendah,Karangmojo
743,Hutan Lahan Kering,"1,44 - 2,27 km/km2",Vertisol,250 - 500 m (Jauh),500 - 1000 mm/th (Agak Rendah),0-8% (Datar),Rendah,Gedangsari
744,Hutan Lahan Kering,"1,44 - 2,27 km/km2",Vertisol,250 - 500 m (Jauh),500 - 1000 mm/th (Agak Rendah),8-15% (Landai),Rendah,Gedangsari
745,Hutan Lahan Kering,"1,44 - 2,27 km/km2",Vertisol,250 - 500 m (Jauh),500 - 1000 mm/th (Agak Rendah),15-25% (Agak Curam),Rendah,Karangmojo
746,Hutan Lahan Kering,"1,44 - 2,27 km/km2",Vertisol,250 - 500 m (Jauh),500 - 1000 mm/th (Agak Rendah),25-40% (Curam),Rendah,Karangmojo
747,Hutan Lahan Kering,"2,27 - 3,10 km/km2",Luvisol,0 - 50 m (Sangat Dekat),1000 - 2000 mm/th (Sedang),0-8% (Datar),Sedang,Tempel
748,Hutan Lahan Kering,"2,27 - 3,10 km/km2",Luvisol,0 - 50 m (Sangat Dekat),1000 - 2000 mm/th (Sedang),8-15% (Landai),Sedang,Tempel
749,Hutan Lahan Kering,"2,27 - 3,10 km/km2",Luvisol,0 - 50 m (Sangat Dekat),1000 - 2000 mm/th (Sedang),15-25% (Agak Curam),Sedang,Tempel
750,Hutan Lahan Kering,"2,27 - 3,10 km/km2",Luvisol,0 - 50 m (Sangat Dekat),500 - 1000 mm/th (Agak Rendah),0-8% (Datar),Sedang,Gedangsari
751,Hutan Lahan Kering,"2,27 - 3,10 km/km2",Luvisol,0 - 50 m (Sangat Dekat),500 - 1000 mm/th (Agak Rendah),8-15% (Landai),Sedang,Gedangsari
752,Hutan Lahan Kering,"2,27 - 3,10 km/km2",Luvisol,0 - 50 m (Sangat Dekat),500 - 1000 mm/th (Agak Rendah),15-25% (Agak Curam),Sedang,Gedangsari
753,Hutan Lahan Kering,"2,27 - 3,10 km/km2",Luvisol,0 - 50 m (Sangat Dekat),500 - 1000 mm/th (Agak Rendah),25-40% (Curam),Sedang,Gedangsari
754,Hutan Lahan Kering,"2,27 - 3,10 km/km2",Luvisol,0 - 50 m (Sangat Dekat),500 - 1000 mm/th (Agak Rendah),>40% (Sangat Curam),Sedang,Gedangsari
755,Hutan Lahan Kering,"2,27 - 3,10 km/km2",Luvisol,50 - 100 m (Dekat),500 - 1000 mm/th (Agak Rendah),0-8% (Datar),Sedang,Gedangsari
756,Hutan Lahan Kering,"2,27 - 3,10 km/km2",Luvisol,50 - 100 m (Dekat),500 - 1000 mm/th (Agak Rendah),8-15% (Landai),Sedang,Gedangsari
757,Hutan Lahan Kering,"2,27 - 3,10 km/km2",Luvisol,50 - 100 m (Dekat),500 - 1000 mm/th (Agak Rendah),15-25% (Agak Curam),Sedang,Gedangsari
758,Hutan Lahan Kering,"2,27 - 3,10 km/km2",Luvisol,50 - 100 m (Dekat),500 - 1000 mm/th (Agak Rendah),25-40% (Curam),Sedang,Gedangsari
759,Hutan Lahan Kering,"2,27 - 3,10 km/km2",Luvisol,50 - 100 m (Dekat),500 - 1000 mm/th (Agak Rendah),>40% (Sangat Curam),Rendah,Gedangsari
760,Hutan Lahan Kering,"2,27 - 3,10 km/km2",Luvisol,100 - 250 m (Sedang),1000 - 2000 mm/th (Sedang),0-8% (Datar),Sedang,Tempel
761,Hutan Lahan Kering,"2,27 - 3,10 km/km2",Luvisol,100 - 250 m (Sedang),500 - 1000 mm/th (Agak Rendah),0-8% (Datar),Rendah,Gedangsari
762,Hutan Lahan Kering,"2,27 - 3,10 km/km2",Luvisol,100 - 250 m (Sedang),500 - 1000 mm/th (Agak Rendah),8-15% (Landai),Rendah,Gedangsari
763,Hutan Lahan Kering,"2,27 - 3,10 km/km2",Luvisol,100 - 250 m (Sedang),500 - 1000 mm/th (Agak Rendah),15-25% (Agak Curam),Rendah,Gedangsari
764,Hutan Lahan Kering,"2,27 - 3,10 km/km2",Luvisol,100 - 250 m (Sedang),500 - 1000 mm/th (Agak Rendah),25-40% (Curam),Rendah,Gedangsari
765,Hutan Lahan Kering,"2,27 - 3,10 km/km2",Luvisol,100 - 250 m (Sedang),500 - 1000 mm/th (Agak Rendah),>40% (Sangat Curam),Rendah,Gedangsari
766,Hutan Lahan Kering,"2,27 - 3,10 km/km2",Luvisol,250 - 500 m (Jauh),500 - 1000 mm/th (Agak Rendah),0-8% (Datar),Rendah,Gedangsari
767,Hutan Lahan Kering,"2,27 - 3,10 km/km2",Luvisol,250 - 500 m (Jauh),500 - 1000 mm/th (Agak Rendah),8-15% (Landai),Rendah,Gedangsari
768,Hutan Lahan Kering,"2,27 - 3,10 km/km2",Luvisol,250 - 500 m (Jauh),500 - 1000 mm/th (Agak Rendah),15-25% (Agak Curam),Rendah,Gedangsari
769,Hutan Lahan Kering,"2,27 - 3,10 km/km2",Luvisol,250 - 500 m (Jauh),500 - 1000 mm/th (Agak Rendah),25-40% (Curam),Rendah,Gedangsari
770,Hutan Lahan Kering,"2,27 - 3,10 km/km2",Luvisol,250 - 500 m (Jauh),500 - 1000 mm/th (Agak Rendah),>40% (Sangat Curam),Rendah,Gedangsari
771,Hutan Lahan Kering,"2,27 - 3,10 km/km2",Litosol,>500 m (Sangat Jauh),1000 - 2000 mm/th (Sedang),0-8% (Datar),Rendah,Girimulyo
772,Hutan Lahan Kering,"2,27 - 3,10 km/km2",Litosol,>500 m (Sangat Jauh),1000 - 2000 mm/th (Sedang),8-15% (Landai),Rendah,Girimulyo
773,Hutan Lahan Kering,"2,27 - 3,10 km/km2",Litosol,>500 m (Sangat Jauh),1000 - 2000 mm/th (Sedang),15-25% (Agak Curam),Rendah,Girimulyo
774,Hutan Lahan Kering,"2,27 - 3,10 km/km2",Litosol,>500 m (Sangat Jauh),1000 - 2000 mm/th (Sedang),25-40% (Curam),Rendah,Girimulyo
775,Hutan Lahan Kering,"2,27 - 3,10 km/km2",Litosol,>500 m (Sangat Jauh),1000 - 2000 mm/th (Sedang),>40% (Sangat Curam),Rendah,Girimulyo
776,Hutan Lahan Kering,"2,27 - 3,10 km/km2",Litosol,>500 m (Sangat Jauh),500 - 1000 mm/th (Agak Rendah),0-8% (Datar),Rendah,Dlingo
777,Hutan Lahan Kering,"2,27 - 3,10 km/km2",Litosol,>500 m (Sangat Jauh),500 - 1000 mm/th (Agak Rendah),8-15% (Landai),Rendah,Dlingo
778,Hutan Lahan Kering,"2,27 - 3,10 km/km2",Litosol,>500 m (Sangat Jauh),500 - 1000 mm/th (Agak Rendah),15-25% (Agak Curam),Rendah,Dlingo
779,Hutan Lahan Kering,"2,27 - 3,10 km/km2",Litosol,>500 m (Sangat Jauh),500 - 1000 mm/th (Agak Rendah),25-40% (Curam),Rendah,Dlingo
780,Hutan Lahan Kering,"2,27 - 3,10 km/km2",Litosol,>500 m (Sangat Jauh),500 - 1000 mm/th (Agak Rendah),>40% (Sangat Curam),Rendah,Dlingo
781,Hutan Lahan Kering,"2,27 - 3,10 km/km2",Litosol,0 - 50 m (Sangat Dekat),1000 - 2000 mm/th (Sedang),0-8% (Datar),Sedang,Girimulyo
782,Hutan Lahan Kering,"2,27 - 3,10 km/km2",Litosol,0 - 50 m (Sangat Dekat),1000 - 2000 mm/th (Sedang),8-15% (Landai),Sedang,Girimulyo
783,Hutan Lahan Kering,"2,27 - 3,10 km/km2",Litosol,0 - 50 m (Sangat Dekat),1000 - 2000 mm/th (Sedang),15-25% (Agak Curam),Sedang,Girimulyo
784,Hutan Lahan Kering,"2,27 - 3,10 km/km2",Litosol,0 - 50 m (Sangat Dekat),1000 - 2000 mm/th (Sedang),25-40% (Curam),Sedang,Girimulyo
785,Hutan Lahan Kering,"2,27 - 3,10 km/km2",Litosol,0 - 50 m (Sangat Dekat),1000 - 2000 mm/th (Sedang),>40% (Sangat Curam),Sedang,Girimulyo
786,Hutan Lahan Kering,"2,27 - 3,10 km/km2",Litosol,0 - 50 m (Sangat Dekat),500 - 1000 mm/th (Agak Rendah),0-8% (Datar),Sedang,Dlingo
787,Hutan Lahan Kering,"2,27 - 3,10 km/km2",Litosol,0 - 50 m (Sangat Dekat),500 - 1000 mm/th (Agak Rendah),8-15% (Landai),Sedang,Dlingo
788,Hutan Lahan Kering,"2,27 - 3,10 km/km2",Litosol,0 - 50 m (Sangat Dekat),500 - 1000 mm/th (Agak Rendah),15-25% (Agak Curam),Sedang,Dlingo
789,Hutan Lahan Kering,"2,27 - 3,10 km/km2",Litosol,0 - 50 m (Sangat Dekat),500 - 1000 mm/th (Agak Rendah),25-40% (Curam),Sedang,Dlingo
790,Hutan Lahan Kering,"2,27 - 3,10 km/km2",Litosol,0 - 50 m (Sangat Dekat),500 - 1000 mm/th (Agak Rendah),>40% (Sangat Curam),Sedang,Dlingo
791,Hutan Lahan Kering,"2,27 - 3,10 km/km2",Litosol,50 - 100 m (Dekat),1000 - 2000 mm/th (Sedang),0-8% (Datar),Sedang,Girimulyo
792,Hutan Lahan Kering,"2,27 - 3,10 km/km2",Litosol,50 - 100 m (Dekat),1000 - 2000 mm/th (Sedang),8-15% (Landai),Sedang,Girimulyo
793,Hutan Lahan Kering,"2,27 - 3,10 km/km2",Litosol,50 - 100 m (Dekat),1000 - 2000 mm/th (Sedang),15-25% (Agak Curam),Sedang,Girimulyo
794,Hutan Lahan Kering,"2,27 - 3,10 km/km2",Litosol,50 - 100 m (Dekat),1000 - 2000 mm/th (Sedang),25-40% (Curam),Sedang,Girimulyo
795,Hutan Lahan Kering,"2,27 - 3,10 km/km2",Litosol,50 - 100 m (Dekat),1000 - 2000 mm/th (Sedang),>40% (Sangat Curam),Sedang,Girimulyo
796,Hutan Lahan Kering,"2,27 - 3,10 km/km2",Litosol,50 - 100 m (Dekat),500 - 1000 mm/th (Agak Rendah),0-8% (Datar),Sedang,Dlingo
797,Hutan Lahan Kering,"2,27 - 3,10 km/km2",Litosol,50 - 100 m (Dekat),500 - 1000 mm/th (Agak Rendah),8-15% (Landai),Sedang,Dlingo
798,Hutan Lahan Kering,"2,27 - 3,10 km/km2",Litosol,50 - 100 m (Dekat),500 - 1000 mm/th (Agak Rendah),15-25% (Agak Curam),Sedang,Dlingo
799,Hutan Lahan Kering,"2,27 - 3,10 km/km2",Litosol,50 - 100 m (Dekat),500 - 1000 mm/th (Agak Rendah),25-40% (Curam),Rendah,Dlingo
800,Hutan Lahan Kering,"2,27 - 3,10 km/km2",Litosol,50 - 100 m (Dekat),500 - 1000 mm/th (Agak Rendah),>40% (Sangat Curam),Rendah,Dlingo
801,Hutan Lahan Kering,"2,27 - 3,10 km/km2",Litosol,100 - 250 m (Sedang),1000 - 2000 mm/th (Sedang),0-8% (Datar),Sedang,Girimulyo
802,Hutan Lahan Kering,"2,27 - 3,10 km/km2",Litosol,100 - 250 m (Sedang),1000 - 2000 mm/th (Sedang),8-15% (Landai),Sedang,Girimulyo
803,Hutan Lahan Kering,"2,27 - 3,10 km/km2",Litosol,100 - 250 m (Sedang),1000 - 2000 mm/th (Sedang),15-25% (Agak Curam),Sedang,Girimulyo
804,Hutan Lahan Kering,"2,27 - 3,10 km/km2",Litosol,100 - 250 m (Sedang),1000 - 2000 mm/th (Sedang),25-40% (Curam),Sedang,Girimulyo
805,Hutan Lahan Kering,"2,27 - 3,10 km/km2",Litosol,100 - 250 m (Sedang),1000 - 2000 mm/th (Sedang),>40% (Sangat Curam),Sedang,Girimulyo
806,Hutan Lahan Kering,"2,27 - 3,10 km/km2",Litosol,100 - 250 m (Sedang),500 - 1000 mm/th (Agak Rendah),0-8% (Datar),Rendah,Dlingo
807,Hutan Lahan Kering,"2,27 - 3,10 km/km2",Litosol,100 - 250 m (Sedang),500 - 1000 mm/th (Agak Rendah),8-15% (Landai),Rendah,Dlingo
808,Hutan Lahan Kering,"2,27 - 3,10 km/km2",Litosol,100 - 250 m (Sedang),500 - 1000 mm/th (Agak Rendah),15-25% (Agak Curam),Rendah,Dlingo
809,Hutan Lahan Kering,"2,27 - 3,10 km/km2",Litosol,100 - 250 m (Sedang),500 - 1000 mm/th (Agak Rendah),25-40% (Curam),Rendah,Dlingo
810,Hutan Lahan Kering,"2,27 - 3,10 km/km2",Litosol,100 - 250 m (Sedang),500 - 1000 mm/th (Agak Rendah),>40% (Sangat Curam),Rendah,Dlingo
811,Hutan Lahan Kering,"2,27 - 3,10 km/km2",Litosol,250 - 500 m (Jauh),1000 - 2000 mm/th (Sedang),0-8% (Datar),Sedang,Girimulyo
812,Hutan Lahan Kering,"2,27 - 3,10 km/km2",Litosol,250 - 500 m (Jauh),1000 - 2000 mm/th (Sedang),8-15% (Landai),Rendah,Girimulyo
813,Hutan Lahan Kering,"2,27 - 3,10 km/km2",Litosol,250 - 500 m (Jauh),1000 - 2000 mm/th (Sedang),15-25% (Agak Curam),Rendah,Girimulyo
814,Hutan Lahan Kering,"2,27 - 3,10 km/km2",Litosol,250 - 500 m (Jauh),1000 - 2000 mm/th (Sedang),25-40% (Curam),Rendah,Girimulyo
815,Hutan Lahan Kering,"2,27 - 3,10 km/km2",Litosol,250 - 500 m (Jauh),1000 - 2000 mm/th (Sedang),>40% (Sangat Curam),Rendah,Girimulyo
816,Hutan Lahan Kering,"2,27 - 3,10 km/km2",Litosol,250 - 500 m (Jauh),500 - 1000 mm/th (Agak Rendah),0-8% (Datar),Rendah,Dlingo
817,Hutan Lahan Kering,"2,27 - 3,10 km/km2",Litosol,250 - 500 m (Jauh),500 - 1000 mm/th (Agak Rendah),8-15% (Landai),Rendah,Dlingo
818,Hutan Lahan Kering,"2,27 - 3,10 km/km2",Litosol,250 - 500 m (Jauh),500 - 1000 mm/th (Agak Rendah),15-25% (Agak Curam),Rendah,Dlingo
819,Hutan Lahan Kering,"2,27 - 3,10 km/km2",Litosol,250 - 500 m (Jauh),500 - 1000 mm/th (Agak Rendah),25-40% (Curam),Rendah,Dlingo
820,Hutan Lahan Kering,"2,27 - 3,10 km/km2",Litosol,250 - 500 m (Jauh),500 - 1000 mm/th (Agak Rendah),>40% (Sangat Curam),Rendah,Dlingo
821,Hutan Lahan Kering,"2,27 - 3,10 km/km2",Gleisol,>500 m (Sangat Jauh),500 - 1000 mm/th (Agak Rendah),0-8% (Datar),Rendah,Banguntapan
822,Hutan Lahan Kering,"2,27 - 3,10 km/km2",Gleisol,>500 m (Sangat Jauh),500 - 1000 mm/th (Agak Rendah),8-15% (Landai),Rendah,Berbah
823,Hutan Lahan Kering,"2,27 - 3,10 km/km2",Gleisol,>500 m (Sangat Jauh),500 - 1000 mm/th (Agak Rendah),15-25% (Agak Curam),Rendah,Berbah
824,Hutan Lahan Kering,"2,27 - 3,10 km/km2",Gleisol,>500 m (Sangat Jauh),500 - 1000 mm/th (Agak Rendah),25-40% (Curam),Rendah,Berbah
825,Hutan Lahan Kering,"2,27 - 3,10 km/km2",Gleisol,>500 m (Sangat Jauh),500 - 1000 mm/th (Agak Rendah),>40% (Sangat Curam),Rendah,Berbah
826,Hutan Lahan Kering,"2,27 - 3,10 km/km2",Gleisol,0 - 50 m (Sangat Dekat),1000 - 2000 mm/th (Sedang),0-8% (Datar),Tinggi,Cangkringan
827,Hutan Lahan Kering,"2,27 - 3,10 km/km2",Gleisol,0 - 50 m (Sangat Dekat),1000 - 2000 mm/th (Sedang),8-15% (Landai),Sedang,Cangkringan
828,Hutan Lahan Kering,"2,27 - 3,10 km/km2",Gleisol,0 - 50 m (Sangat Dekat),1000 - 2000 mm/th (Sedang),15-25% (Agak Curam),Sedang,Cangkringan
829,Hutan Lahan Kering,"2,27 - 3,10 km/km2",Gleisol,0 - 50 m (Sangat Dekat),1000 - 2000 mm/th (Sedang),25-40% (Curam),Sedang,Cangkringan
830,Hutan Lahan Kering,"2,27 - 3,10 km/km2",Gleisol,0 - 50 m (Sangat Dekat),1000 - 2000 mm/th (Sedang),>40% (Sangat Curam),Sedang,Cangkringan
831,Hutan Lahan Kering,"2,27 - 3,10 km/km2",Gleisol,0 - 50 m (Sangat Dekat),500 - 1000 mm/th (Agak Rendah),0-8% (Datar),Sedang,Banguntapan
832,Hutan Lahan Kering,"2,27 - 3,10 km/km2",Gleisol,0 - 50 m (Sangat Dekat),500 - 1000 mm/th (Agak Rendah),8-15% (Landai),Sedang,Banguntapan
833,Hutan Lahan Kering,"2,27 - 3,10 km/km2",Gleisol,0 - 50 m (Sangat Dekat),500 - 1000 mm/th (Agak Rendah),15-25% (Agak Curam),Sedang,Berbah
834,Hutan Lahan Kering,"2,27 - 3,10 km/km2",Gleisol,0 - 50 m (Sangat Dekat),500 - 1000 mm/th (Agak Rendah),25-40% (Curam),Sedang,Berbah
835,Hutan Lahan Kering,"2,27 - 3,10 km/km2",Gleisol,0 - 50 m (Sangat Dekat),500 - 1000 mm/th (Agak Rendah),>40% (Sangat Curam),Sedang,Dlingo
836,Hutan Lahan Kering,"2,27 - 3,10 km/km2",Gleisol,50 - 100 m (Dekat),1000 - 2000 mm/th (Sedang),0-8% (Datar),Sedang,Cangkringan
837,Hutan Lahan Kering,"2,27 - 3,10 km/km2",Gleisol,50 - 100 m (Dekat),1000 - 2000 mm/th (Sedang),8-15% (Landai),Sedang,Cangkringan
838,Hutan Lahan Kering,"2,27 - 3,10 km/km2",Gleisol,50 - 100 m (Dekat),1000 - 2000 mm/th (Sedang),15-25% (Agak Curam),Sedang,Cangkringan
839,Hutan Lahan Kering,"2,27 - 3,10 km/km2",Gleisol,50 - 100 m (Dekat),1000 - 2000 mm/th (Sedang),25-40% (Curam),Sedang,Cangkringan
840,Hutan Lahan Kering,"2,27 - 3,10 km/km2",Gleisol,50 - 100 m (Dekat),1000 - 2000 mm/th (Sedang),>40% (Sangat Curam),Sedang,Cangkringan
841,Hutan Lahan Kering,"2,27 - 3,10 km/km2",Gleisol,50 - 100 m (Dekat),500 - 1000 mm/th (Agak Rendah),0-8% (Datar),Sedang,Banguntapan
842,Hutan Lahan Kering,"2,27 - 3,10 km/km2",Gleisol,50 - 100 m (Dekat),500 - 1000 mm/th (Agak Rendah),8-15% (Landai),Sedang,Banguntapan
843,Hutan Lahan Kering,"2,27 - 3,10 km/km2",Gleisol,50 - 100 m (Dekat),500 - 1000 mm/th (Agak Rendah),15-25% (Agak Curam),Sedang,Berbah
844,Hutan Lahan Kering,"2,27 - 3,10 km/km2",Gleisol,50 - 100 m (Dekat),500 - 1000 mm/th (Agak Rendah),25-40% (Curam),Sedang,Berbah
845,Hutan Lahan Kering,"2,27 - 3,10 km/km2",Gleisol,50 - 100 m (Dekat),500 - 1000 mm/th (Agak Rendah),>40% (Sangat Curam),Sedang,Berbah
846,Hutan Lahan Kering,"2,27 - 3,10 km/km2",Gleisol,100 - 250 m (Sedang),1000 - 2000 mm/th (Sedang),0-8% (Datar),Sedang,Cangkringan
847,Hutan Lahan Kering,"2,27 - 3,10 km/km2",Gleisol,100 - 250 m (Sedang),1000 - 2000 mm/th (Sedang),8-15% (Landai),Sedang,Cangkringan
848,Hutan Lahan Kering,"2,27 - 3,10 km/km2",Gleisol,100 - 250 m (Sedang),1000 - 2000 mm/th (Sedang),15-25% (Agak Curam),Sedang,Cangkringan
849,Hutan Lahan Kering,"2,27 - 3,10 km/km2",Gleisol,100 - 250 m (Sedang),1000 - 2000 mm/th (Sedang),25-40% (Curam),Sedang,Cangkringan
850,Hutan Lahan Kering,"2,27 - 3,10 km/km2",Gleisol,100 - 250 m (Sedang),1000 - 2000 mm/th (Sedang),>40% (Sangat Curam),Sedang,Cangkringan
851,Hutan Lahan Kering,"2,27 - 3,10 km/km2",Gleisol,100 - 250 m (Sedang),500 - 1000 mm/th (Agak Rendah),0-8% (Datar),Sedang,Banguntapan
852,Hutan Lahan Kering,"2,27 - 3,10 km/km2",Gleisol,100 - 250 m (Sedang),500 - 1000 mm/th (Agak Rendah),8-15% (Landai),Sedang,Banguntapan
853,Hutan Lahan Kering,"2,27 - 3,10 km/km2",Gleisol,100 - 250 m (Sedang),500 - 1000 mm/th (Agak Rendah),15-25% (Agak Curam),Rendah,Berbah
854,Hutan Lahan Kering,"2,27 - 3,10 km/km2",Gleisol,100 - 250 m (Sedang),500 - 1000 mm/th (Agak Rendah),25-40% (Curam),Rendah,Berbah
855,Hutan Lahan Kering,"2,27 - 3,10 km/km2",Gleisol,100 - 250 m (Sedang),500 - 1000 mm/th (Agak Rendah),>40% (Sangat Curam),Rendah,Berbah
856,Hutan Lahan Kering,"2,27 - 3,10 km/km2",Gleisol,250 - 500 m (Jauh),1000 - 2000 mm/th (Sedang),0-8% (Datar),Sedang,Cangkringan
857,Hutan Lahan Kering,"2,27 - 3,10 km/km2",Gleisol,250 - 500 m (Jauh),1000 - 2000 mm/th (Sedang),8-15% (Landai),Sedang,Cangkringan
858,Hutan Lahan Kering,"2,27 - 3,10 km/km2",Gleisol,250 - 500 m (Jauh),1000 - 2000 mm/th (Sedang),15-25% (Agak Curam),Sedang,Cangkringan
859,Hutan Lahan Kering,"2,27 - 3,10 km/km2",Gleisol,250 - 500 m (Jauh),1000 - 2000 mm/th (Sedang),25-40% (Curam),Sedang,Cangkringan
860,Hutan Lahan Kering,"2,27 - 3,10 km/km2",Gleisol,250 - 500 m (Jauh),500 - 1000 mm/th (Agak Rendah),0-8% (Datar),Rendah,Berbah
861,Hutan Lahan Kering,"2,27 - 3,10 km/km2",Gleisol,250 - 500 m (Jauh),500 - 1000 mm/th (Agak Rendah),8-15% (Landai),Rendah,Berbah
862,Hutan Lahan Kering,"2,27 - 3,10 km/km2",Gleisol,250 - 500 m (Jauh),500 - 1000 mm/th (Agak Rendah),15-25% (Agak Curam),Rendah,Berbah
863,Hutan Lahan Kering,"2,27 - 3,10 km/km2",Gleisol,250 - 500 m (Jauh),500 - 1000 mm/th (Agak Rendah),25-40% (Curam),Rendah,Berbah
864,Hutan Lahan Kering,"2,27 - 3,10 km/km2",Gleisol,250 - 500 m (Jauh),500 - 1000 mm/th (Agak Rendah),>40% (Sangat Curam),Rendah,Berbah
865,Hutan Lahan Kering,"2,27 - 3,10 km/km2",Fluvisol,>500 m (Sangat Jauh),1000 - 2000 mm/th (Sedang),0-8% (Datar),Rendah,Temon
866,Hutan Lahan Kering,"2,27 - 3,10 km/km2",Fluvisol,>500 m (Sangat Jauh),1000 - 2000 mm/th (Sedang),8-15% (Landai),Rendah,Temon
867,Hutan Lahan Kering,"2,27 - 3,10 km/km2",Fluvisol,>500 m (Sangat Jauh),1000 - 2000 mm/th (Sedang),15-25% (Agak Curam),Rendah,Temon
868,Hutan Lahan Kering,"2,27 - 3,10 km/km2",Fluvisol,>500 m (Sangat Jauh),1000 - 2000 mm/th (Sedang),25-40% (Curam),Rendah,Kokap
869,Hutan Lahan Kering,"2,27 - 3,10 km/km2",Fluvisol,>500 m (Sangat Jauh),1000 - 2000 mm/th (Sedang),>40% (Sangat Curam),Rendah,Kokap
870,Hutan Lahan Kering,"2,27 - 3,10 km/km2",Fluvisol,>500 m (Sangat Jauh),500 - 1000 mm/th (Agak Rendah),0-8% (Datar),Rendah,Lendah
871,Hutan Lahan Kering,"2,27 - 3,10 km/km2",Fluvisol,>500 m (Sangat Jauh),500 - 1000 mm/th (Agak Rendah),8-15% (Landai),Rendah,Kretek
872,Hutan Lahan Kering,"2,27 - 3,10 km/km2",Fluvisol,>500 m (Sangat Jauh),500 - 1000 mm/th (Agak Rendah),15-25% (Agak Curam),Rendah,Kretek
873,Hutan Lahan Kering,"2,27 - 3,10 km/km2",Fluvisol,>500 m (Sangat Jauh),500 - 1000 mm/th (Agak Rendah),25-40% (Curam),Rendah,Kretek
874,Hutan Lahan Kering,"2,27 - 3,10 km/km2",Fluvisol,>500 m (Sangat Jauh),500 - 1000 mm/th (Agak Rendah),>40% (Sangat Curam),Rendah,Kretek
875,Hutan Lahan Kering,"2,27 - 3,10 km/km2",Fluvisol,0 - 50 m (Sangat Dekat),1000 - 2000 mm/th (Sedang),0-8% (Datar),Tinggi,Kokap
876,Hutan Lahan Kering,"2,27 - 3,10 km/km2",Fluvisol,0 - 50 m (Sangat Dekat),1000 - 2000 mm/th (Sedang),8-15% (Landai),Sedang,Kokap
877,Hutan Lahan Kering,"2,27 - 3,10 km/km2",Fluvisol,0 - 50 m (Sangat Dekat),1000 - 2000 mm/th (Sedang),15-25% (Agak Curam),Sedang,Kokap
878,Hutan Lahan Kering,"2,27 - 3,10 km/km2",Fluvisol,0 - 50 m (Sangat Dekat),1000 - 2000 mm/th (Sedang),25-40% (Curam),Sedang,Kokap
879,Hutan Lahan Kering,"2,27 - 3,10 km/km2",Fluvisol,0 - 50 m (Sangat Dekat),1000 - 2000 mm/th (Sedang),>40% (Sangat Curam),Sedang,Kokap
880,Hutan Lahan Kering,"2,27 - 3,10 km/km2",Fluvisol,0 - 50 m (Sangat Dekat),500 - 1000 mm/th (Agak Rendah),0-8% (Datar),Sedang,Lendah
881,Hutan Lahan Kering,"2,27 - 3,10 km/km2",Fluvisol,0 - 50 m (Sangat Dekat),500 - 1000 mm/th (Agak Rendah),8-15% (Landai),Sedang,Lendah
882,Hutan Lahan Kering,"2,27 - 3,10 km/km2",Fluvisol,0 - 50 m (Sangat Dekat),500 - 1000 mm/th (Agak Rendah),15-25% (Agak Curam),Sedang,Sanden
883,Hutan Lahan Kering,"2,27 - 3,10 km/km2",Fluvisol,0 - 50 m (Sangat Dekat),500 - 1000 mm/th (Agak Rendah),25-40% (Curam),Sedang,Pundong
884,Hutan Lahan Kering,"2,27 - 3,10 km/km2",Fluvisol,0 - 50 m (Sangat Dekat),500 - 1000 mm/th (Agak Rendah),>40% (Sangat Curam),Sedang,Pundong
885,Hutan Lahan Kering,"2,27 - 3,10 km/km2",Fluvisol,50 - 100 m (Dekat),1000 - 2000 mm/th (Sedang),0-8% (Datar),Sedang,Kokap
886,Hutan Lahan Kering,"2,27 - 3,10 km/km2",Fluvisol,50 - 100 m (Dekat),1000 - 2000 mm/th (Sedang),8-15% (Landai),Sedang,Kokap
887,Hutan Lahan Kering,"2,27 - 3,10 km/km2",Fluvisol,50 - 100 m (Dekat),1000 - 2000 mm/th (Sedang),15-25% (Agak Curam),Sedang,Kokap
888,Hutan Lahan Kering,"2,27 - 3,10 km/km2",Fluvisol,50 - 100 m (Dekat),1000 - 2000 mm/th (Sedang),25-40% (Curam),Sedang,Kokap
889,Hutan Lahan Kering,"2,27 - 3,10 km/km2",Fluvisol,50 - 100 m (Dekat),1000 - 2000 mm/th (Sedang),>40% (Sangat Curam),Sedang,Kokap
890,Hutan Lahan Kering,"2,27 - 3,10 km/km2",Fluvisol,50 - 100 m (Dekat),500 - 1000 mm/th (Agak Rendah),0-8% (Datar),Sedang,Kretek
891,Hutan Lahan Kering,"2,27 - 3,10 km/km2",Fluvisol,50 - 100 m (Dekat),500 - 1000 mm/th (Agak Rendah),8-15% (Landai),Sedang,Lendah
892,Hutan Lahan Kering,"2,27 - 3,10 km/km2",Fluvisol,50 - 100 m (Dekat),500 - 1000 mm/th (Agak Rendah),15-25% (Agak Curam),Sedang,Kretek
893,Hutan Lahan Kering,"2,27 - 3,10 km/km2",Fluvisol,50 - 100 m (Dekat),500 - 1000 mm/th (Agak Rendah),25-40% (Curam),Sedang,Kretek
894,Hutan Lahan Kering,"2,27 - 3,10 km/km2",Fluvisol,50 - 100 m (Dekat),500 - 1000 mm/th (Agak Rendah),>40% (Sangat Curam),Sedang,Pundong
895,Hutan Lahan Kering,"2,27 - 3,10 km/km2",Fluvisol,100 - 250 m (Sedang),1000 - 2000 mm/th (Sedang),0-8% (Datar),Sedang,Kokap
896,Hutan Lahan Kering,"2,27 - 3,10 km/km2",Fluvisol,100 - 250 m (Sedang),1000 - 2000 mm/th (Sedang),8-15% (Landai),Sedang,Kokap
897,Hutan Lahan Kering,"2,27 - 3,10 km/km2",Fluvisol,100 - 250 m (Sedang),1000 - 2000 mm/th (Sedang),15-25% (Agak Curam),Sedang,Kokap
898,Hutan Lahan Kering,"2,27 - 3,10 km/km2",Fluvisol,100 - 250 m (Sedang),1000 - 2000 mm/th (Sedang),25-40% (Curam),Sedang,Kokap
899,Hutan Lahan Kering,"2,27 - 3,10 km/km2",Fluvisol,100 - 250 m (Sedang),1000 - 2000 mm/th (Sedang),>40% (Sangat Curam),Sedang,Kokap
900,Hutan Lahan Kering,"2,27 - 3,10 km/km2",Fluvisol,100 - 250 m (Sedang),500 - 1000 mm/th (Agak Rendah),0-8% (Datar),Sedang,Lendah
901,Hutan Lahan Kering,"2,27 - 3,10 km/km2",Fluvisol,100 - 250 m (Sedang),500 - 1000 mm/th (Agak Rendah),8-15% (Landai),Sedang,Lendah
902,Hutan Lahan Kering,"2,27 - 3,10 km/km2",Fluvisol,100 - 250 m (Sedang),500 - 1000 mm/th (Agak Rendah),15-25% (Agak Curam),Rendah,Galur
903,Hutan Lahan Kering,"2,27 - 3,10 km/km2",Fluvisol,100 - 250 m (Sedang),500 - 1000 mm/th (Agak Rendah),25-40% (Curam),Rendah,Pundong
904,Hutan Lahan Kering,"2,27 - 3,10 km/km2",Fluvisol,100 - 250 m (Sedang),500 - 1000 mm/th (Agak Rendah),>40% (Sangat Curam),Rendah,Pundong
905,Hutan Lahan Kering,"2,27 - 3,10 km/km2",Fluvisol,250 - 500 m (Jauh),1000 - 2000 mm/th (Sedang),0-8% (Datar),Sedang,Kokap
906,Hutan Lahan Kering,"2,27 - 3,10 km/km2",Fluvisol,250 - 500 m (Jauh),1000 - 2000 mm/th (Sedang),8-15% (Landai),Sedang,Kokap
907,Hutan Lahan Kering,"2,27 - 3,10 km/km2",Fluvisol,250 - 500 m (Jauh),1000 - 2000 mm/th (Sedang),15-25% (Agak Curam),Sedang,Kokap
908,Hutan Lahan Kering,"2,27 - 3,10 km/km2",Fluvisol,250 - 500 m (Jauh),1000 - 2000 mm/th (Sedang),25-40% (Curam),Sedang,Kokap
909,Hutan Lahan Kering,"2,27 - 3,10 km/km2",Fluvisol,250 - 500 m (Jauh),1000 - 2000 mm/th (Sedang),>40% (Sangat Curam),Rendah,Kokap
910,Hutan Lahan Kering,"2,27 - 3,10 km/km2",Fluvisol,250 - 500 m (Jauh),500 - 1000 mm/th (Agak Rendah),0-8% (Datar),Rendah,Lendah
911,Hutan Lahan Kering,"2,27 - 3,10 km/km2",Fluvisol,250 - 500 m (Jauh),500 - 1000 mm/th (Agak Rendah),8-15% (Landai),Rendah,Lendah
912,Hutan Lahan Kering,"2,27 - 3,10 km/km2",Fluvisol,250 - 500 m (Jauh),500 - 1000 mm/th (Agak Rendah),15-25% (Agak Curam),Rendah,Lendah
913,Hutan Lahan Kering,"2,27 - 3,10 km/km2",Fluvisol,250 - 500 m (Jauh),500 - 1000 mm/th (Agak Rendah),25-40% (Curam),Rendah,Pandak
914,Hutan Lahan Kering,"2,27 - 3,10 km/km2",Fluvisol,250 - 500 m (Jauh),500 - 1000 mm/th (Agak Rendah),>40% (Sangat Curam),Rendah,Pundong
915,Hutan Lahan Kering,"2,27 - 3,10 km/km2",Nitosol,>500 m (Sangat Jauh),1000 - 2000 mm/th (Sedang),0-8% (Datar),Rendah,Pengasih
916,Hutan Lahan Kering,"2,27 - 3,10 km/km2",Nitosol,>500 m (Sangat Jauh),1000 - 2000 mm/th (Sedang),8-15% (Landai),Rendah,Pengasih
917,Hutan Lahan Kering,"2,27 - 3,10 km/km2",Nitosol,>500 m (Sangat Jauh),1000 - 2000 mm/th (Sedang),15-25% (Agak Curam),Rendah,Pengasih
918,Hutan Lahan Kering,"2,27 - 3,10 km/km2",Nitosol,>500 m (Sangat Jauh),1000 - 2000 mm/th (Sedang),25-40% (Curam),Rendah,Pengasih
919,Hutan Lahan Kering,"2,27 - 3,10 km/km2",Nitosol,>500 m (Sangat Jauh),1000 - 2000 mm/th (Sedang),>40% (Sangat Curam),Rendah,Girimulyo
920,Hutan Lahan Kering,"2,27 - 3,10 km/km2",Nitosol,0 - 50 m (Sangat Dekat),1000 - 2000 mm/th (Sedang),0-8% (Datar),Sedang,Girimulyo
921,Hutan Lahan Kering,"2,27 - 3,10 km/km2",Nitosol,0 - 50 m (Sangat Dekat),1000 - 2000 mm/th (Sedang),8-15% (Landai),Sedang,Girimulyo
922,Hutan Lahan Kering,"2,27 - 3,10 km/km2",Nitosol,0 - 50 m (Sangat Dekat),1000 - 2000 mm/th (Sedang),15-25% (Agak Curam),Sedang,Girimulyo
923,Hutan Lahan Kering,"2,27 - 3,10 km/km2",Nitosol,0 - 50 m (Sangat Dekat),1000 - 2000 mm/th (Sedang),25-40% (Curam),Sedang,Girimulyo
924,Hutan Lahan Kering,"2,27 - 3,10 km/km2",Nitosol,0 - 50 m (Sangat Dekat),1000 - 2000 mm/th (Sedang),>40% (Sangat Curam),Sedang,Girimulyo
925,Hutan Lahan Kering,"2,27 - 3,10 km/km2",Nitosol,50 - 100 m (Dekat),1000 - 2000 mm/th (Sedang),0-8% (Datar),Sedang,Girimulyo
926,Hutan Lahan Kering,"2,27 - 3,10 km/km2",Nitosol,50 - 100 m (Dekat),1000 - 2000 mm/th (Sedang),8-15% (Landai),Sedang,Girimulyo
927,Hutan Lahan Kering,"2,27 - 3,10 km/km2",Nitosol,50 - 100 m (Dekat),1000 - 2000 mm/th (Sedang),15-25% (Agak Curam),Sedang,Girimulyo
928,Hutan Lahan Kering,"2,27 - 3,10 km/km2",Nitosol,50 - 100 m (Dekat),1000 - 2000 mm/th (Sedang),25-40% (Curam),Sedang,Girimulyo
929,Hutan Lahan Kering,"2,27 - 3,10 km/km2",Nitosol,50 - 100 m (Dekat),1000 - 2000 mm/th (Sedang),>40% (Sangat Curam),Sedang,Girimulyo
930,Hutan Lahan Kering,"2,27 - 3,10 km/km2",Nitosol,100 - 250 m (Sedang),1000 - 2000 mm/th (Sedang),0-8% (Datar),Sedang,Girimulyo
931,Hutan Lahan Kering,"2,27 - 3,10 km/km2",Nitosol,100 - 250 m (Sedang),1000 - 2000 mm/th (Sedang),8-15% (Landai),Sedang,Girimulyo
932,Hutan Lahan Kering,"2,27 - 3,10 km/km2",Nitosol,100 - 250 m (Sedang),1000 - 2000 mm/th (Sedang),15-25% (Agak Curam),Sedang,Girimulyo
933,Hutan Lahan Kering,"2,27 - 3,10 km/km2",Nitosol,100 - 250 m (Sedang),1000 - 2000 mm/th (Sedang),25-40% (Curam),Sedang,Girimulyo
934,Hutan Lahan Kering,"2,27 - 3,10 km/km2",Nitosol,100 - 250 m (Sedang),1000 - 2000 mm/th (Sedang),>40% (Sangat Curam),Sedang,Girimulyo
935,Hutan Lahan Kering,"2,27 - 3,10 km/km2",Nitosol,250 - 500 m (Jauh),1000 - 2000 mm/th (Sedang),0-8% (Datar),Sedang,Girimulyo
936,Hutan Lahan Kering,"2,27 - 3,10 km/km2",Nitosol,250 - 500 m (Jauh),1000 - 2000 mm/th (Sedang),8-15% (Landai),Sedang,Girimulyo
937,Hutan Lahan Kering,"2,27 - 3,10 km/km2",Nitosol,250 - 500 m (Jauh),1000 - 2000 mm/th (Sedang),15-25% (Agak Curam),Rendah,Girimulyo
938,Hutan Lahan Kering,"2,27 - 3,10 km/km2",Nitosol,250 - 500 m (Jauh),1000 - 2000 mm/th (Sedang),25-40% (Curam),Rendah,Girimulyo
939,Hutan Lahan Kering,"2,27 - 3,10 km/km2",Nitosol,250 - 500 m (Jauh),1000 - 2000 mm/th (Sedang),>40% (Sangat Curam),Rendah,Girimulyo
940,Hutan Lahan Kering,"2,27 - 3,10 km/km2",Vertisol,>500 m (Sangat Jauh),500 - 1000 mm/th (Agak Rendah),0-8% (Datar),Rendah,Karangmojo
941,Hutan Lahan Kering,"2,27 - 3,10 km/km2",Vertisol,>500 m (Sangat Jauh),500 - 1000 mm/th (Agak Rendah),8-15% (Landai),Rendah,Nglipar
942,Hutan Lahan Kering,"2,27 - 3,10 km/km2",Vertisol,0 - 50 m (Sangat Dekat),500 - 1000 mm/th (Agak Rendah),0-8% (Datar),Sedang,Gedangsari
943,Hutan Lahan Kering,"2,27 - 3,10 km/km2",Vertisol,0 - 50 m (Sangat Dekat),500 - 1000 mm/th (Agak Rendah),8-15% (Landai),Sedang,Gedangsari
944,Hutan Lahan Kering,"2,27 - 3,10 km/km2",Vertisol,0 - 50 m (Sangat Dekat),500 - 1000 mm/th (Agak Rendah),15-25% (Agak Curam),Sedang,Gedangsari
945,Hutan Lahan Kering,"2,27 - 3,10 km/km2",Vertisol,0 - 50 m (Sangat Dekat),500 - 1000 mm/th (Agak Rendah),25-40% (Curam),Sedang,Gedangsari
946,Hutan Lahan Kering,"2,27 - 3,10 km/km2",Vertisol,0 - 50 m (Sangat Dekat),500 - 1000 mm/th (Agak Rendah),>40% (Sangat Curam),Sedang,Karangmojo
947,Hutan Lahan Kering,"2,27 - 3,10 km/km2",Vertisol,50 - 100 m (Dekat),500 - 1000 mm/th (Agak Rendah),0-8% (Datar),Sedang,Gedangsari
948,Hutan Lahan Kering,"2,27 - 3,10 km/km2",Vertisol,50 - 100 m (Dekat),500 - 1000 mm/th (Agak Rendah),8-15% (Landai),Sedang,Gedangsari
949,Hutan Lahan Kering,"2,27 - 3,10 km/km2",Vertisol,50 - 100 m (Dekat),500 - 1000 mm/th (Agak Rendah),15-25% (Agak Curam),Sedang,Gedangsari
950,Hutan Lahan Kering,"2,27 - 3,10 km/km2",Vertisol,50 - 100 m (Dekat),500 - 1000 mm/th (Agak Rendah),25-40% (Curam),Sedang,Gedangsari
951,Hutan Lahan Kering,"2,27 - 3,10 km/km2",Vertisol,50 - 100 m (Dekat),500 - 1000 mm/th (Agak Rendah),>40% (Sangat Curam),Sedang,Gedangsari
952,Hutan Lahan Kering,"2,27 - 3,10 km/km2",Vertisol,100 - 250 m (Sedang),500 - 1000 mm/th (Agak Rendah),0-8% (Datar),Sedang,Gedangsari
953,Hutan Lahan Kering,"2,27 - 3,10 km/km2",Vertisol,100 - 250 m (Sedang),500 - 1000 mm/th (Agak Rendah),8-15% (Landai),Rendah,Gedangsari
954,Hutan Lahan Kering,"2,27 - 3,10 km/km2",Vertisol,100 - 250 m (Sedang),500 - 1000 mm/th (Agak Rendah),15-25% (Agak Curam),Rendah,Gedangsari
955,Hutan Lahan Kering,"2,27 - 3,10 km/km2",Vertisol,100 - 250 m (Sedang),500 - 1000 mm/th (Agak Rendah),25-40% (Curam),Rendah,Gedangsari
956,Hutan Lahan Kering,"2,27 - 3,10 km/km2",Vertisol,100 - 250 m (Sedang),500 - 1000 mm/th (Agak Rendah),>40% (Sangat Curam),Rendah,Gedangsari
957,Hutan Lahan Kering,"2,27 - 3,10 km/km2",Vertisol,250 - 500 m (Jauh),500 - 1000 mm/th (Agak Rendah),0-8% (Datar),Rendah,Gedangsari
958,Hutan Lahan Kering,"2,27 - 3,10 km/km2",Vertisol,250 - 500 m (Jauh),500 - 1000 mm/th (Agak Rendah),8-15% (Landai),Rendah,Gedangsari
959,Hutan Lahan Kering,"2,27 - 3,10 km/km2",Vertisol,250 - 500 m (Jauh),500 - 1000 mm/th (Agak Rendah),15-25% (Agak Curam),Rendah,Gedangsari
960,Hutan Lahan Kering,"2,27 - 3,10 km/km2",Vertisol,250 - 500 m (Jauh),500 - 1000 mm/th (Agak Rendah),25-40% (Curam),Rendah,Gedangsari
961,Hutan Lahan Kering,"2,27 - 3,10 km/km2",Vertisol,250 - 500 m (Jauh),500 - 1000 mm/th (Agak Rendah),>40% (Sangat Curam),Rendah,Karangmojo
962,Hutan Lahan Kering,">3,10 km/km2",Luvisol,0 - 50 m (Sangat Dekat),1000 - 2000 mm/th (Sedang),0-8% (Datar),Sedang,Tempel
963,Hutan Lahan Kering,">3,10 km/km2",Luvisol,0 - 50 m (Sangat Dekat),1000 - 2000 mm/th (Sedang),8-15% (Landai),Sedang,Tempel
964,Hutan Lahan Kering,">3,10 km/km2",Luvisol,0 - 50 m (Sangat Dekat),1000 - 2000 mm/th (Sedang),15-25% (Agak Curam),Sedang,Tempel
965,Hutan Lahan Kering,">3,10 km/km2",Luvisol,0 - 50 m (Sangat Dekat),500 - 1000 mm/th (Agak Rendah),0-8% (Datar),Sedang,Gedangsari
966,Hutan Lahan Kering,">3,10 km/km2",Luvisol,0 - 50 m (Sangat Dekat),500 - 1000 mm/th (Agak Rendah),8-15% (Landai),Sedang,Gedangsari
967,Hutan Lahan Kering,">3,10 km/km2",Luvisol,0 - 50 m (Sangat Dekat),500 - 1000 mm/th (Agak Rendah),15-25% (Agak Curam),Sedang,Gedangsari
968,Hutan Lahan Kering,">3,10 km/km2",Luvisol,0 - 50 m (Sangat Dekat),500 - 1000 mm/th (Agak Rendah),25-40% (Curam),Sedang,Gedangsari
969,Hutan Lahan Kering,">3,10 km/km2",Luvisol,0 - 50 m (Sangat Dekat),500 - 1000 mm/th (Agak Rendah),>40% (Sangat Curam),Sedang,Gedangsari
970,Hutan Lahan Kering,">3,10 km/km2",Luvisol,50 - 100 m (Dekat),1000 - 2000 mm/th (Sedang),0-8% (Datar),Sedang,Tempel
971,Hutan Lahan Kering,">3,10 km/km2",Luvisol,50 - 100 m (Dekat),1000 - 2000 mm/th (Sedang),8-15% (Landai),Sedang,Tempel
972,Hutan Lahan Kering,">3,10 km/km2",Luvisol,50 - 100 m (Dekat),1000 - 2000 mm/th (Sedang),15-25% (Agak Curam),Sedang,Tempel
973,Hutan Lahan Kering,">3,10 km/km2",Luvisol,50 - 100 m (Dekat),500 - 1000 mm/th (Agak Rendah),0-8% (Datar),Sedang,Gedangsari
974,Hutan Lahan Kering,">3,10 km/km2",Luvisol,50 - 100 m (Dekat),500 - 1000 mm/th (Agak Rendah),8-15% (Landai),Sedang,Gedangsari
975,Hutan Lahan Kering,">3,10 km/km2",Luvisol,50 - 100 m (Dekat),500 - 1000 mm/th (Agak Rendah),15-25% (Agak Curam),Rendah,Gedangsari
976,Hutan Lahan Kering,">3,10 km/km2",Luvisol,50 - 100 m (Dekat),500 - 1000 mm/th (Agak Rendah),25-40% (Curam),Rendah,Gedangsari
977,Hutan Lahan Kering,">3,10 km/km2",Luvisol,50 - 100 m (Dekat),500 - 1000 mm/th (Agak Rendah),>40% (Sangat Curam),Rendah,Gedangsari
978,Hutan Lahan Kering,">3,10 km/km2",Luvisol,100 - 250 m (Sedang),1000 - 2000 mm/th (Sedang),0-8% (Datar),Sedang,Tempel
979,Hutan Lahan Kering,">3,10 km/km2",Luvisol,100 - 250 m (Sedang),1000 - 2000 mm/th (Sedang),8-15% (Landai),Sedang,Tempel
980,Hutan Lahan Kering,">3,10 km/km2",Luvisol,100 - 250 m (Sedang),1000 - 2000 mm/th (Sedang),15-25% (Agak Curam),Sedang,Tempel
981,Hutan Lahan Kering,">3,10 km/km2",Luvisol,100 - 250 m (Sedang),500 - 1000 mm/th (Agak Rendah),0-8% (Datar),Rendah,Gedangsari
982,Hutan Lahan Kering,">3,10 km/km2",Luvisol,100 - 250 m (Sedang),500 - 1000 mm/th (Agak Rendah),8-15% (Landai),Rendah,Gedangsari
983,Hutan Lahan Kering,">3,10 km/km2",Luvisol,100 - 250 m (Sedang),500 - 1000 mm/th (Agak Rendah),15-25% (Agak Curam),Rendah,Gedangsari
984,Hutan Lahan Kering,">3,10 km/km2",Luvisol,100 - 250 m (Sedang),500 - 1000 mm/th (Agak Rendah),25-40% (Curam),Rendah,Gedangsari
985,Hutan Lahan Kering,">3,10 km/km2",Luvisol,100 - 250 m (Sedang),500 - 1000 mm/th (Agak Rendah),>40% (Sangat Curam),Rendah,Gedangsari
986,Hutan Lahan Kering,">3,10 km/km2",Luvisol,250 - 500 m (Jauh),500 - 1000 mm/th (Agak Rendah),8-15% (Landai),Rendah,Gedangsari
987,Hutan Lahan Kering,">3,10 km/km2",Luvisol,250 - 500 m (Jauh),500 - 1000 mm/th (Agak Rendah),15-25% (Agak Curam),Rendah,Gedangsari
988,Hutan Lahan Kering,">3,10 km/km2",Luvisol,250 - 500 m (Jauh),500 - 1000 mm/th (Agak Rendah),25-40% (Curam),Rendah,Prambanan
989,Hutan Lahan Kering,">3,10 km/km2",Litosol,>500 m (Sangat Jauh),1000 - 2000 mm/th (Sedang),0-8% (Datar),Rendah,Nanggulan
990,Hutan Lahan Kering,">3,10 km/km2",Litosol,>500 m (Sangat Jauh),1000 - 2000 mm/th (Sedang),8-15% (Landai),Rendah,Kalibawang
991,Hutan Lahan Kering,">3,10 km/km2",Litosol,>500 m (Sangat Jauh),1000 - 2000 mm/th (Sedang),15-25% (Agak Curam),Rendah,Girimulyo
992,Hutan Lahan Kering,">3,10 km/km2",Litosol,>500 m (Sangat Jauh),1000 - 2000 mm/th (Sedang),25-40% (Curam),Rendah,Girimulyo
993,Hutan Lahan Kering,">3,10 km/km2",Litosol,>500 m (Sangat Jauh),1000 - 2000 mm/th (Sedang),>40% (Sangat Curam),Rendah,Girimulyo
994,Hutan Lahan Kering,">3,10 km/km2",Litosol,>500 m (Sangat Jauh),500 - 1000 mm/th (Agak Rendah),0-8% (Datar),Rendah,Pajangan
995,Hutan Lahan Kering,">3,10 km/km2",Litosol,>500 m (Sangat Jauh),500 - 1000 mm/th (Agak Rendah),8-15% (Landai),Rendah,Pajangan
996,Hutan Lahan Kering,">3,10 km/km2",Litosol,>500 m (Sangat Jauh),500 - 1000 mm/th (Agak Rendah),15-25% (Agak Curam),Rendah,Lendah
997,Hutan Lahan Kering,">3,10 km/km2",Litosol,>500 m (Sangat Jauh),500 - 1000 mm/th (Agak Rendah),25-40% (Curam),Rendah,Nglipar
998,Hutan Lahan Kering,">3,10 km/km2",Litosol,>500 m (Sangat Jauh),500 - 1000 mm/th (Agak Rendah),>40% (Sangat Curam),Rendah,Pajangan
999,Hutan Lahan Kering,">3,10 km/km2",Litosol,0 - 50 m (Sangat Dekat),1000 - 2000 mm/th (Sedang),0-8% (Datar),Sedang,Girimulyo
1000,Hutan Lahan Kering,">3,10 km/km2",Litosol,0 - 50 m (Sangat Dekat),1000 - 2000 mm/th (Sedang),8-15% (Landai),Sedang,Girimulyo
1001,Hutan Lahan Kering,">3,10 km/km2",Litosol,0 - 50 m (Sangat Dekat),1000 - 2000 mm/th (Sedang),15-25% (Agak Curam),Sedang,Girimulyo
1002,Hutan Lahan Kering,">3,10 km/km2",Litosol,0 - 50 m (Sangat Dekat),1000 - 2000 mm/th (Sedang),25-40% (Curam),Sedang,Girimulyo
1003,Hutan Lahan Kering,">3,10 km/km2",Litosol,0 - 50 m (Sangat Dekat),1000 - 2000 mm/th (Sedang),>40% (Sangat Curam),Sedang,Girimulyo
1004,Hutan Lahan Kering,">3,10 km/km2",Litosol,0 - 50 m (Sangat Dekat),500 - 1000 mm/th (Agak Rendah),0-8% (Datar),Sedang,Bantul
1005,Hutan Lahan Kering,">3,10 km/km2",Litosol,0 - 50 m (Sangat Dekat),500 - 1000 mm/th (Agak Rendah),8-15% (Landai),Sedang,Bantul
1006,Hutan Lahan Kering,">3,10 km/km2",Litosol,0 - 50 m (Sangat Dekat),500 - 1000 mm/th (Agak Rendah),15-25% (Agak Curam),Sedang,Dlingo
1007,Hutan Lahan Kering,">3,10 km/km2",Litosol,0 - 50 m (Sangat Dekat),500 - 1000 mm/th (Agak Rendah),25-40% (Curam),Sedang,Gedangsari
1008,Hutan Lahan Kering,">3,10 km/km2",Litosol,0 - 50 m (Sangat Dekat),500 - 1000 mm/th (Agak Rendah),>40% (Sangat Curam),Sedang,Gedangsari
1009,Hutan Lahan Kering,">3,10 km/km2",Litosol,50 - 100 m (Dekat),1000 - 2000 mm/th (Sedang),0-8% (Datar),Sedang,Girimulyo
1010,Hutan Lahan Kering,">3,10 km/km2",Litosol,50 - 100 m (Dekat),1000 - 2000 mm/th (Sedang),8-15% (Landai),Sedang,Girimulyo
1011,Hutan Lahan Kering,">3,10 km/km2",Litosol,50 - 100 m (Dekat),1000 - 2000 mm/th (Sedang),15-25% (Agak Curam),Sedang,Girimulyo
1012,Hutan Lahan Kering,">3,10 km/km2",Litosol,50 - 100 m (Dekat),1000 - 2000 mm/th (Sedang),25-40% (Curam),Sedang,Girimulyo
1013,Hutan Lahan Kering,">3,10 km/km2",Litosol,50 - 100 m (Dekat),1000 - 2000 mm/th (Sedang),>40% (Sangat Curam),Sedang,Girimulyo
1014,Hutan Lahan Kering,">3,10 km/km2",Litosol,50 - 100 m (Dekat),500 - 1000 mm/th (Agak Rendah),0-8% (Datar),Sedang,Bantul
1015,Hutan Lahan Kering,">3,10 km/km2",Litosol,50 - 100 m (Dekat),500 - 1000 mm/th (Agak Rendah),8-15% (Landai),Rendah,Bantul
1016,Hutan Lahan Kering,">3,10 km/km2",Litosol,50 - 100 m (Dekat),500 - 1000 mm/th (Agak Rendah),15-25% (Agak Curam),Rendah,Gamping
1017,Hutan Lahan Kering,">3,10 km/km2",Litosol,50 - 100 m (Dekat),500 - 1000 mm/th (Agak Rendah),25-40% (Curam),Rendah,Gedangsari
1018,Hutan Lahan Kering,">3,10 km/km2",Litosol,50 - 100 m (Dekat),500 - 1000 mm/th (Agak Rendah),>40% (Sangat Curam),Rendah,Gedangsari
1019,Hutan Lahan Kering,">3,10 km/km2",Litosol,100 - 250 m (Sedang),1000 - 2000 mm/th (Sedang),0-8% (Datar),Sedang,Girimulyo
1020,Hutan Lahan Kering,">3,10 km/km2",Litosol,100 - 250 m (Sedang),1000 - 2000 mm/th (Sedang),8-15% (Landai),Sedang,Girimulyo
1021,Hutan Lahan Kering,">3,10 km/km2",Litosol,100 - 250 m (Sedang),1000 - 2000 mm/th (Sedang),15-25% (Agak Curam),Sedang,Girimulyo
1022,Hutan Lahan Kering,">3,10 km/km2",Litosol,100 - 250 m (Sedang),1000 - 2000 mm/th (Sedang),25-40% (Curam),Rendah,Girimulyo
1023,Hutan Lahan Kering,">3,10 km/km2",Litosol,100 - 250 m (Sedang),1000 - 2000 mm/th (Sedang),>40% (Sangat Curam),Rendah,Girimulyo
1024,Hutan Lahan Kering,">3,10 km/km2",Litosol,100 - 250 m (Sedang),500 - 1000 mm/th (Agak Rendah),0-8% (Datar),Rendah,Dlingo
1025,Hutan Lahan Kering,">3,10 km/km2",Litosol,100 - 250 m (Sedang),500 - 1000 mm/th (Agak Rendah),8-15% (Landai),Rendah,Dlingo
1026,Hutan Lahan Kering,">3,10 km/km2",Litosol,100 - 250 m (Sedang),500 - 1000 mm/th (Agak Rendah),15-25% (Agak Curam),Rendah,Dlingo
1027,Hutan Lahan Kering,">3,10 km/km2",Litosol,100 - 250 m (Sedang),500 - 1000 mm/th (Agak Rendah),25-40% (Curam),Rendah,Dlingo
1028,Hutan Lahan Kering,">3,10 km/km2",Litosol,100 - 250 m (Sedang),500 - 1000 mm/th (Agak Rendah),>40% (Sangat Curam),Rendah,Gedangsari
1029,Hutan Lahan Kering,">3,10 km/km2",Litosol,250 - 500 m (Jauh),1000 - 2000 mm/th (Sedang),0-8% (Datar),Rendah,Girimulyo
1030,Hutan Lahan Kering,">3,10 km/km2",Litosol,250 - 500 m (Jauh),1000 - 2000 mm/th (Sedang),8-15% (Landai),Rendah,Girimulyo
1031,Hutan Lahan Kering,">3,10 km/km2",Litosol,250 - 500 m (Jauh),1000 - 2000 mm/th (Sedang),15-25% (Agak Curam),Rendah,Girimulyo
1032,Hutan Lahan Kering,">3,10 km/km2",Litosol,250 - 500 m (Jauh),1000 - 2000 mm/th (Sedang),25-40% (Curam),Rendah,Girimulyo
1033,Hutan Lahan Kering,">3,10 km/km2",Litosol,250 - 500 m (Jauh),1000 - 2000 mm/th (Sedang),>40% (Sangat Curam),Rendah,Girimulyo
1034,Hutan Lahan Kering,">3,10 km/km2",Litosol,250 - 500 m (Jauh),500 - 1000 mm/th (Agak Rendah),0-8% (Datar),Rendah,Dlingo
1035,Hutan Lahan Kering,">3,10 km/km2",Litosol,250 - 500 m (Jauh),500 - 1000 mm/th (Agak Rendah),8-15% (Landai),Rendah,Dlingo
1036,Hutan Lahan Kering,">3,10 km/km2",Litosol,250 - 500 m (Jauh),500 - 1000 mm/th (Agak Rendah),15-25% (Agak Curam),Rendah,Dlingo
1037,Hutan Lahan Kering,">3,10 km/km2",Litosol,250 - 500 m (Jauh),500 - 1000 mm/th (Agak Rendah),25-40% (Curam),Rendah,Dlingo
1038,Hutan Lahan Kering,">3,10 km/km2",Litosol,250 - 500 m (Jauh),500 - 1000 mm/th (Agak Rendah),>40% (Sangat Curam),Rendah,Gedangsari
1039,Hutan Lahan Kering,">3,10 km/km2",Gleisol,>500 m (Sangat Jauh),1000 - 2000 mm/th (Sedang),0-8% (Datar),Rendah,Turi
1040,Hutan Lahan Kering,">3,10 km/km2",Gleisol,>500 m (Sangat Jauh),1000 - 2000 mm/th (Sedang),8-15% (Landai),Rendah,Turi
1041,Hutan Lahan Kering,">3,10 km/km2",Gleisol,>500 m (Sangat Jauh),1000 - 2000 mm/th (Sedang),15-25% (Agak Curam),Rendah,Turi
1042,Hutan Lahan Kering,">3,10 km/km2",Gleisol,>500 m (Sangat Jauh),500 - 1000 mm/th (Agak Rendah),0-8% (Datar),Rendah,Berbah
1043,Hutan Lahan Kering,">3,10 km/km2",Gleisol,>500 m (Sangat Jauh),500 - 1000 mm/th (Agak Rendah),8-15% (Landai),Rendah,Berbah
1044,Hutan Lahan Kering,">3,10 km/km2",Gleisol,>500 m (Sangat Jauh),500 - 1000 mm/th (Agak Rendah),15-25% (Agak Curam),Rendah,Berbah
1045,Hutan Lahan Kering,">3,10 km/km2",Gleisol,>500 m (Sangat Jauh),500 - 1000 mm/th (Agak Rendah),25-40% (Curam),Rendah,Piyungan
1046,Hutan Lahan Kering,">3,10 km/km2",Gleisol,>500 m (Sangat Jauh),500 - 1000 mm/th (Agak Rendah),>40% (Sangat Curam),Rendah,Piyungan
1047,Hutan Lahan Kering,">3,10 km/km2",Gleisol,0 - 50 m (Sangat Dekat),1000 - 2000 mm/th (Sedang),0-8% (Datar),Sedang,Cangkringan
1048,Hutan Lahan Kering,">3,10 km/km2",Gleisol,0 - 50 m (Sangat Dekat),1000 - 2000 mm/th (Sedang),8-15% (Landai),Sedang,Cangkringan
1049,Hutan Lahan Kering,">3,10 km/km2",Gleisol,0 - 50 m (Sangat Dekat),1000 - 2000 mm/th (Sedang),15-25% (Agak Curam),Sedang,Cangkringan
1050,Hutan Lahan Kering,">3,10 km/km2",Gleisol,0 - 50 m (Sangat Dekat),1000 - 2000 mm/th (Sedang),25-40% (Curam),Sedang,Cangkringan
1051,Hutan Lahan Kering,">3,10 km/km2",Gleisol,0 - 50 m (Sangat Dekat),1000 - 2000 mm/th (Sedang),>40% (Sangat Curam),Sedang,Cangkringan
1052,Hutan Lahan Kering,">3,10 km/km2",Gleisol,0 - 50 m (Sangat Dekat),500 - 1000 mm/th (Agak Rendah),0-8% (Datar),Sedang,Banguntapan
1053,Hutan Lahan Kering,">3,10 km/km2",Gleisol,0 - 50 m (Sangat Dekat),500 - 1000 mm/th (Agak Rendah),8-15% (Landai),Sedang,Banguntapan
1054,Hutan Lahan Kering,">3,10 km/km2",Gleisol,0 - 50 m (Sangat Dekat),500 - 1000 mm/th (Agak Rendah),15-25% (Agak Curam),Sedang,Banguntapan
1055,Hutan Lahan Kering,">3,10 km/km2",Gleisol,0 - 50 m (Sangat Dekat),500 - 1000 mm/th (Agak Rendah),25-40% (Curam),Sedang,Berbah
1056,Hutan Lahan Kering,">3,10 km/km2",Gleisol,0 - 50 m (Sangat Dekat),500 - 1000 mm/th (Agak Rendah),>40% (Sangat Curam),Sedang,Dlingo
1057,Hutan Lahan Kering,">3,10 km/km2",Gleisol,50 - 100 m (Dekat),1000 - 2000 mm/th (Sedang),0-8% (Datar),Sedang,Cangkringan
1058,Hutan Lahan Kering,">3,10 km/km2",Gleisol,50 - 100 m (Dekat),1000 - 2000 mm/th (Sedang),8-15% (Landai),Sedang,Cangkringan
1059,Hutan Lahan Kering,">3,10 km/km2",Gleisol,50 - 100 m (Dekat),1000 - 2000 mm/th (Sedang),15-25% (Agak Curam),Sedang,Cangkringan
1060,Hutan Lahan Kering,">3,10 km/km2",Gleisol,50 - 100 m (Dekat),1000 - 2000 mm/th (Sedang),25-40% (Curam),Sedang,Cangkringan
1061,Hutan Lahan Kering,">3,10 km/km2",Gleisol,50 - 100 m (Dekat),1000 - 2000 mm/th (Sedang),>40% (Sangat Curam),Sedang,Cangkringan
1062,Hutan Lahan Kering,">3,10 km/km2",Gleisol,50 - 100 m (Dekat),500 - 1000 mm/th (Agak Rendah),0-8% (Datar),Sedang,Banguntapan
1063,Hutan Lahan Kering,">3,10 km/km2",Gleisol,50 - 100 m (Dekat),500 - 1000 mm/th (Agak Rendah),8-15% (Landai),Sedang,Banguntapan
1064,Hutan Lahan Kering,">3,10 km/km2",Gleisol,50 - 100 m (Dekat),500 - 1000 mm/th (Agak Rendah),15-25% (Agak Curam),Sedang,Banguntapan
1065,Hutan Lahan Kering,">3,10 km/km2",Gleisol,50 - 100 m (Dekat),500 - 1000 mm/th (Agak Rendah),25-40% (Curam),Sedang,Berbah
1066,Hutan Lahan Kering,">3,10 km/km2",Gleisol,50 - 100 m (Dekat),500 - 1000 mm/th (Agak Rendah),>40% (Sangat Curam),Rendah,Berbah
1067,Hutan Lahan Kering,">3,10 km/km2",Gleisol,100 - 250 m (Sedang),1000 - 2000 mm/th (Sedang),0-8% (Datar),Sedang,Cangkringan
1068,Hutan Lahan Kering,">3,10 km/km2",Gleisol,100 - 250 m (Sedang),1000 - 2000 mm/th (Sedang),8-15% (Landai),Sedang,Cangkringan
1069,Hutan Lahan Kering,">3,10 km/km2",Gleisol,100 - 250 m (Sedang),1000 - 2000 mm/th (Sedang),15-25% (Agak Curam),Sedang,Cangkringan
1070,Hutan Lahan Kering,">3,10 km/km2",Gleisol,100 - 250 m (Sedang),1000 - 2000 mm/th (Sedang),25-40% (Curam),Sedang,Cangkringan
1071,Hutan Lahan Kering,">3,10 km/km2",Gleisol,100 - 250 m (Sedang),1000 - 2000 mm/th (Sedang),>40% (Sangat Curam),Sedang,Cangkringan
1072,Hutan Lahan Kering,">3,10 km/km2",Gleisol,100 - 250 m (Sedang),500 - 1000 mm/th (Agak Rendah),0-8% (Datar),Rendah,Berbah
1073,Hutan Lahan Kering,">3,10 km/km2",Gleisol,100 - 250 m (Sedang),500 - 1000 mm/th (Agak Rendah),8-15% (Landai),Rendah,Berbah
1074,Hutan Lahan Kering,">3,10 km/km2",Gleisol,100 - 250 m (Sedang),500 - 1000 mm/th (Agak Rendah),15-25% (Agak Curam),Rendah,Berbah
1075,Hutan Lahan Kering,">3,10 km/km2",Gleisol,100 - 250 m (Sedang),500 - 1000 mm/th (Agak Rendah),25-40% (Curam),Rendah,Berbah
1076,Hutan Lahan Kering,">3,10 km/km2",Gleisol,100 - 250 m (Sedang),500 - 1000 mm/th (Agak Rendah),>40% (Sangat Curam),Rendah,Dlingo
1077,Hutan Lahan Kering,">3,10 km/km2",Gleisol,250 - 500 m (Jauh),1000 - 2000 mm/th (Sedang),0-8% (Datar),Sedang,Cangkringan
1078,Hutan Lahan Kering,">3,10 km/km2",Gleisol,250 - 500 m (Jauh),1000 - 2000 mm/th (Sedang),8-15% (Landai),Sedang,Cangkringan
1079,Hutan Lahan Kering,">3,10 km/km2",Gleisol,250 - 500 m (Jauh),1000 - 2000 mm/th (Sedang),15-25% (Agak Curam),Rendah,Cangkringan
1080,Hutan Lahan Kering,">3,10 km/km2",Gleisol,250 - 500 m (Jauh),1000 - 2000 mm/th (Sedang),25-40% (Curam),Rendah,Pakem
1081,Hutan Lahan Kering,">3,10 km/km2",Gleisol,250 - 500 m (Jauh),1000 - 2000 mm/th (Sedang),>40% (Sangat Curam),Rendah,Pakem
1082,Hutan Lahan Kering,">3,10 km/km2",Gleisol,250 - 500 m (Jauh),500 - 1000 mm/th (Agak Rendah),0-8% (Datar),Rendah,Berbah
1083,Hutan Lahan Kering,">3,10 km/km2",Gleisol,250 - 500 m (Jauh),500 - 1000 mm/th (Agak Rendah),8-15% (Landai),Rendah,Berbah
1084,Hutan Lahan Kering,">3,10 km/km2",Gleisol,250 - 500 m (Jauh),500 - 1000 mm/th (Agak Rendah),15-25% (Agak Curam),Rendah,Berbah
1085,Hutan Lahan Kering,">3,10 km/km2",Gleisol,250 - 500 m (Jauh),500 - 1000 mm/th (Agak Rendah),25-40% (Curam),Rendah,Berbah
1086,Hutan Lahan Kering,">3,10 km/km2",Gleisol,250 - 500 m (Jauh),500 - 1000 mm/th (Agak Rendah),>40% (Sangat Curam),Rendah,Berbah
1087,Hutan Lahan Kering,">3,10 km/km2",Fluvisol,>500 m (Sangat Jauh),500 - 1000 mm/th (Agak Rendah),0-8% (Datar),Rendah,Bambanglipuro
1088,Hutan Lahan Kering,">3,10 km/km2",Fluvisol,>500 m (Sangat Jauh),500 - 1000 mm/th (Agak Rendah),8-15% (Landai),Rendah,Bambanglipuro
1089,Hutan Lahan Kering,">3,10 km/km2",Fluvisol,>500 m (Sangat Jauh),500 - 1000 mm/th (Agak Rendah),15-25% (Agak Curam),Rendah,Bambanglipuro
1090,Hutan Lahan Kering,">3,10 km/km2",Fluvisol,>500 m (Sangat Jauh),500 - 1000 mm/th (Agak Rendah),25-40% (Curam),Rendah,Kretek
1091,Hutan Lahan Kering,">3,10 km/km2",Fluvisol,>500 m (Sangat Jauh),500 - 1000 mm/th (Agak Rendah),>40% (Sangat Curam),Rendah,Kretek
1092,Hutan Lahan Kering,">3,10 km/km2",Fluvisol,0 - 50 m (Sangat Dekat),500 - 1000 mm/th (Agak Rendah),0-8% (Datar),Sedang,Kretek
1093,Hutan Lahan Kering,">3,10 km/km2",Fluvisol,0 - 50 m (Sangat Dekat),500 - 1000 mm/th (Agak Rendah),8-15% (Landai),Sedang,Kretek
1094,Hutan Lahan Kering,">3,10 km/km2",Fluvisol,0 - 50 m (Sangat Dekat),500 - 1000 mm/th (Agak Rendah),15-25% (Agak Curam),Sedang,Kretek
1095,Hutan Lahan Kering,">3,10 km/km2",Fluvisol,0 - 50 m (Sangat Dekat),500 - 1000 mm/th (Agak Rendah),25-40% (Curam),Sedang,Lendah
1096,Hutan Lahan Kering,">3,10 km/km2",Fluvisol,0 - 50 m (Sangat Dekat),500 - 1000 mm/th (Agak Rendah),>40% (Sangat Curam),Sedang,Pundong
1097,Hutan Lahan Kering,">3,10 km/km2",Fluvisol,50 - 100 m (Dekat),500 - 1000 mm/th (Agak Rendah),0-8% (Datar),Sedang,Kretek
1098,Hutan Lahan Kering,">3,10 km/km2",Fluvisol,50 - 100 m (Dekat),500 - 1000 mm/th (Agak Rendah),8-15% (Landai),Sedang,Kretek
1099,Hutan Lahan Kering,">3,10 km/km2",Fluvisol,50 - 100 m (Dekat),500 - 1000 mm/th (Agak Rendah),15-25% (Agak Curam),Sedang,Kretek
1100,Hutan Lahan Kering,">3,10 km/km2",Fluvisol,50 - 100 m (Dekat),500 - 1000 mm/th (Agak Rendah),25-40% (Curam),Sedang,Kretek
1101,Hutan Lahan Kering,">3,10 km/km2",Fluvisol,50 - 100 m (Dekat),500 - 1000 mm/th (Agak Rendah),>40% (Sangat Curam),Rendah,Pundong
1102,Hutan Lahan Kering,">3,10 km/km2",Fluvisol,100 - 250 m (Sedang),500 - 1000 mm/th (Agak Rendah),0-8% (Datar),Rendah,Kretek
1103,Hutan Lahan Kering,">3,10 km/km2",Fluvisol,100 - 250 m (Sedang),500 - 1000 mm/th (Agak Rendah),8-15% (Landai),Rendah,Kretek
1104,Hutan Lahan Kering,">3,10 km/km2",Fluvisol,100 - 250 m (Sedang),500 - 1000 mm/th (Agak Rendah),15-25% (Agak Curam),Rendah,Kretek
1105,Hutan Lahan Kering,">3,10 km/km2",Fluvisol,100 - 250 m (Sedang),500 - 1000 mm/th (Agak Rendah),25-40% (Curam),Rendah,Lendah
1106,Hutan Lahan Kering,">3,10 km/km2",Fluvisol,100 - 250 m (Sedang),500 - 1000 mm/th (Agak Rendah),>40% (Sangat Curam),Rendah,Pundong
1107,Hutan Lahan Kering,">3,10 km/km2",Fluvisol,250 - 500 m (Jauh),500 - 1000 mm/th (Agak Rendah),0-8% (Datar),Rendah,Kretek
1108,Hutan Lahan Kering,">3,10 km/km2",Fluvisol,250 - 500 m (Jauh),500 - 1000 mm/th (Agak Rendah),8-15% (Landai),Rendah,Kretek
1109,Hutan Lahan Kering,">3,10 km/km2",Fluvisol,250 - 500 m (Jauh),500 - 1000 mm/th (Agak Rendah),15-25% (Agak Curam),Rendah,Kretek
1110,Hutan Lahan Kering,">3,10 km/km2",Fluvisol,250 - 500 m (Jauh),500 - 1000 mm/th (Agak Rendah),25-40% (Curam),Rendah,Kretek
1111,Hutan Lahan Kering,">3,10 km/km2",Fluvisol,250 - 500 m (Jauh),500 - 1000 mm/th (Agak Rendah),>40% (Sangat Curam),Rendah,Kretek
1112,Hutan Lahan Kering,">3,10 km/km2",Nitosol,>500 m (Sangat Jauh),1000 - 2000 mm/th (Sedang),0-8% (Datar),Rendah,Pengasih
1113,Hutan Lahan Kering,">3,10 km/km2",Nitosol,>500 m (Sangat Jauh),1000 - 2000 mm/th (Sedang),8-15% (Landai),Rendah,Pengasih
1114,Hutan Lahan Kering,">3,10 km/km2",Nitosol,>500 m (Sangat Jauh),1000 - 2000 mm/th (Sedang),15-25% (Agak Curam),Rendah,Girimulyo
1115,Hutan Lahan Kering,">3,10 km/km2",Nitosol,>500 m (Sangat Jauh),1000 - 2000 mm/th (Sedang),25-40% (Curam),Rendah,Girimulyo
1116,Hutan Lahan Kering,">3,10 km/km2",Nitosol,>500 m (Sangat Jauh),1000 - 2000 mm/th (Sedang),>40% (Sangat Curam),Rendah,Girimulyo
1117,Hutan Lahan Kering,">3,10 km/km2",Nitosol,0 - 50 m (Sangat Dekat),1000 - 2000 mm/th (Sedang),0-8% (Datar),Sedang,Girimulyo
1118,Hutan Lahan Kering,">3,10 km/km2",Nitosol,0 - 50 m (Sangat Dekat),1000 - 2000 mm/th (Sedang),8-15% (Landai),Sedang,Girimulyo
1119,Hutan Lahan Kering,">3,10 km/km2",Nitosol,0 - 50 m (Sangat Dekat),1000 - 2000 mm/th (Sedang),15-25% (Agak Curam),Sedang,Girimulyo
1120,Hutan Lahan Kering,">3,10 km/km2",Nitosol,0 - 50 m (Sangat Dekat),1000 - 2000 mm/th (Sedang),25-40% (Curam),Sedang,Girimulyo
1121,Hutan Lahan Kering,">3,10 km/km2",Nitosol,0 - 50 m (Sangat Dekat),1000 - 2000 mm/th (Sedang),>40% (Sangat Curam),Sedang,Girimulyo
1122,Hutan Lahan Kering,">3,10 km/km2",Nitosol,50 - 100 m (Dekat),1000 - 2000 mm/th (Sedang),0-8% (Datar),Sedang,Girimulyo
1123,Hutan Lahan Kering,">3,10 km/km2",Nitosol,50 - 100 m (Dekat),1000 - 2000 mm/th (Sedang),8-15% (Landai),Sedang,Girimulyo
1124,Hutan Lahan Kering,">3,10 km/km2",Nitosol,50 - 100 m (Dekat),1000 - 2000 mm/th (Sedang),15-25% (Agak Curam),Sedang,Girimulyo
1125,Hutan Lahan Kering,">3,10 km/km2",Nitosol,50 - 100 m (Dekat),1000 - 2000 mm/th (Sedang),25-40% (Curam),Sedang,Girimulyo
1126,Hutan Lahan Kering,">3,10 km/km2",Nitosol,50 - 100 m (Dekat),1000 - 2000 mm/th (Sedang),>40% (Sangat Curam),Sedang,Girimulyo
1127,Hutan Lahan Kering,">3,10 km/km2",Nitosol,100 - 250 m (Sedang),1000 - 2000 mm/th (Sedang),0-8% (Datar),Sedang,Girimulyo
1128,Hutan Lahan Kering,">3,10 km/km2",Nitosol,100 - 250 m (Sedang),1000 - 2000 mm/th (Sedang),8-15% (Landai),Sedang,Girimulyo
1129,Hutan Lahan Kering,">3,10 km/km2",Nitosol,100 - 250 m (Sedang),1000 - 2000 mm/th (Sedang),15-25% (Agak Curam),Sedang,Girimulyo
1130,Hutan Lahan Kering,">3,10 km/km2",Nitosol,100 - 250 m (Sedang),1000 - 2000 mm/th (Sedang),25-40% (Curam),Sedang,Girimulyo
1131,Hutan Lahan Kering,">3,10 km/km2",Nitosol,100 - 250 m (Sedang),1000 - 2000 mm/th (Sedang),>40% (Sangat Curam),Sedang,Girimulyo
1132,Hutan Lahan Kering,">3,10 km/km2",Nitosol,250 - 500 m (Jauh),1000 - 2000 mm/th (Sedang),0-8% (Datar),Sedang,Girimulyo
1133,Hutan Lahan Kering,">3,10 km/km2",Nitosol,250 - 500 m (Jauh),1000 - 2000 mm/th (Sedang),8-15% (Landai),Rendah,Girimulyo
1134,Hutan Lahan Kering,">3,10 km/km2",Nitosol,250 - 500 m (Jauh),1000 - 2000 mm/th (Sedang),15-25% (Agak Curam),Rendah,Girimulyo
1135,Hutan Lahan Kering,">3,10 km/km2",Nitosol,250 - 500 m (Jauh),1000 - 2000 mm/th (Sedang),25-40% (Curam),Rendah,Girimulyo
1136,Hutan Lahan Kering,">3,10 km/km2",Nitosol,250 - 500 m (Jauh),1000 - 2000 mm/th (Sedang),>40% (Sangat Curam),Rendah,Girimulyo
1137,Hutan Lahan Kering,">3,10 km/km2",Vertisol,0 - 50 m (Sangat Dekat),500 - 1000 mm/th (Agak Rendah),0-8% (Datar),Sedang,Nglipar
1138,Hutan Lahan Kering,">3,10 km/km2",Vertisol,0 - 50 m (Sangat Dekat),500 - 1000 mm/th (Agak Rendah),8-15% (Landai),Sedang,Nglipar
1139,Hutan Lahan Kering,">3,10 km/km2",Vertisol,0 - 50 m (Sangat Dekat),500 - 1000 mm/th (Agak Rendah),15-25% (Agak Curam),Sedang,Nglipar
1140,Hutan Lahan Kering,">3,10 km/km2",Vertisol,0 - 50 m (Sangat Dekat),500 - 1000 mm/th (Agak Rendah),25-40% (Curam),Sedang,Nglipar
1141,Hutan Lahan Kering,">3,10 km/km2",Vertisol,50 - 100 m (Dekat),500 - 1000 mm/th (Agak Rendah),8-15% (Landai),Sedang,Nglipar
1142,Hutan Lahan Kering,">3,10 km/km2",Vertisol,50 - 100 m (Dekat),500 - 1000 mm/th (Agak Rendah),15-25% (Agak Curam),Sedang,Nglipar
1143,Hutan Lahan Kering,">3,10 km/km2",Vertisol,50 - 100 m (Dekat),500 - 1000 mm/th (Agak Rendah),25-40% (Curam),Sedang,Nglipar
1144,Hutan Lahan Kering,">3,10 km/km2",Vertisol,100 - 250 m (Sedang),500 - 1000 mm/th (Agak Rendah),0-8% (Datar),Rendah,Nglipar
1145,Hutan Lahan Kering,">3,10 km/km2",Vertisol,100 - 250 m (Sedang),500 - 1000 mm/th (Agak Rendah),8-15% (Landai),Rendah,Nglipar
1146,Hutan Lahan Kering,">3,10 km/km2",Vertisol,100 - 250 m (Sedang),500 - 1000 mm/th (Agak Rendah),15-25% (Agak Curam),Rendah,Nglipar
1147,Hutan Lahan Kering,">3,10 km/km2",Vertisol,100 - 250 m (Sedang),500 - 1000 mm/th (Agak Rendah),25-40% (Curam),Rendah,Nglipar
1148,Hutan Lahan Kering,">3,10 km/km2",Vertisol,250 - 500 m (Jauh),500 - 1000 mm/th (Agak Rendah),0-8% (Datar),Rendah,Nglipar
1149,Hutan Lahan Kering,">3,10 km/km2",Vertisol,250 - 500 m (Jauh),500 - 1000 mm/th (Agak Rendah),8-15% (Landai),Rendah,Nglipar
1150,Hutan Lahan Kering,">3,10 km/km2",Vertisol,250 - 500 m (Jauh),500 - 1000 mm/th (Agak Rendah),15-25% (Agak Curam),Rendah,Nglipar
1151,Rumput Rawa,"<0,62 km/km2",Litosol,>500 m (Sangat Jauh),500 - 1000 mm/th (Agak Rendah),0-8% (Datar),Sedang,Kretek
1152,Rumput Rawa,"<0,62 km/km2",Litosol,>500 m (Sangat Jauh),500 - 1000 mm/th (Agak Rendah),8-15% (Landai),Rendah,Kretek
1153,Rumput Rawa,"<0,62 km/km2",Litosol,250 - 500 m (Jauh),500 - 1000 mm/th (Agak Rendah),0-8% (Datar),Sedang,Kretek
1154,Rumput Rawa,"<0,62 km/km2",Litosol,250 - 500 m (Jauh),500 - 1000 mm/th (Agak Rendah),8-15% (Landai),Sedang,Kretek
1155,Rumput Rawa,"<0,62 km/km2",Fluvisol,>500 m (Sangat Jauh),500 - 1000 mm/th (Agak Rendah),0-8% (Datar),Sedang,Kretek
1156,Rumput Rawa,"<0,62 km/km2",Fluvisol,>500 m (Sangat Jauh),500 - 1000 mm/th (Agak Rendah),8-15% (Landai),Sedang,Kretek
1157,Rumput Rawa,"0,62 - 1.44 km/km2",Fluvisol,>500 m (Sangat Jauh),1000 - 2000 mm/th (Sedang),0-8% (Datar),Sedang,Temon
1158,Rumput Rawa,"0,62 - 1.44 km/km2",Fluvisol,>500 m (Sangat Jauh),1000 - 2000 mm/th (Sedang),8-15% (Landai),Sedang,Temon
1159,Rumput Rawa,"0,62 - 1.44 km/km2",Fluvisol,>500 m (Sangat Jauh),500 - 1000 mm/th (Agak Rendah),0-8% (Datar),Sedang,Kretek
1160,Rumput Rawa,"0,62 - 1.44 km/km2",Fluvisol,>500 m (Sangat Jauh),500 - 1000 mm/th (Agak Rendah),8-15% (Landai),Sedang,Kretek
1161,Rumput Rawa,"0,62 - 1.44 km/km2",Fluvisol,0 - 50 m (Sangat Dekat),500 - 1000 mm/th (Agak Rendah),0-8% (Datar),Tinggi,Srandakan
1162,Rumput Rawa,"0,62 - 1.44 km/km2",Fluvisol,0 - 50 m (Sangat Dekat),500 - 1000 mm/th (Agak Rendah),8-15% (Landai),Tinggi,Srandakan
1163,Rumput Rawa,"0,62 - 1.44 km/km2",Fluvisol,50 - 100 m (Dekat),500 - 1000 mm/th (Agak Rendah),0-8% (Datar),Sedang,Srandakan
1164,Rumput Rawa,"0,62 - 1.44 km/km2",Fluvisol,50 - 100 m (Dekat),500 - 1000 mm/th (Agak Rendah),8-15% (Landai),Sedang,Srandakan
1165,Rumput Rawa,"0,62 - 1.44 km/km2",Fluvisol,100 - 250 m (Sedang),500 - 1000 mm/th (Agak Rendah),0-8% (Datar),Sedang,Galur
1166,Rumput Rawa,"0,62 - 1.44 km/km2",Fluvisol,250 - 500 m (Jauh),500 - 1000 mm/th (Agak Rendah),0-8% (Datar),Sedang,Galur
1167,Rumput Rawa,"0,62 - 1.44 km/km2",Fluvisol,250 - 500 m (Jauh),500 - 1000 mm/th (Agak Rendah),8-15% (Landai),Sedang,Kretek
1168,Rumput Rawa,"1,44 - 2,27 km/km2",Fluvisol,0 - 50 m (Sangat Dekat),500 - 1000 mm/th (Agak Rendah),0-8% (Datar),Tinggi,Galur
1169,Rumput Rawa,"1,44 - 2,27 km/km2",Fluvisol,50 - 100 m (Dekat),500 - 1000 mm/th (Agak Rendah),0-8% (Datar),Sedang,Galur
1170,Rumput Rawa,"1,44 - 2,27 km/km2",Fluvisol,50 - 100 m (Dekat),500 - 1000 mm/th (Agak Rendah),8-15% (Landai),Sedang,Galur
1171,Rumput Rawa,"1,44 - 2,27 km/km2",Fluvisol,100 - 250 m (Sedang),500 - 1000 mm/th (Agak Rendah),0-8% (Datar),Sedang,Galur
1172,Rumput Rawa,"1,44 - 2,27 km/km2",Fluvisol,250 - 500 m (Jauh),500 - 1000 mm/th (Agak Rendah),0-8% (Datar),Sedang,Galur
1173,Rumput Rawa,"2,27 - 3,10 km/km2",Litosol,>500 m (Sangat Jauh),500 - 1000 mm/th (Agak Rendah),0-8% (Datar),Rendah,Sentolo
1174,Rumput Rawa,"2,27 - 3,10 km/km2",Litosol,0 - 50 m (Sangat Dekat),500 - 1000 mm/th (Agak Rendah),0-8% (Datar),Sedang,Lendah
1175,Rumput Rawa,"2,27 - 3,10 km/km2",Litosol,0 - 50 m (Sangat Dekat),500 - 1000 mm/th (Agak Rendah),8-15% (Landai),Sedang,Lendah
1176,Rumput Rawa,"2,27 - 3,10 km/km2",Litosol,50 - 100 m (Dekat),500 - 1000 mm/th (Agak Rendah),0-8% (Datar),Sedang,Lendah
1177,Rumput Rawa,"2,27 - 3,10 km/km2",Litosol,50 - 100 m (Dekat),500 - 1000 mm/th (Agak Rendah),8-15% (Landai),Sedang,Lendah
1178,Rumput Rawa,"2,27 - 3,10 km/km2",Litosol,100 - 250 m (Sedang),500 - 1000 mm/th (Agak Rendah),0-8% (Datar),Sedang,Lendah
1179,Rumput Rawa,"2,27 - 3,10 km/km2",Litosol,100 - 250 m (Sedang),500 - 1000 mm/th (Agak Rendah),8-15% (Landai),Sedang,Lendah
1180,Rumput Rawa,"2,27 - 3,10 km/km2",Litosol,100 - 250 m (Sedang),500 - 1000 mm/th (Agak Rendah),15-25% (Agak Curam),Sedang,Lendah
1181,Rumput Rawa,"2,27 - 3,10 km/km2",Fluvisol,50 - 100 m (Dekat),500 - 1000 mm/th (Agak Rendah),0-8% (Datar),Sedang,Lendah
1182,Rumput Rawa,"2,27 - 3,10 km/km2",Fluvisol,50 - 100 m (Dekat),500 - 1000 mm/th (Agak Rendah),8-15% (Landai),Sedang,Lendah
1183,Rumput Rawa,"2,27 - 3,10 km/km2",Fluvisol,100 - 250 m (Sedang),500 - 1000 mm/th (Agak Rendah),0-8% (Datar),Sedang,Lendah
1184,Rumput Rawa,"2,27 - 3,10 km/km2",Fluvisol,100 - 250 m (Sedang),500 - 1000 mm/th (Agak Rendah),8-15% (Landai),Sedang,Lendah
1185,Rumput Rawa,"2,27 - 3,10 km/km2",Fluvisol,250 - 500 m (Jauh),500 - 1000 mm/th (Agak Rendah),0-8% (Datar),Sedang,Lendah
1186,Rumput Rawa,">3,10 km/km2",Litosol,0 - 50 m (Sangat Dekat),500 - 1000 mm/th (Agak Rendah),0-8% (Datar),Sedang,Pajangan
1187,Rumput Rawa,">3,10 km/km2",Litosol,0 - 50 m (Sangat Dekat),500 - 1000 mm/th (Agak Rendah),8-15% (Landai),Sedang,Sentolo
1188,Rumput Rawa,">3,10 km/km2",Litosol,0 - 50 m (Sangat Dekat),500 - 1000 mm/th (Agak Rendah),15-25% (Agak Curam),Sedang,Pajangan
1189,Rumput Rawa,">3,10 km/km2",Litosol,0 - 50 m (Sangat Dekat),500 - 1000 mm/th (Agak Rendah),25-40% (Curam),Sedang,Pajangan
1190,Rumput Rawa,">3,10 km/km2",Litosol,50 - 100 m (Dekat),500 - 1000 mm/th (Agak Rendah),0-8% (Datar),Sedang,Pajangan
1191,Rumput Rawa,">3,10 km/km2",Litosol,50 - 100 m (Dekat),500 - 1000 mm/th (Agak Rendah),8-15% (Landai),Sedang,Pajangan
1192,Rumput Rawa,">3,10 km/km2",Litosol,50 - 100 m (Dekat),500 - 1000 mm/th (Agak Rendah),15-25% (Agak Curam),Sedang,Sentolo
1193,Rumput Rawa,">3,10 km/km2",Litosol,50 - 100 m (Dekat),500 - 1000 mm/th (Agak Rendah),25-40% (Curam),Sedang,Pajangan
1194,Rumput Rawa,">3,10 km/km2",Litosol,100 - 250 m (Sedang),500 - 1000 mm/th (Agak Rendah),0-8% (Datar),Sedang,Lendah
1195,Rumput Rawa,">3,10 km/km2",Litosol,100 - 250 m (Sedang),500 - 1000 mm/th (Agak Rendah),8-15% (Landai),Sedang,Lendah
1196,Rumput Rawa,">3,10 km/km2",Litosol,250 - 500 m (Jauh),500 - 1000 mm/th (Agak Rendah),0-8% (Datar),Rendah,Lendah
1197,Rumput Rawa,">3,10 km/km2",Fluvisol,0 - 50 m (Sangat Dekat),500 - 1000 mm/th (Agak Rendah),0-8% (Datar),Sedang,Lendah
1198,Rumput Rawa,">3,10 km/km2",Fluvisol,50 - 100 m (Dekat),500 - 1000 mm/th (Agak Rendah),0-8% (Datar),Sedang,Lendah
1199,Rumput Rawa,">3,10 km/km2",Fluvisol,100 - 250 m (Sedang),500 - 1000 mm/th (Agak Rendah),0-8% (Datar),Sedang,Lendah
1200,Rumput Rawa,">3,10 km/km2",Fluvisol,250 - 500 m (Jauh),500 - 1000 mm/th (Agak Rendah),0-8% (Datar),Sedang,Lendah
1201,Tananman Campuran,"<0,62 km/km2",Litosol,>500 m (Sangat Jauh),500 - 1000 mm/th (Agak Rendah),0-8% (Datar),Rendah,Girisubo
1202,Tananman Campuran,"<0,62 km/km2",Litosol,>500 m (Sangat Jauh),500 - 1000 mm/th (Agak Rendah),8-15% (Landai),Rendah,Girisubo
1203,Tananman Campuran,"<0,62 km/km2",Litosol,>500 m (Sangat Jauh),500 - 1000 mm/th (Agak Rendah),15-25% (Agak Curam),Rendah,Girisubo
1204,Tananman Campuran,"<0,62 km/km2",Litosol,>500 m (Sangat Jauh),500 - 1000 mm/th (Agak Rendah),25-40% (Curam),Rendah,Girisubo
1205,Tananman Campuran,"<0,62 km/km2",Litosol,>500 m (Sangat Jauh),500 - 1000 mm/th (Agak Rendah),>40% (Sangat Curam),Rendah,Girisubo
1206,Tananman Campuran,"<0,62 km/km2",Litosol,0 - 50 m (Sangat Dekat),500 - 1000 mm/th (Agak Rendah),0-8% (Datar),Sedang,Girisubo
1207,Tananman Campuran,"<0,62 km/km2",Litosol,0 - 50 m (Sangat Dekat),500 - 1000 mm/th (Agak Rendah),8-15% (Landai),Sedang,Girisubo
1208,Tananman Campuran,"<0,62 km/km2",Litosol,0 - 50 m (Sangat Dekat),500 - 1000 mm/th (Agak Rendah),15-25% (Agak Curam),Sedang,Girisubo
1209,Tananman Campuran,"<0,62 km/km2",Litosol,0 - 50 m (Sangat Dekat),500 - 1000 mm/th (Agak Rendah),25-40% (Curam),Sedang,Girisubo
1210,Tananman Campuran,"<0,62 km/km2",Litosol,0 - 50 m (Sangat Dekat),500 - 1000 mm/th (Agak Rendah),>40% (Sangat Curam),Sedang,Girisubo
1211,Tananman Campuran,"<0,62 km/km2",Litosol,50 - 100 m (Dekat),500 - 1000 mm/th (Agak Rendah),0-8% (Datar),Sedang,Girisubo
1212,Tananman Campuran,"<0,62 km/km2",Litosol,50 - 100 m (Dekat),500 - 1000 mm/th (Agak Rendah),8-15% (Landai),Sedang,Girisubo
1213,Tananman Campuran,"<0,62 km/km2",Litosol,50 - 100 m (Dekat),500 - 1000 mm/th (Agak Rendah),15-25% (Agak Curam),Sedang,Girisubo
1214,Tananman Campuran,"<0,62 km/km2",Litosol,50 - 100 m (Dekat),500 - 1000 mm/th (Agak Rendah),25-40% (Curam),Sedang,Girisubo
1215,Tananman Campuran,"<0,62 km/km2",Litosol,50 - 100 m (Dekat),500 - 1000 mm/th (Agak Rendah),>40% (Sangat Curam),Sedang,Girisubo
1216,Tananman Campuran,"<0,62 km/km2",Litosol,100 - 250 m (Sedang),500 - 1000 mm/th (Agak Rendah),0-8% (Datar),Sedang,Girisubo
1217,Tananman Campuran,"<0,62 km/km2",Litosol,100 - 250 m (Sedang),500 - 1000 mm/th (Agak Rendah),8-15% (Landai),Sedang,Girisubo
1218,Tananman Campuran,"<0,62 km/km2",Litosol,100 - 250 m (Sedang),500 - 1000 mm/th (Agak Rendah),15-25% (Agak Curam),Sedang,Girisubo
1219,Tananman Campuran,"<0,62 km/km2",Litosol,100 - 250 m (Sedang),500 - 1000 mm/th (Agak Rendah),25-40% (Curam),Sedang,Girisubo
1220,Tananman Campuran,"<0,62 km/km2",Litosol,100 - 250 m (Sedang),500 - 1000 mm/th (Agak Rendah),>40% (Sangat Curam),Sedang,Girisubo
1221,Tananman Campuran,"<0,62 km/km2",Litosol,250 - 500 m (Jauh),500 - 1000 mm/th (Agak Rendah),0-8% (Datar),Sedang,Girisubo
1222,Tananman Campuran,"<0,62 km/km2",Litosol,250 - 500 m (Jauh),500 - 1000 mm/th (Agak Rendah),8-15% (Landai),Sedang,Girisubo
1223,Tananman Campuran,"<0,62 km/km2",Litosol,250 - 500 m (Jauh),500 - 1000 mm/th (Agak Rendah),15-25% (Agak Curam),Rendah,Girisubo
1224,Tananman Campuran,"<0,62 km/km2",Litosol,250 - 500 m (Jauh),500 - 1000 mm/th (Agak Rendah),25-40% (Curam),Rendah,Girisubo
1225,Tananman Campuran,"<0,62 km/km2",Litosol,250 - 500 m (Jauh),500 - 1000 mm/th (Agak Rendah),>40% (Sangat Curam),Rendah,Girisubo
1226,Tananman Campuran,"<0,62 km/km2",Fluvisol,>500 m (Sangat Jauh),1000 - 2000 mm/th (Sedang),0-8% (Datar),Sedang,Temon
1227,Tananman Campuran,"<0,62 km/km2",Fluvisol,>500 m (Sangat Jauh),500 - 1000 mm/th (Agak Rendah),0-8% (Datar),Sedang,Galur
1228,Tananman Campuran,"<0,62 km/km2",Fluvisol,>500 m (Sangat Jauh),500 - 1000 mm/th (Agak Rendah),8-15% (Landai),Rendah,Panjatan
1229,Tananman Campuran,"<0,62 km/km2",Fluvisol,0 - 50 m (Sangat Dekat),1000 - 2000 mm/th (Sedang),0-8% (Datar),Tinggi,Temon
1230,Tananman Campuran,"<0,62 km/km2",Fluvisol,0 - 50 m (Sangat Dekat),1000 - 2000 mm/th (Sedang),8-15% (Landai),Tinggi,Temon
1231,Tananman Campuran,"<0,62 km/km2",Fluvisol,50 - 100 m (Dekat),1000 - 2000 mm/th (Sedang),0-8% (Datar),Tinggi,Temon
1232,Tananman Campuran,"<0,62 km/km2",Fluvisol,50 - 100 m (Dekat),1000 - 2000 mm/th (Sedang),8-15% (Landai),Tinggi,Temon
1233,Tananman Campuran,"<0,62 km/km2",Fluvisol,100 - 250 m (Sedang),1000 - 2000 mm/th (Sedang),0-8% (Datar),Sedang,Temon
1234,Tananman Campuran,"<0,62 km/km2",Fluvisol,100 - 250 m (Sedang),1000 - 2000 mm/th (Sedang),8-15% (Landai),Sedang,Temon
1235,Tananman Campuran,"<0,62 km/km2",Fluvisol,250 - 500 m (Jauh),1000 - 2000 mm/th (Sedang),0-8% (Datar),Sedang,Temon
1236,Tananman Campuran,"<0,62 km/km2",Fluvisol,250 - 500 m (Jauh),1000 - 2000 mm/th (Sedang),8-15% (Landai),Sedang,Temon
1237,Tananman Campuran,"<0,62 km/km2",Vertisol,>500 m (Sangat Jauh),500 - 1000 mm/th (Agak Rendah),0-8% (Datar),Rendah,Semanu
1238,Tananman Campuran,"<0,62 km/km2",Vertisol,>500 m (Sangat Jauh),500 - 1000 mm/th (Agak Rendah),8-15% (Landai),Rendah,Semanu
1239,Tananman Campuran,"<0,62 km/km2",Vertisol,>500 m (Sangat Jauh),500 - 1000 mm/th (Agak Rendah),15-25% (Agak Curam),Rendah,Semanu
1240,Tananman Campuran,"<0,62 km/km2",Vertisol,>500 m (Sangat Jauh),500 - 1000 mm/th (Agak Rendah),25-40% (Curam),Rendah,Ponjong
1241,Tananman Campuran,"<0,62 km/km2",Vertisol,>500 m (Sangat Jauh),500 - 1000 mm/th (Agak Rendah),>40% (Sangat Curam),Rendah,Semanu
1242,Tananman Campuran,"<0,62 km/km2",Vertisol,0 - 50 m (Sangat Dekat),500 - 1000 mm/th (Agak Rendah),0-8% (Datar),Tinggi,Semanu
1243,Tananman Campuran,"<0,62 km/km2",Vertisol,0 - 50 m (Sangat Dekat),500 - 1000 mm/th (Agak Rendah),8-15% (Landai),Sedang,Semanu
1244,Tananman Campuran,"<0,62 km/km2",Vertisol,0 - 50 m (Sangat Dekat),500 - 1000 mm/th (Agak Rendah),15-25% (Agak Curam),Sedang,Semanu
1245,Tananman Campuran,"<0,62 km/km2",Vertisol,50 - 100 m (Dekat),500 - 1000 mm/th (Agak Rendah),0-8% (Datar),Sedang,Semanu
1246,Tananman Campuran,"<0,62 km/km2",Vertisol,50 - 100 m (Dekat),500 - 1000 mm/th (Agak Rendah),8-15% (Landai),Sedang,Semanu
1247,Tananman Campuran,"<0,62 km/km2",Vertisol,50 - 100 m (Dekat),500 - 1000 mm/th (Agak Rendah),15-25% (Agak Curam),Sedang,Semanu
1248,Tananman Campuran,"<0,62 km/km2",Vertisol,50 - 100 m (Dekat),500 - 1000 mm/th (Agak Rendah),25-40% (Curam),Sedang,Semanu
1249,Tananman Campuran,"<0,62 km/km2",Vertisol,100 - 250 m (Sedang),500 - 1000 mm/th (Agak Rendah),0-8% (Datar),Sedang,Semanu
1250,Tananman Campuran,"<0,62 km/km2",Vertisol,100 - 250 m (Sedang),500 - 1000 mm/th (Agak Rendah),8-15% (Landai),Sedang,Semanu
1251,Tananman Campuran,"<0,62 km/km2",Vertisol,100 - 250 m (Sedang),500 - 1000 mm/th (Agak Rendah),15-25% (Agak Curam),Sedang,Semanu
1252,Tananman Campuran,"<0,62 km/km2",Vertisol,100 - 250 m (Sedang),500 - 1000 mm/th (Agak Rendah),25-40% (Curam),Sedang,Semanu
1253,Tananman Campuran,"<0,62 km/km2",Vertisol,100 - 250 m (Sedang),500 - 1000 mm/th (Agak Rendah),>40% (Sangat Curam),Sedang,Semanu
1254,Tananman Campuran,"<0,62 km/km2",Vertisol,250 - 500 m (Jauh),500 - 1000 mm/th (Agak Rendah),0-8% (Datar),Sedang,Semanu
1255,Tananman Campuran,"<0,62 km/km2",Vertisol,250 - 500 m (Jauh),500 - 1000 mm/th (Agak Rendah),8-15% (Landai),Sedang,Semanu
1256,Tananman Campuran,"<0,62 km/km2",Vertisol,250 - 500 m (Jauh),500 - 1000 mm/th (Agak Rendah),15-25% (Agak Curam),Sedang,Semanu
1257,Tananman Campuran,"<0,62 km/km2",Vertisol,250 - 500 m (Jauh),500 - 1000 mm/th (Agak Rendah),25-40% (Curam),Sedang,Semanu
1258,Tananman Campuran,"<0,62 km/km2",Vertisol,250 - 500 m (Jauh),500 - 1000 mm/th (Agak Rendah),>40% (Sangat Curam),Sedang,Semanu
1259,Tananman Campuran,"0,62 - 1.44 km/km2",Litosol,>500 m (Sangat Jauh),500 - 1000 mm/th (Agak Rendah),0-8% (Datar),Rendah,Ngawen
1260,Tananman Campuran,"0,62 - 1.44 km/km2",Litosol,>500 m (Sangat Jauh),500 - 1000 mm/th (Agak Rendah),8-15% (Landai),Rendah,Ngawen
1261,Tananman Campuran,"0,62 - 1.44 km/km2",Litosol,>500 m (Sangat Jauh),500 - 1000 mm/th (Agak Rendah),15-25% (Agak Curam),Rendah,Ngawen
1262,Tananman Campuran,"0,62 - 1.44 km/km2",Litosol,>500 m (Sangat Jauh),500 - 1000 mm/th (Agak Rendah),25-40% (Curam),Rendah,Ngawen
1263,Tananman Campuran,"0,62 - 1.44 km/km2",Litosol,>500 m (Sangat Jauh),500 - 1000 mm/th (Agak Rendah),>40% (Sangat Curam),Rendah,Ngawen
1264,Tananman Campuran,"0,62 - 1.44 km/km2",Litosol,0 - 50 m (Sangat Dekat),500 - 1000 mm/th (Agak Rendah),0-8% (Datar),Sedang,Dlingo
1265,Tananman Campuran,"0,62 - 1.44 km/km2",Litosol,0 - 50 m (Sangat Dekat),500 - 1000 mm/th (Agak Rendah),8-15% (Landai),Sedang,Dlingo
1266,Tananman Campuran,"0,62 - 1.44 km/km2",Litosol,0 - 50 m (Sangat Dekat),500 - 1000 mm/th (Agak Rendah),15-25% (Agak Curam),Sedang,Dlingo
1267,Tananman Campuran,"0,62 - 1.44 km/km2",Litosol,0 - 50 m (Sangat Dekat),500 - 1000 mm/th (Agak Rendah),25-40% (Curam),Sedang,Dlingo
1268,Tananman Campuran,"0,62 - 1.44 km/km2",Litosol,0 - 50 m (Sangat Dekat),500 - 1000 mm/th (Agak Rendah),>40% (Sangat Curam),Sedang,Dlingo
1269,Tananman Campuran,"0,62 - 1.44 km/km2",Litosol,50 - 100 m (Dekat),500 - 1000 mm/th (Agak Rendah),0-8% (Datar),Sedang,Gedangsari
1270,Tananman Campuran,"0,62 - 1.44 km/km2",Litosol,50 - 100 m (Dekat),500 - 1000 mm/th (Agak Rendah),8-15% (Landai),Sedang,Dlingo
1271,Tananman Campuran,"0,62 - 1.44 km/km2",Litosol,50 - 100 m (Dekat),500 - 1000 mm/th (Agak Rendah),15-25% (Agak Curam),Sedang,Dlingo
1272,Tananman Campuran,"0,62 - 1.44 km/km2",Litosol,50 - 100 m (Dekat),500 - 1000 mm/th (Agak Rendah),25-40% (Curam),Sedang,Ngawen
1273,Tananman Campuran,"0,62 - 1.44 km/km2",Litosol,50 - 100 m (Dekat),500 - 1000 mm/th (Agak Rendah),>40% (Sangat Curam),Sedang,Dlingo
1274,Tananman Campuran,"0,62 - 1.44 km/km2",Litosol,100 - 250 m (Sedang),500 - 1000 mm/th (Agak Rendah),0-8% (Datar),Sedang,Dlingo
1275,Tananman Campuran,"0,62 - 1.44 km/km2",Litosol,100 - 250 m (Sedang),500 - 1000 mm/th (Agak Rendah),8-15% (Landai),Sedang,Dlingo
1276,Tananman Campuran,"0,62 - 1.44 km/km2",Litosol,100 - 250 m (Sedang),500 - 1000 mm/th (Agak Rendah),15-25% (Agak Curam),Sedang,Dlingo
1277,Tananman Campuran,"0,62 - 1.44 km/km2",Litosol,100 - 250 m (Sedang),500 - 1000 mm/th (Agak Rendah),25-40% (Curam),Sedang,Dlingo
1278,Tananman Campuran,"0,62 - 1.44 km/km2",Litosol,100 - 250 m (Sedang),500 - 1000 mm/th (Agak Rendah),>40% (Sangat Curam),Sedang,Ngawen
1279,Tananman Campuran,"0,62 - 1.44 km/km2",Litosol,250 - 500 m (Jauh),500 - 1000 mm/th (Agak Rendah),0-8% (Datar),Rendah,Dlingo
1280,Tananman Campuran,"0,62 - 1.44 km/km2",Litosol,250 - 500 m (Jauh),500 - 1000 mm/th (Agak Rendah),8-15% (Landai),Rendah,Dlingo
1281,Tananman Campuran,"0,62 - 1.44 km/km2",Litosol,250 - 500 m (Jauh),500 - 1000 mm/th (Agak Rendah),15-25% (Agak Curam),Rendah,Dlingo
1282,Tananman Campuran,"0,62 - 1.44 km/km2",Litosol,250 - 500 m (Jauh),500 - 1000 mm/th (Agak Rendah),25-40% (Curam),Rendah,Gedangsari
1283,Tananman Campuran,"0,62 - 1.44 km/km2",Litosol,250 - 500 m (Jauh),500 - 1000 mm/th (Agak Rendah),>40% (Sangat Curam),Rendah,Gedangsari
1284,Tananman Campuran,"0,62 - 1.44 km/km2",Gleisol,>500 m (Sangat Jauh),500 - 1000 mm/th (Agak Rendah),25-40% (Curam),Rendah,Prambanan
1285,Tananman Campuran,"0,62 - 1.44 km/km2",Gleisol,>500 m (Sangat Jauh),500 - 1000 mm/th (Agak Rendah),>40% (Sangat Curam),Rendah,Prambanan
1286,Tananman Campuran,"0,62 - 1.44 km/km2",Gleisol,100 - 250 m (Sedang),500 - 1000 mm/th (Agak Rendah),>40% (Sangat Curam),Sedang,Imogiri
1287,Tananman Campuran,"0,62 - 1.44 km/km2",Gleisol,250 - 500 m (Jauh),500 - 1000 mm/th (Agak Rendah),0-8% (Datar),Sedang,Prambanan
1288,Tananman Campuran,"0,62 - 1.44 km/km2",Gleisol,250 - 500 m (Jauh),500 - 1000 mm/th (Agak Rendah),8-15% (Landai),Sedang,Prambanan
1289,Tananman Campuran,"0,62 - 1.44 km/km2",Gleisol,250 - 500 m (Jauh),500 - 1000 mm/th (Agak Rendah),15-25% (Agak Curam),Sedang,Prambanan
1290,Tananman Campuran,"0,62 - 1.44 km/km2",Gleisol,250 - 500 m (Jauh),500 - 1000 mm/th (Agak Rendah),25-40% (Curam),Sedang,Prambanan
1291,Tananman Campuran,"0,62 - 1.44 km/km2",Gleisol,250 - 500 m (Jauh),500 - 1000 mm/th (Agak Rendah),>40% (Sangat Curam),Rendah,Imogiri
1292,Tananman Campuran,"0,62 - 1.44 km/km2",Fluvisol,>500 m (Sangat Jauh),1000 - 2000 mm/th (Sedang),0-8% (Datar),Sedang,Temon
1293,Tananman Campuran,"0,62 - 1.44 km/km2",Fluvisol,>500 m (Sangat Jauh),1000 - 2000 mm/th (Sedang),8-15% (Landai),Sedang,Temon
1294,Tananman Campuran,"0,62 - 1.44 km/km2",Fluvisol,>500 m (Sangat Jauh),1000 - 2000 mm/th (Sedang),15-25% (Agak Curam),Sedang,Temon
1295,Tananman Campuran,"0,62 - 1.44 km/km2",Fluvisol,>500 m (Sangat Jauh),500 - 1000 mm/th (Agak Rendah),0-8% (Datar),Rendah,Galur
1296,Tananman Campuran,"0,62 - 1.44 km/km2",Fluvisol,>500 m (Sangat Jauh),500 - 1000 mm/th (Agak Rendah),8-15% (Landai),Rendah,Galur
1297,Tananman Campuran,"0,62 - 1.44 km/km2",Fluvisol,>500 m (Sangat Jauh),500 - 1000 mm/th (Agak Rendah),15-25% (Agak Curam),Rendah,Galur
1298,Tananman Campuran,"0,62 - 1.44 km/km2",Fluvisol,>500 m (Sangat Jauh),500 - 1000 mm/th (Agak Rendah),25-40% (Curam),Rendah,Kretek
1299,Tananman Campuran,"0,62 - 1.44 km/km2",Fluvisol,0 - 50 m (Sangat Dekat),1000 - 2000 mm/th (Sedang),0-8% (Datar),Tinggi,Temon
1300,Tananman Campuran,"0,62 - 1.44 km/km2",Fluvisol,0 - 50 m (Sangat Dekat),1000 - 2000 mm/th (Sedang),8-15% (Landai),Tinggi,Temon
1301,Tananman Campuran,"0,62 - 1.44 km/km2",Fluvisol,0 - 50 m (Sangat Dekat),1000 - 2000 mm/th (Sedang),15-25% (Agak Curam),Tinggi,Temon
1302,Tananman Campuran,"0,62 - 1.44 km/km2",Fluvisol,0 - 50 m (Sangat Dekat),500 - 1000 mm/th (Agak Rendah),0-8% (Datar),Sedang,Galur
1303,Tananman Campuran,"0,62 - 1.44 km/km2",Fluvisol,0 - 50 m (Sangat Dekat),500 - 1000 mm/th (Agak Rendah),8-15% (Landai),Sedang,Galur
1304,Tananman Campuran,"0,62 - 1.44 km/km2",Fluvisol,0 - 50 m (Sangat Dekat),500 - 1000 mm/th (Agak Rendah),15-25% (Agak Curam),Sedang,Galur
1305,Tananman Campuran,"0,62 - 1.44 km/km2",Fluvisol,0 - 50 m (Sangat Dekat),500 - 1000 mm/th (Agak Rendah),25-40% (Curam),Sedang,Lendah
1306,Tananman Campuran,"0,62 - 1.44 km/km2",Fluvisol,50 - 100 m (Dekat),1000 - 2000 mm/th (Sedang),0-8% (Datar),Tinggi,Temon
1307,Tananman Campuran,"0,62 - 1.44 km/km2",Fluvisol,50 - 100 m (Dekat),1000 - 2000 mm/th (Sedang),8-15% (Landai),Tinggi,Temon
1308,Tananman Campuran,"0,62 - 1.44 km/km2",Fluvisol,50 - 100 m (Dekat),1000 - 2000 mm/th (Sedang),15-25% (Agak Curam),Tinggi,Temon
1309,Tananman Campuran,"0,62 - 1.44 km/km2",Fluvisol,50 - 100 m (Dekat),500 - 1000 mm/th (Agak Rendah),0-8% (Datar),Sedang,Galur
1310,Tananman Campuran,"0,62 - 1.44 km/km2",Fluvisol,50 - 100 m (Dekat),500 - 1000 mm/th (Agak Rendah),8-15% (Landai),Sedang,Galur
1311,Tananman Campuran,"0,62 - 1.44 km/km2",Fluvisol,50 - 100 m (Dekat),500 - 1000 mm/th (Agak Rendah),15-25% (Agak Curam),Sedang,Galur
1312,Tananman Campuran,"0,62 - 1.44 km/km2",Fluvisol,50 - 100 m (Dekat),500 - 1000 mm/th (Agak Rendah),25-40% (Curam),Sedang,Lendah
1313,Tananman Campuran,"0,62 - 1.44 km/km2",Fluvisol,100 - 250 m (Sedang),1000 - 2000 mm/th (Sedang),0-8% (Datar),Sedang,Kokap
1314,Tananman Campuran,"0,62 - 1.44 km/km2",Fluvisol,100 - 250 m (Sedang),1000 - 2000 mm/th (Sedang),8-15% (Landai),Sedang,Kokap
1315,Tananman Campuran,"0,62 - 1.44 km/km2",Fluvisol,100 - 250 m (Sedang),1000 - 2000 mm/th (Sedang),15-25% (Agak Curam),Sedang,Temon
1316,Tananman Campuran,"0,62 - 1.44 km/km2",Fluvisol,100 - 250 m (Sedang),500 - 1000 mm/th (Agak Rendah),0-8% (Datar),Sedang,Galur
1317,Tananman Campuran,"0,62 - 1.44 km/km2",Fluvisol,100 - 250 m (Sedang),500 - 1000 mm/th (Agak Rendah),8-15% (Landai),Sedang,Galur
1318,Tananman Campuran,"0,62 - 1.44 km/km2",Fluvisol,100 - 250 m (Sedang),500 - 1000 mm/th (Agak Rendah),15-25% (Agak Curam),Sedang,Galur
1319,Tananman Campuran,"0,62 - 1.44 km/km2",Fluvisol,250 - 500 m (Jauh),1000 - 2000 mm/th (Sedang),0-8% (Datar),Sedang,Temon
1320,Tananman Campuran,"0,62 - 1.44 km/km2",Fluvisol,250 - 500 m (Jauh),1000 - 2000 mm/th (Sedang),8-15% (Landai),Sedang,Temon
1321,Tananman Campuran,"0,62 - 1.44 km/km2",Fluvisol,250 - 500 m (Jauh),1000 - 2000 mm/th (Sedang),15-25% (Agak Curam),Sedang,Temon
1322,Tananman Campuran,"0,62 - 1.44 km/km2",Fluvisol,250 - 500 m (Jauh),500 - 1000 mm/th (Agak Rendah),0-8% (Datar),Sedang,Galur
1323,Tananman Campuran,"0,62 - 1.44 km/km2",Fluvisol,250 - 500 m (Jauh),500 - 1000 mm/th (Agak Rendah),8-15% (Landai),Sedang,Galur
1324,Tananman Campuran,"0,62 - 1.44 km/km2",Fluvisol,250 - 500 m (Jauh),500 - 1000 mm/th (Agak Rendah),15-25% (Agak Curam),Sedang,Galur
1325,Tananman Campuran,"0,62 - 1.44 km/km2",Fluvisol,250 - 500 m (Jauh),500 - 1000 mm/th (Agak Rendah),25-40% (Curam),Sedang,Galur
1326,Tananman Campuran,"0,62 - 1.44 km/km2",Vertisol,>500 m (Sangat Jauh),500 - 1000 mm/th (Agak Rendah),0-8% (Datar),Rendah,Karangmojo
1327,Tananman Campuran,"0,62 - 1.44 km/km2",Vertisol,>500 m (Sangat Jauh),500 - 1000 mm/th (Agak Rendah),8-15% (Landai),Rendah,Karangmojo
1328,Tananman Campuran,"0,62 - 1.44 km/km2",Vertisol,>500 m (Sangat Jauh),500 - 1000 mm/th (Agak Rendah),15-25% (Agak Curam),Rendah,Playen
1329,Tananman Campuran,"0,62 - 1.44 km/km2",Vertisol,>500 m (Sangat Jauh),500 - 1000 mm/th (Agak Rendah),25-40% (Curam),Rendah,Ponjong
1330,Tananman Campuran,"0,62 - 1.44 km/km2",Vertisol,>500 m (Sangat Jauh),500 - 1000 mm/th (Agak Rendah),>40% (Sangat Curam),Rendah,Ponjong
1331,Tananman Campuran,"0,62 - 1.44 km/km2",Vertisol,0 - 50 m (Sangat Dekat),500 - 1000 mm/th (Agak Rendah),0-8% (Datar),Sedang,Karangmojo
1332,Tananman Campuran,"0,62 - 1.44 km/km2",Vertisol,0 - 50 m (Sangat Dekat),500 - 1000 mm/th (Agak Rendah),8-15% (Landai),Sedang,Karangmojo
1333,Tananman Campuran,"0,62 - 1.44 km/km2",Vertisol,0 - 50 m (Sangat Dekat),500 - 1000 mm/th (Agak Rendah),15-25% (Agak Curam),Sedang,Paliyan
1334,Tananman Campuran,"0,62 - 1.44 km/km2",Vertisol,0 - 50 m (Sangat Dekat),500 - 1000 mm/th (Agak Rendah),25-40% (Curam),Sedang,Ponjong
1335,Tananman Campuran,"0,62 - 1.44 km/km2",Vertisol,0 - 50 m (Sangat Dekat),500 - 1000 mm/th (Agak Rendah),>40% (Sangat Curam),Sedang,Semanu
1336,Tananman Campuran,"0,62 - 1.44 km/km2",Vertisol,50 - 100 m (Dekat),500 - 1000 mm/th (Agak Rendah),0-8% (Datar),Sedang,Karangmojo
1337,Tananman Campuran,"0,62 - 1.44 km/km2",Vertisol,50 - 100 m (Dekat),500 - 1000 mm/th (Agak Rendah),8-15% (Landai),Sedang,Karangmojo
1338,Tananman Campuran,"0,62 - 1.44 km/km2",Vertisol,50 - 100 m (Dekat),500 - 1000 mm/th (Agak Rendah),15-25% (Agak Curam),Sedang,Karangmojo
1339,Tananman Campuran,"0,62 - 1.44 km/km2",Vertisol,50 - 100 m (Dekat),500 - 1000 mm/th (Agak Rendah),25-40% (Curam),Sedang,Ponjong
1340,Tananman Campuran,"0,62 - 1.44 km/km2",Vertisol,50 - 100 m (Dekat),500 - 1000 mm/th (Agak Rendah),>40% (Sangat Curam),Sedang,Semanu
1341,Tananman Campuran,"0,62 - 1.44 km/km2",Vertisol,100 - 250 m (Sedang),500 - 1000 mm/th (Agak Rendah),0-8% (Datar),Sedang,Karangmojo
1342,Tananman Campuran,"0,62 - 1.44 km/km2",Vertisol,100 - 250 m (Sedang),500 - 1000 mm/th (Agak Rendah),8-15% (Landai),Sedang,Karangmojo
1343,Tananman Campuran,"0,62 - 1.44 km/km2",Vertisol,100 - 250 m (Sedang),500 - 1000 mm/th (Agak Rendah),15-25% (Agak Curam),Sedang,Karangmojo
1344,Tananman Campuran,"0,62 - 1.44 km/km2",Vertisol,100 - 250 m (Sedang),500 - 1000 mm/th (Agak Rendah),25-40% (Curam),Sedang,Ponjong
1345,Tananman Campuran,"0,62 - 1.44 km/km2",Vertisol,100 - 250 m (Sedang),500 - 1000 mm/th (Agak Rendah),>40% (Sangat Curam),Sedang,Ponjong
1346,Tananman Campuran,"0,62 - 1.44 km/km2",Vertisol,250 - 500 m (Jauh),500 - 1000 mm/th (Agak Rendah),0-8% (Datar),Sedang,Karangmojo
1347,Tananman Campuran,"0,62 - 1.44 km/km2",Vertisol,250 - 500 m (Jauh),500 - 1000 mm/th (Agak Rendah),8-15% (Landai),Sedang,Karangmojo
1348,Tananman Campuran,"0,62 - 1.44 km/km2",Vertisol,250 - 500 m (Jauh),500 - 1000 mm/th (Agak Rendah),15-25% (Agak Curam),Sedang,Karangmojo
1349,Tananman Campuran,"0,62 - 1.44 km/km2",Vertisol,250 - 500 m (Jauh),500 - 1000 mm/th (Agak Rendah),25-40% (Curam),Rendah,Ponjong
1350,Tananman Campuran,"0,62 - 1.44 km/km2",Vertisol,250 - 500 m (Jauh),500 - 1000 mm/th (Agak Rendah),>40% (Sangat Curam),Rendah,Ponjong
1351,Tananman Campuran,"1,44 - 2,27 km/km2",Luvisol,>500 m (Sangat Jauh),500 - 1000 mm/th (Agak Rendah),25-40% (Curam),Rendah,Gedangsari
1352,Tananman Campuran,"1,44 - 2,27 km/km2",Luvisol,>500 m (Sangat Jauh),500 - 1000 mm/th (Agak Rendah),>40% (Sangat Curam),Rendah,Gedangsari
1353,Tananman Campuran,"1,44 - 2,27 km/km2",Luvisol,0 - 50 m (Sangat Dekat),1000 - 2000 mm/th (Sedang),0-8% (Datar),Tinggi,Tempel
1354,Tananman Campuran,"1,44 - 2,27 km/km2",Luvisol,0 - 50 m (Sangat Dekat),1000 - 2000 mm/th (Sedang),15-25% (Agak Curam),Tinggi,Tempel
1355,Tananman Campuran,"1,44 - 2,27 km/km2",Luvisol,0 - 50 m (Sangat Dekat),500 - 1000 mm/th (Agak Rendah),0-8% (Datar),Sedang,Gedangsari
1356,Tananman Campuran,"1,44 - 2,27 km/km2",Luvisol,0 - 50 m (Sangat Dekat),500 - 1000 mm/th (Agak Rendah),8-15% (Landai),Sedang,Gedangsari
1357,Tananman Campuran,"1,44 - 2,27 km/km2",Luvisol,0 - 50 m (Sangat Dekat),500 - 1000 mm/th (Agak Rendah),15-25% (Agak Curam),Sedang,Gedangsari
1358,Tananman Campuran,"1,44 - 2,27 km/km2",Luvisol,0 - 50 m (Sangat Dekat),500 - 1000 mm/th (Agak Rendah),25-40% (Curam),Sedang,Gedangsari
1359,Tananman Campuran,"1,44 - 2,27 km/km2",Luvisol,50 - 100 m (Dekat),1000 - 2000 mm/th (Sedang),0-8% (Datar),Sedang,Tempel
1360,Tananman Campuran,"1,44 - 2,27 km/km2",Luvisol,50 - 100 m (Dekat),1000 - 2000 mm/th (Sedang),8-15% (Landai),Sedang,Tempel
1361,Tananman Campuran,"1,44 - 2,27 km/km2",Luvisol,50 - 100 m (Dekat),500 - 1000 mm/th (Agak Rendah),8-15% (Landai),Sedang,Gedangsari
1362,Tananman Campuran,"1,44 - 2,27 km/km2",Luvisol,50 - 100 m (Dekat),500 - 1000 mm/th (Agak Rendah),15-25% (Agak Curam),Sedang,Gedangsari
1363,Tananman Campuran,"1,44 - 2,27 km/km2",Luvisol,50 - 100 m (Dekat),500 - 1000 mm/th (Agak Rendah),25-40% (Curam),Sedang,Gedangsari
1364,Tananman Campuran,"1,44 - 2,27 km/km2",Luvisol,50 - 100 m (Dekat),500 - 1000 mm/th (Agak Rendah),>40% (Sangat Curam),Sedang,Gedangsari
1365,Tananman Campuran,"1,44 - 2,27 km/km2",Luvisol,100 - 250 m (Sedang),1000 - 2000 mm/th (Sedang),0-8% (Datar),Sedang,Tempel
1366,Tananman Campuran,"1,44 - 2,27 km/km2",Luvisol,100 - 250 m (Sedang),1000 - 2000 mm/th (Sedang),8-15% (Landai),Sedang,Tempel
1367,Tananman Campuran,"1,44 - 2,27 km/km2",Luvisol,100 - 250 m (Sedang),500 - 1000 mm/th (Agak Rendah),0-8% (Datar),Sedang,Gedangsari
1368,Tananman Campuran,"1,44 - 2,27 km/km2",Luvisol,100 - 250 m (Sedang),500 - 1000 mm/th (Agak Rendah),8-15% (Landai),Sedang,Gedangsari
1369,Tananman Campuran,"1,44 - 2,27 km/km2",Luvisol,100 - 250 m (Sedang),500 - 1000 mm/th (Agak Rendah),15-25% (Agak Curam),Sedang,Gedangsari
1370,Tananman Campuran,"1,44 - 2,27 km/km2",Luvisol,100 - 250 m (Sedang),500 - 1000 mm/th (Agak Rendah),25-40% (Curam),Sedang,Gedangsari
1371,Tananman Campuran,"1,44 - 2,27 km/km2",Luvisol,100 - 250 m (Sedang),500 - 1000 mm/th (Agak Rendah),>40% (Sangat Curam),Rendah,Gedangsari
1372,Tananman Campuran,"1,44 - 2,27 km/km2",Luvisol,250 - 500 m (Jauh),1000 - 2000 mm/th (Sedang),0-8% (Datar),Sedang,Tempel
1373,Tananman Campuran,"1,44 - 2,27 km/km2",Luvisol,250 - 500 m (Jauh),500 - 1000 mm/th (Agak Rendah),0-8% (Datar),Rendah,Gedangsari
1374,Tananman Campuran,"1,44 - 2,27 km/km2",Luvisol,250 - 500 m (Jauh),500 - 1000 mm/th (Agak Rendah),8-15% (Landai),Rendah,Gedangsari
1375,Tananman Campuran,"1,44 - 2,27 km/km2",Luvisol,250 - 500 m (Jauh),500 - 1000 mm/th (Agak Rendah),15-25% (Agak Curam),Rendah,Gedangsari
1376,Tananman Campuran,"1,44 - 2,27 km/km2",Luvisol,250 - 500 m (Jauh),500 - 1000 mm/th (Agak Rendah),25-40% (Curam),Rendah,Gedangsari
1377,Tananman Campuran,"1,44 - 2,27 km/km2",Luvisol,250 - 500 m (Jauh),500 - 1000 mm/th (Agak Rendah),>40% (Sangat Curam),Rendah,Gedangsari
1378,Tananman Campuran,"1,44 - 2,27 km/km2",Litosol,>500 m (Sangat Jauh),500 - 1000 mm/th (Agak Rendah),0-8% (Datar),Rendah,Dlingo
1379,Tananman Campuran,"1,44 - 2,27 km/km2",Litosol,>500 m (Sangat Jauh),500 - 1000 mm/th (Agak Rendah),8-15% (Landai),Rendah,Dlingo
1380,Tananman Campuran,"1,44 - 2,27 km/km2",Litosol,>500 m (Sangat Jauh),500 - 1000 mm/th (Agak Rendah),15-25% (Agak Curam),Rendah,Dlingo
1381,Tananman Campuran,"1,44 - 2,27 km/km2",Litosol,>500 m (Sangat Jauh),500 - 1000 mm/th (Agak Rendah),25-40% (Curam),Rendah,Gedangsari
1382,Tananman Campuran,"1,44 - 2,27 km/km2",Litosol,>500 m (Sangat Jauh),500 - 1000 mm/th (Agak Rendah),>40% (Sangat Curam),Rendah,Gedangsari
1383,Tananman Campuran,"1,44 - 2,27 km/km2",Litosol,0 - 50 m (Sangat Dekat),1000 - 2000 mm/th (Sedang),0-8% (Datar),Tinggi,Sentolo
1384,Tananman Campuran,"1,44 - 2,27 km/km2",Litosol,0 - 50 m (Sangat Dekat),1000 - 2000 mm/th (Sedang),8-15% (Landai),Tinggi,Samigaluh
1385,Tananman Campuran,"1,44 - 2,27 km/km2",Litosol,0 - 50 m (Sangat Dekat),1000 - 2000 mm/th (Sedang),15-25% (Agak Curam),Sedang,Samigaluh
1386,Tananman Campuran,"1,44 - 2,27 km/km2",Litosol,0 - 50 m (Sangat Dekat),500 - 1000 mm/th (Agak Rendah),0-8% (Datar),Sedang,Dlingo
1387,Tananman Campuran,"1,44 - 2,27 km/km2",Litosol,0 - 50 m (Sangat Dekat),500 - 1000 mm/th (Agak Rendah),8-15% (Landai),Sedang,Dlingo
1388,Tananman Campuran,"1,44 - 2,27 km/km2",Litosol,0 - 50 m (Sangat Dekat),500 - 1000 mm/th (Agak Rendah),15-25% (Agak Curam),Sedang,Dlingo
1389,Tananman Campuran,"1,44 - 2,27 km/km2",Litosol,0 - 50 m (Sangat Dekat),500 - 1000 mm/th (Agak Rendah),25-40% (Curam),Sedang,Dlingo
1390,Tananman Campuran,"1,44 - 2,27 km/km2",Litosol,0 - 50 m (Sangat Dekat),500 - 1000 mm/th (Agak Rendah),>40% (Sangat Curam),Sedang,Dlingo
1391,Tananman Campuran,"1,44 - 2,27 km/km2",Litosol,50 - 100 m (Dekat),1000 - 2000 mm/th (Sedang),0-8% (Datar),Sedang,Sentolo
1392,Tananman Campuran,"1,44 - 2,27 km/km2",Litosol,50 - 100 m (Dekat),1000 - 2000 mm/th (Sedang),8-15% (Landai),Sedang,Samigaluh
1393,Tananman Campuran,"1,44 - 2,27 km/km2",Litosol,50 - 100 m (Dekat),1000 - 2000 mm/th (Sedang),15-25% (Agak Curam),Sedang,Samigaluh
1394,Tananman Campuran,"1,44 - 2,27 km/km2",Litosol,50 - 100 m (Dekat),1000 - 2000 mm/th (Sedang),25-40% (Curam),Sedang,Samigaluh
1395,Tananman Campuran,"1,44 - 2,27 km/km2",Litosol,50 - 100 m (Dekat),1000 - 2000 mm/th (Sedang),>40% (Sangat Curam),Sedang,Samigaluh
1396,Tananman Campuran,"1,44 - 2,27 km/km2",Litosol,50 - 100 m (Dekat),500 - 1000 mm/th (Agak Rendah),0-8% (Datar),Sedang,Dlingo
1397,Tananman Campuran,"1,44 - 2,27 km/km2",Litosol,50 - 100 m (Dekat),500 - 1000 mm/th (Agak Rendah),8-15% (Landai),Sedang,Dlingo
1398,Tananman Campuran,"1,44 - 2,27 km/km2",Litosol,50 - 100 m (Dekat),500 - 1000 mm/th (Agak Rendah),15-25% (Agak Curam),Sedang,Dlingo
1399,Tananman Campuran,"1,44 - 2,27 km/km2",Litosol,50 - 100 m (Dekat),500 - 1000 mm/th (Agak Rendah),25-40% (Curam),Sedang,Dlingo
1400,Tananman Campuran,"1,44 - 2,27 km/km2",Litosol,50 - 100 m (Dekat),500 - 1000 mm/th (Agak Rendah),>40% (Sangat Curam),Sedang,Dlingo
1401,Tananman Campuran,"1,44 - 2,27 km/km2",Litosol,100 - 250 m (Sedang),1000 - 2000 mm/th (Sedang),0-8% (Datar),Sedang,Sentolo
1402,Tananman Campuran,"1,44 - 2,27 km/km2",Litosol,100 - 250 m (Sedang),1000 - 2000 mm/th (Sedang),8-15% (Landai),Sedang,Samigaluh
1403,Tananman Campuran,"1,44 - 2,27 km/km2",Litosol,100 - 250 m (Sedang),1000 - 2000 mm/th (Sedang),15-25% (Agak Curam),Sedang,Samigaluh
1404,Tananman Campuran,"1,44 - 2,27 km/km2",Litosol,100 - 250 m (Sedang),1000 - 2000 mm/th (Sedang),25-40% (Curam),Sedang,Samigaluh
1405,Tananman Campuran,"1,44 - 2,27 km/km2",Litosol,100 - 250 m (Sedang),1000 - 2000 mm/th (Sedang),>40% (Sangat Curam),Sedang,Samigaluh
1406,Tananman Campuran,"1,44 - 2,27 km/km2",Litosol,100 - 250 m (Sedang),500 - 1000 mm/th (Agak Rendah),0-8% (Datar),Sedang,Dlingo
1407,Tananman Campuran,"1,44 - 2,27 km/km2",Litosol,100 - 250 m (Sedang),500 - 1000 mm/th (Agak Rendah),8-15% (Landai),Sedang,Dlingo
1408,Tananman Campuran,"1,44 - 2,27 km/km2",Litosol,100 - 250 m (Sedang),500 - 1000 mm/th (Agak Rendah),15-25% (Agak Curam),Sedang,Dlingo
1409,Tananman Campuran,"1,44 - 2,27 km/km2",Litosol,100 - 250 m (Sedang),500 - 1000 mm/th (Agak Rendah),25-40% (Curam),Rendah,Dlingo
1410,Tananman Campuran,"1,44 - 2,27 km/km2",Litosol,100 - 250 m (Sedang),500 - 1000 mm/th (Agak Rendah),>40% (Sangat Curam),Rendah,Dlingo
1411,Tananman Campuran,"1,44 - 2,27 km/km2",Litosol,250 - 500 m (Jauh),1000 - 2000 mm/th (Sedang),8-15% (Landai),Sedang,Sentolo
1412,Tananman Campuran,"1,44 - 2,27 km/km2",Litosol,250 - 500 m (Jauh),1000 - 2000 mm/th (Sedang),25-40% (Curam),Sedang,Sentolo
1413,Tananman Campuran,"1,44 - 2,27 km/km2",Litosol,250 - 500 m (Jauh),500 - 1000 mm/th (Agak Rendah),0-8% (Datar),Rendah,Dlingo
1414,Tananman Campuran,"1,44 - 2,27 km/km2",Litosol,250 - 500 m (Jauh),500 - 1000 mm/th (Agak Rendah),8-15% (Landai),Rendah,Dlingo
1415,Tananman Campuran,"1,44 - 2,27 km/km2",Litosol,250 - 500 m (Jauh),500 - 1000 mm/th (Agak Rendah),15-25% (Agak Curam),Rendah,Dlingo
1416,Tananman Campuran,"1,44 - 2,27 km/km2",Litosol,250 - 500 m (Jauh),500 - 1000 mm/th (Agak Rendah),25-40% (Curam),Rendah,Dlingo
1417,Tananman Campuran,"1,44 - 2,27 km/km2",Litosol,250 - 500 m (Jauh),500 - 1000 mm/th (Agak Rendah),>40% (Sangat Curam),Rendah,Gedangsari
1418,Tananman Campuran,"1,44 - 2,27 km/km2",Gleisol,>500 m (Sangat Jauh),500 - 1000 mm/th (Agak Rendah),0-8% (Datar),Rendah,Imogiri
1419,Tananman Campuran,"1,44 - 2,27 km/km2",Gleisol,>500 m (Sangat Jauh),500 - 1000 mm/th (Agak Rendah),8-15% (Landai),Rendah,Imogiri
1420,Tananman Campuran,"1,44 - 2,27 km/km2",Gleisol,>500 m (Sangat Jauh),500 - 1000 mm/th (Agak Rendah),15-25% (Agak Curam),Rendah,Imogiri
1421,Tananman Campuran,"1,44 - 2,27 km/km2",Gleisol,>500 m (Sangat Jauh),500 - 1000 mm/th (Agak Rendah),25-40% (Curam),Rendah,Imogiri
1422,Tananman Campuran,"1,44 - 2,27 km/km2",Gleisol,>500 m (Sangat Jauh),500 - 1000 mm/th (Agak Rendah),>40% (Sangat Curam),Rendah,Pleret
1423,Tananman Campuran,"1,44 - 2,27 km/km2",Gleisol,0 - 50 m (Sangat Dekat),1000 - 2000 mm/th (Sedang),0-8% (Datar),Tinggi,Cangkringan
1424,Tananman Campuran,"1,44 - 2,27 km/km2",Gleisol,0 - 50 m (Sangat Dekat),1000 - 2000 mm/th (Sedang),8-15% (Landai),Tinggi,Cangkringan
1425,Tananman Campuran,"1,44 - 2,27 km/km2",Gleisol,0 - 50 m (Sangat Dekat),500 - 1000 mm/th (Agak Rendah),0-8% (Datar),Sedang,Dlingo
1426,Tananman Campuran,"1,44 - 2,27 km/km2",Gleisol,0 - 50 m (Sangat Dekat),500 - 1000 mm/th (Agak Rendah),8-15% (Landai),Sedang,Dlingo
1427,Tananman Campuran,"1,44 - 2,27 km/km2",Gleisol,0 - 50 m (Sangat Dekat),500 - 1000 mm/th (Agak Rendah),15-25% (Agak Curam),Sedang,Dlingo
1428,Tananman Campuran,"1,44 - 2,27 km/km2",Gleisol,0 - 50 m (Sangat Dekat),500 - 1000 mm/th (Agak Rendah),25-40% (Curam),Sedang,Dlingo
1429,Tananman Campuran,"1,44 - 2,27 km/km2",Gleisol,0 - 50 m (Sangat Dekat),500 - 1000 mm/th (Agak Rendah),>40% (Sangat Curam),Sedang,Imogiri
1430,Tananman Campuran,"1,44 - 2,27 km/km2",Gleisol,50 - 100 m (Dekat),1000 - 2000 mm/th (Sedang),0-8% (Datar),Tinggi,Cangkringan
1431,Tananman Campuran,"1,44 - 2,27 km/km2",Gleisol,50 - 100 m (Dekat),1000 - 2000 mm/th (Sedang),8-15% (Landai),Sedang,Cangkringan
1432,Tananman Campuran,"1,44 - 2,27 km/km2",Gleisol,50 - 100 m (Dekat),1000 - 2000 mm/th (Sedang),15-25% (Agak Curam),Sedang,Tempel
1433,Tananman Campuran,"1,44 - 2,27 km/km2",Gleisol,50 - 100 m (Dekat),500 - 1000 mm/th (Agak Rendah),0-8% (Datar),Sedang,Imogiri
1434,Tananman Campuran,"1,44 - 2,27 km/km2",Gleisol,50 - 100 m (Dekat),500 - 1000 mm/th (Agak Rendah),8-15% (Landai),Sedang,Imogiri
1435,Tananman Campuran,"1,44 - 2,27 km/km2",Gleisol,50 - 100 m (Dekat),500 - 1000 mm/th (Agak Rendah),15-25% (Agak Curam),Sedang,Imogiri
1436,Tananman Campuran,"1,44 - 2,27 km/km2",Gleisol,50 - 100 m (Dekat),500 - 1000 mm/th (Agak Rendah),25-40% (Curam),Sedang,Imogiri
1437,Tananman Campuran,"1,44 - 2,27 km/km2",Gleisol,50 - 100 m (Dekat),500 - 1000 mm/th (Agak Rendah),>40% (Sangat Curam),Sedang,Imogiri
1438,Tananman Campuran,"1,44 - 2,27 km/km2",Gleisol,100 - 250 m (Sedang),1000 - 2000 mm/th (Sedang),0-8% (Datar),Sedang,Cangkringan
1439,Tananman Campuran,"1,44 - 2,27 km/km2",Gleisol,100 - 250 m (Sedang),1000 - 2000 mm/th (Sedang),8-15% (Landai),Sedang,Cangkringan
1440,Tananman Campuran,"1,44 - 2,27 km/km2",Gleisol,100 - 250 m (Sedang),1000 - 2000 mm/th (Sedang),15-25% (Agak Curam),Sedang,Tempel
1441,Tananman Campuran,"1,44 - 2,27 km/km2",Gleisol,100 - 250 m (Sedang),500 - 1000 mm/th (Agak Rendah),0-8% (Datar),Sedang,Imogiri
1442,Tananman Campuran,"1,44 - 2,27 km/km2",Gleisol,100 - 250 m (Sedang),500 - 1000 mm/th (Agak Rendah),8-15% (Landai),Sedang,Imogiri
1443,Tananman Campuran,"1,44 - 2,27 km/km2",Gleisol,100 - 250 m (Sedang),500 - 1000 mm/th (Agak Rendah),15-25% (Agak Curam),Sedang,Imogiri
1444,Tananman Campuran,"1,44 - 2,27 km/km2",Gleisol,100 - 250 m (Sedang),500 - 1000 mm/th (Agak Rendah),25-40% (Curam),Sedang,Imogiri
1445,Tananman Campuran,"1,44 - 2,27 km/km2",Gleisol,100 - 250 m (Sedang),500 - 1000 mm/th (Agak Rendah),>40% (Sangat Curam),Sedang,Imogiri
1446,Tananman Campuran,"1,44 - 2,27 km/km2",Gleisol,250 - 500 m (Jauh),1000 - 2000 mm/th (Sedang),0-8% (Datar),Sedang,Cangkringan
1447,Tananman Campuran,"1,44 - 2,27 km/km2",Gleisol,250 - 500 m (Jauh),500 - 1000 mm/th (Agak Rendah),0-8% (Datar),Sedang,Imogiri
1448,Tananman Campuran,"1,44 - 2,27 km/km2",Gleisol,250 - 500 m (Jauh),500 - 1000 mm/th (Agak Rendah),8-15% (Landai),Sedang,Imogiri
1449,Tananman Campuran,"1,44 - 2,27 km/km2",Gleisol,250 - 500 m (Jauh),500 - 1000 mm/th (Agak Rendah),15-25% (Agak Curam),Rendah,Imogiri
1450,Tananman Campuran,"1,44 - 2,27 km/km2",Gleisol,250 - 500 m (Jauh),500 - 1000 mm/th (Agak Rendah),25-40% (Curam),Rendah,Imogiri
1451,Tananman Campuran,"1,44 - 2,27 km/km2",Gleisol,250 - 500 m (Jauh),500 - 1000 mm/th (Agak Rendah),>40% (Sangat Curam),Rendah,Imogiri
1452,Tananman Campuran,"1,44 - 2,27 km/km2",Fluvisol,>500 m (Sangat Jauh),1000 - 2000 mm/th (Sedang),0-8% (Datar),Sedang,Temon
1453,Tananman Campuran,"1,44 - 2,27 km/km2",Fluvisol,>500 m (Sangat Jauh),500 - 1000 mm/th (Agak Rendah),0-8% (Datar),Rendah,Galur
1454,Tananman Campuran,"1,44 - 2,27 km/km2",Fluvisol,>500 m (Sangat Jauh),500 - 1000 mm/th (Agak Rendah),8-15% (Landai),Rendah,Galur
1455,Tananman Campuran,"1,44 - 2,27 km/km2",Fluvisol,>500 m (Sangat Jauh),500 - 1000 mm/th (Agak Rendah),15-25% (Agak Curam),Rendah,Galur
1456,Tananman Campuran,"1,44 - 2,27 km/km2",Fluvisol,>500 m (Sangat Jauh),500 - 1000 mm/th (Agak Rendah),25-40% (Curam),Rendah,Kretek
1457,Tananman Campuran,"1,44 - 2,27 km/km2",Fluvisol,>500 m (Sangat Jauh),500 - 1000 mm/th (Agak Rendah),>40% (Sangat Curam),Rendah,Kretek
1458,Tananman Campuran,"1,44 - 2,27 km/km2",Fluvisol,0 - 50 m (Sangat Dekat),1000 - 2000 mm/th (Sedang),0-8% (Datar),Tinggi,Temon
1459,Tananman Campuran,"1,44 - 2,27 km/km2",Fluvisol,0 - 50 m (Sangat Dekat),1000 - 2000 mm/th (Sedang),8-15% (Landai),Tinggi,Temon
1460,Tananman Campuran,"1,44 - 2,27 km/km2",Fluvisol,0 - 50 m (Sangat Dekat),1000 - 2000 mm/th (Sedang),15-25% (Agak Curam),Tinggi,Temon
1461,Tananman Campuran,"1,44 - 2,27 km/km2",Fluvisol,0 - 50 m (Sangat Dekat),500 - 1000 mm/th (Agak Rendah),0-8% (Datar),Sedang,Galur
1462,Tananman Campuran,"1,44 - 2,27 km/km2",Fluvisol,0 - 50 m (Sangat Dekat),500 - 1000 mm/th (Agak Rendah),8-15% (Landai),Sedang,Galur
1463,Tananman Campuran,"1,44 - 2,27 km/km2",Fluvisol,0 - 50 m (Sangat Dekat),500 - 1000 mm/th (Agak Rendah),15-25% (Agak Curam),Sedang,Galur
1464,Tananman Campuran,"1,44 - 2,27 km/km2",Fluvisol,0 - 50 m (Sangat Dekat),500 - 1000 mm/th (Agak Rendah),25-40% (Curam),Sedang,Galur
1465,Tananman Campuran,"1,44 - 2,27 km/km2",Fluvisol,50 - 100 m (Dekat),1000 - 2000 mm/th (Sedang),0-8% (Datar),Tinggi,Temon
1466,Tananman Campuran,"1,44 - 2,27 km/km2",Fluvisol,50 - 100 m (Dekat),1000 - 2000 mm/th (Sedang),8-15% (Landai),Sedang,Temon
1467,Tananman Campuran,"1,44 - 2,27 km/km2",Fluvisol,50 - 100 m (Dekat),1000 - 2000 mm/th (Sedang),15-25% (Agak Curam),Sedang,Temon
1468,Tananman Campuran,"1,44 - 2,27 km/km2",Fluvisol,50 - 100 m (Dekat),500 - 1000 mm/th (Agak Rendah),0-8% (Datar),Sedang,Galur
1469,Tananman Campuran,"1,44 - 2,27 km/km2",Fluvisol,50 - 100 m (Dekat),500 - 1000 mm/th (Agak Rendah),8-15% (Landai),Sedang,Galur
1470,Tananman Campuran,"1,44 - 2,27 km/km2",Fluvisol,50 - 100 m (Dekat),500 - 1000 mm/th (Agak Rendah),15-25% (Agak Curam),Sedang,Galur
1471,Tananman Campuran,"1,44 - 2,27 km/km2",Fluvisol,50 - 100 m (Dekat),500 - 1000 mm/th (Agak Rendah),25-40% (Curam),Sedang,Galur
1472,Tananman Campuran,"1,44 - 2,27 km/km2",Fluvisol,100 - 250 m (Sedang),1000 - 2000 mm/th (Sedang),0-8% (Datar),Sedang,Kokap
1473,Tananman Campuran,"1,44 - 2,27 km/km2",Fluvisol,100 - 250 m (Sedang),1000 - 2000 mm/th (Sedang),8-15% (Landai),Sedang,Kokap
1474,Tananman Campuran,"1,44 - 2,27 km/km2",Fluvisol,100 - 250 m (Sedang),1000 - 2000 mm/th (Sedang),15-25% (Agak Curam),Sedang,Kokap
1475,Tananman Campuran,"1,44 - 2,27 km/km2",Fluvisol,100 - 250 m (Sedang),500 - 1000 mm/th (Agak Rendah),0-8% (Datar),Sedang,Galur
1476,Tananman Campuran,"1,44 - 2,27 km/km2",Fluvisol,100 - 250 m (Sedang),500 - 1000 mm/th (Agak Rendah),8-15% (Landai),Sedang,Galur
1477,Tananman Campuran,"1,44 - 2,27 km/km2",Fluvisol,100 - 250 m (Sedang),500 - 1000 mm/th (Agak Rendah),15-25% (Agak Curam),Sedang,Galur
1478,Tananman Campuran,"1,44 - 2,27 km/km2",Fluvisol,250 - 500 m (Jauh),1000 - 2000 mm/th (Sedang),0-8% (Datar),Sedang,Kokap
1479,Tananman Campuran,"1,44 - 2,27 km/km2",Fluvisol,250 - 500 m (Jauh),1000 - 2000 mm/th (Sedang),8-15% (Landai),Sedang,Kokap
1480,Tananman Campuran,"1,44 - 2,27 km/km2",Fluvisol,250 - 500 m (Jauh),1000 - 2000 mm/th (Sedang),15-25% (Agak Curam),Sedang,Kokap
1481,Tananman Campuran,"1,44 - 2,27 km/km2",Fluvisol,250 - 500 m (Jauh),500 - 1000 mm/th (Agak Rendah),0-8% (Datar),Sedang,Galur
1482,Tananman Campuran,"1,44 - 2,27 km/km2",Fluvisol,250 - 500 m (Jauh),500 - 1000 mm/th (Agak Rendah),8-15% (Landai),Sedang,Galur
1483,Tananman Campuran,"1,44 - 2,27 km/km2",Fluvisol,250 - 500 m (Jauh),500 - 1000 mm/th (Agak Rendah),15-25% (Agak Curam),Rendah,Galur
1484,Tananman Campuran,"1,44 - 2,27 km/km2",Vertisol,>500 m (Sangat Jauh),500 - 1000 mm/th (Agak Rendah),0-8% (Datar),Rendah,Karangmojo
1485,Tananman Campuran,"1,44 - 2,27 km/km2",Vertisol,>500 m (Sangat Jauh),500 - 1000 mm/th (Agak Rendah),8-15% (Landai),Rendah,Karangmojo
1486,Tananman Campuran,"1,44 - 2,27 km/km2",Vertisol,>500 m (Sangat Jauh),500 - 1000 mm/th (Agak Rendah),15-25% (Agak Curam),Rendah,Paliyan
1487,Tananman Campuran,"1,44 - 2,27 km/km2",Vertisol,0 - 50 m (Sangat Dekat),500 - 1000 mm/th (Agak Rendah),0-8% (Datar),Sedang,Gedangsari
1488,Tananman Campuran,"1,44 - 2,27 km/km2",Vertisol,0 - 50 m (Sangat Dekat),500 - 1000 mm/th (Agak Rendah),8-15% (Landai),Sedang,Karangmojo
1489,Tananman Campuran,"1,44 - 2,27 km/km2",Vertisol,0 - 50 m (Sangat Dekat),500 - 1000 mm/th (Agak Rendah),15-25% (Agak Curam),Sedang,Karangmojo
1490,Tananman Campuran,"1,44 - 2,27 km/km2",Vertisol,0 - 50 m (Sangat Dekat),500 - 1000 mm/th (Agak Rendah),25-40% (Curam),Sedang,Karangmojo
1491,Tananman Campuran,"1,44 - 2,27 km/km2",Vertisol,0 - 50 m (Sangat Dekat),500 - 1000 mm/th (Agak Rendah),>40% (Sangat Curam),Sedang,Paliyan
1492,Tananman Campuran,"1,44 - 2,27 km/km2",Vertisol,50 - 100 m (Dekat),500 - 1000 mm/th (Agak Rendah),0-8% (Datar),Sedang,Karangmojo
1493,Tananman Campuran,"1,44 - 2,27 km/km2",Vertisol,50 - 100 m (Dekat),500 - 1000 mm/th (Agak Rendah),8-15% (Landai),Sedang,Karangmojo
1494,Tananman Campuran,"1,44 - 2,27 km/km2",Vertisol,50 - 100 m (Dekat),500 - 1000 mm/th (Agak Rendah),15-25% (Agak Curam),Sedang,Karangmojo
1495,Tananman Campuran,"1,44 - 2,27 km/km2",Vertisol,50 - 100 m (Dekat),500 - 1000 mm/th (Agak Rendah),25-40% (Curam),Sedang,Karangmojo
1496,Tananman Campuran,"1,44 - 2,27 km/km2",Vertisol,50 - 100 m (Dekat),500 - 1000 mm/th (Agak Rendah),>40% (Sangat Curam),Sedang,Paliyan
1497,Tananman Campuran,"1,44 - 2,27 km/km2",Vertisol,100 - 250 m (Sedang),500 - 1000 mm/th (Agak Rendah),0-8% (Datar),Sedang,Karangmojo
1498,Tananman Campuran,"1,44 - 2,27 km/km2",Vertisol,100 - 250 m (Sedang),500 - 1000 mm/th (Agak Rendah),8-15% (Landai),Sedang,Karangmojo
1499,Tananman Campuran,"1,44 - 2,27 km/km2",Vertisol,100 - 250 m (Sedang),500 - 1000 mm/th (Agak Rendah),15-25% (Agak Curam),Sedang,Karangmojo
1500,Tananman Campuran,"1,44 - 2,27 km/km2",Vertisol,100 - 250 m (Sedang),500 - 1000 mm/th (Agak Rendah),25-40% (Curam),Sedang,Karangmojo
1501,Tananman Campuran,"1,44 - 2,27 km/km2",Vertisol,100 - 250 m (Sedang),500 - 1000 mm/th (Agak Rendah),>40% (Sangat Curam),Sedang,Wonosari
1502,Tananman Campuran,"1,44 - 2,27 km/km2",Vertisol,250 - 500 m (Jauh),500 - 1000 mm/th (Agak Rendah),0-8% (Datar),Sedang,Karangmojo
1503,Tananman Campuran,"1,44 - 2,27 km/km2",Vertisol,250 - 500 m (Jauh),500 - 1000 mm/th (Agak Rendah),8-15% (Landai),Rendah,Karangmojo
1504,Tananman Campuran,"1,44 - 2,27 km/km2",Vertisol,250 - 500 m (Jauh),500 - 1000 mm/th (Agak Rendah),15-25% (Agak Curam),Rendah,Karangmojo
1505,Tananman Campuran,"2,27 - 3,10 km/km2",Luvisol,0 - 50 m (Sangat Dekat),500 - 1000 mm/th (Agak Rendah),8-15% (Landai),Sedang,Gedangsari
1506,Tananman Campuran,"2,27 - 3,10 km/km2",Luvisol,0 - 50 m (Sangat Dekat),500 - 1000 mm/th (Agak Rendah),15-25% (Agak Curam),Sedang,Gedangsari
1507,Tananman Campuran,"2,27 - 3,10 km/km2",Luvisol,0 - 50 m (Sangat Dekat),500 - 1000 mm/th (Agak Rendah),25-40% (Curam),Sedang,Gedangsari
1508,Tananman Campuran,"2,27 - 3,10 km/km2",Luvisol,50 - 100 m (Dekat),500 - 1000 mm/th (Agak Rendah),8-15% (Landai),Sedang,Gedangsari
1509,Tananman Campuran,"2,27 - 3,10 km/km2",Luvisol,50 - 100 m (Dekat),500 - 1000 mm/th (Agak Rendah),15-25% (Agak Curam),Sedang,Gedangsari
1510,Tananman Campuran,"2,27 - 3,10 km/km2",Luvisol,50 - 100 m (Dekat),500 - 1000 mm/th (Agak Rendah),25-40% (Curam),Sedang,Gedangsari
1511,Tananman Campuran,"2,27 - 3,10 km/km2",Luvisol,50 - 100 m (Dekat),500 - 1000 mm/th (Agak Rendah),>40% (Sangat Curam),Sedang,Gedangsari
1512,Tananman Campuran,"2,27 - 3,10 km/km2",Luvisol,100 - 250 m (Sedang),1000 - 2000 mm/th (Sedang),0-8% (Datar),Sedang,Tempel
1513,Tananman Campuran,"2,27 - 3,10 km/km2",Luvisol,100 - 250 m (Sedang),1000 - 2000 mm/th (Sedang),8-15% (Landai),Sedang,Tempel
1514,Tananman Campuran,"2,27 - 3,10 km/km2",Luvisol,100 - 250 m (Sedang),1000 - 2000 mm/th (Sedang),15-25% (Agak Curam),Sedang,Tempel
1515,Tananman Campuran,"2,27 - 3,10 km/km2",Luvisol,100 - 250 m (Sedang),500 - 1000 mm/th (Agak Rendah),8-15% (Landai),Sedang,Gedangsari
1516,Tananman Campuran,"2,27 - 3,10 km/km2",Luvisol,100 - 250 m (Sedang),500 - 1000 mm/th (Agak Rendah),15-25% (Agak Curam),Rendah,Gedangsari
1517,Tananman Campuran,"2,27 - 3,10 km/km2",Luvisol,100 - 250 m (Sedang),500 - 1000 mm/th (Agak Rendah),25-40% (Curam),Rendah,Gedangsari
1518,Tananman Campuran,"2,27 - 3,10 km/km2",Luvisol,100 - 250 m (Sedang),500 - 1000 mm/th (Agak Rendah),>40% (Sangat Curam),Rendah,Gedangsari
1519,Tananman Campuran,"2,27 - 3,10 km/km2",Luvisol,250 - 500 m (Jauh),1000 - 2000 mm/th (Sedang),0-8% (Datar),Sedang,Tempel
1520,Tananman Campuran,"2,27 - 3,10 km/km2",Luvisol,250 - 500 m (Jauh),500 - 1000 mm/th (Agak Rendah),0-8% (Datar),Rendah,Gedangsari
1521,Tananman Campuran,"2,27 - 3,10 km/km2",Luvisol,250 - 500 m (Jauh),500 - 1000 mm/th (Agak Rendah),8-15% (Landai),Rendah,Gedangsari
1522,Tananman Campuran,"2,27 - 3,10 km/km2",Luvisol,250 - 500 m (Jauh),500 - 1000 mm/th (Agak Rendah),15-25% (Agak Curam),Rendah,Gedangsari
1523,Tananman Campuran,"2,27 - 3,10 km/km2",Litosol,>500 m (Sangat Jauh),500 - 1000 mm/th (Agak Rendah),0-8% (Datar),Rendah,Gedangsari
1524,Tananman Campuran,"2,27 - 3,10 km/km2",Litosol,>500 m (Sangat Jauh),500 - 1000 mm/th (Agak Rendah),8-15% (Landai),Rendah,Gedangsari
1525,Tananman Campuran,"2,27 - 3,10 km/km2",Litosol,>500 m (Sangat Jauh),500 - 1000 mm/th (Agak Rendah),15-25% (Agak Curam),Rendah,Gedangsari
1526,Tananman Campuran,"2,27 - 3,10 km/km2",Litosol,>500 m (Sangat Jauh),500 - 1000 mm/th (Agak Rendah),25-40% (Curam),Rendah,Gedangsari
1527,Tananman Campuran,"2,27 - 3,10 km/km2",Litosol,>500 m (Sangat Jauh),500 - 1000 mm/th (Agak Rendah),>40% (Sangat Curam),Rendah,Pajangan
1528,Tananman Campuran,"2,27 - 3,10 km/km2",Litosol,0 - 50 m (Sangat Dekat),1000 - 2000 mm/th (Sedang),0-8% (Datar),Sedang,Gamping
1529,Tananman Campuran,"2,27 - 3,10 km/km2",Litosol,0 - 50 m (Sangat Dekat),1000 - 2000 mm/th (Sedang),8-15% (Landai),Sedang,Gamping
1530,Tananman Campuran,"2,27 - 3,10 km/km2",Litosol,0 - 50 m (Sangat Dekat),1000 - 2000 mm/th (Sedang),15-25% (Agak Curam),Sedang,Nanggulan
1531,Tananman Campuran,"2,27 - 3,10 km/km2",Litosol,0 - 50 m (Sangat Dekat),500 - 1000 mm/th (Agak Rendah),0-8% (Datar),Sedang,Dlingo
1532,Tananman Campuran,"2,27 - 3,10 km/km2",Litosol,0 - 50 m (Sangat Dekat),500 - 1000 mm/th (Agak Rendah),8-15% (Landai),Sedang,Dlingo
1533,Tananman Campuran,"2,27 - 3,10 km/km2",Litosol,0 - 50 m (Sangat Dekat),500 - 1000 mm/th (Agak Rendah),15-25% (Agak Curam),Sedang,Dlingo
1534,Tananman Campuran,"2,27 - 3,10 km/km2",Litosol,0 - 50 m (Sangat Dekat),500 - 1000 mm/th (Agak Rendah),25-40% (Curam),Sedang,Dlingo
1535,Tananman Campuran,"2,27 - 3,10 km/km2",Litosol,0 - 50 m (Sangat Dekat),500 - 1000 mm/th (Agak Rendah),>40% (Sangat Curam),Sedang,Dlingo
1536,Tananman Campuran,"2,27 - 3,10 km/km2",Litosol,50 - 100 m (Dekat),1000 - 2000 mm/th (Sedang),0-8% (Datar),Sedang,Gamping
1537,Tananman Campuran,"2,27 - 3,10 km/km2",Litosol,50 - 100 m (Dekat),1000 - 2000 mm/th (Sedang),8-15% (Landai),Sedang,Gamping
1538,Tananman Campuran,"2,27 - 3,10 km/km2",Litosol,50 - 100 m (Dekat),1000 - 2000 mm/th (Sedang),15-25% (Agak Curam),Sedang,Nanggulan
1539,Tananman Campuran,"2,27 - 3,10 km/km2",Litosol,50 - 100 m (Dekat),1000 - 2000 mm/th (Sedang),25-40% (Curam),Sedang,Samigaluh
1540,Tananman Campuran,"2,27 - 3,10 km/km2",Litosol,50 - 100 m (Dekat),500 - 1000 mm/th (Agak Rendah),0-8% (Datar),Sedang,Dlingo
1541,Tananman Campuran,"2,27 - 3,10 km/km2",Litosol,50 - 100 m (Dekat),500 - 1000 mm/th (Agak Rendah),8-15% (Landai),Sedang,Dlingo
1542,Tananman Campuran,"2,27 - 3,10 km/km2",Litosol,50 - 100 m (Dekat),500 - 1000 mm/th (Agak Rendah),15-25% (Agak Curam),Sedang,Dlingo
1543,Tananman Campuran,"2,27 - 3,10 km/km2",Litosol,50 - 100 m (Dekat),500 - 1000 mm/th (Agak Rendah),25-40% (Curam),Sedang,Dlingo
1544,Tananman Campuran,"2,27 - 3,10 km/km2",Litosol,50 - 100 m (Dekat),500 - 1000 mm/th (Agak Rendah),>40% (Sangat Curam),Sedang,Dlingo
1545,Tananman Campuran,"2,27 - 3,10 km/km2",Litosol,100 - 250 m (Sedang),1000 - 2000 mm/th (Sedang),0-8% (Datar),Sedang,Gamping
1546,Tananman Campuran,"2,27 - 3,10 km/km2",Litosol,100 - 250 m (Sedang),1000 - 2000 mm/th (Sedang),8-15% (Landai),Sedang,Gamping
1547,Tananman Campuran,"2,27 - 3,10 km/km2",Litosol,100 - 250 m (Sedang),1000 - 2000 mm/th (Sedang),15-25% (Agak Curam),Sedang,Samigaluh
1548,Tananman Campuran,"2,27 - 3,10 km/km2",Litosol,100 - 250 m (Sedang),1000 - 2000 mm/th (Sedang),25-40% (Curam),Sedang,Samigaluh
1549,Tananman Campuran,"2,27 - 3,10 km/km2",Litosol,100 - 250 m (Sedang),500 - 1000 mm/th (Agak Rendah),0-8% (Datar),Sedang,Dlingo
1550,Tananman Campuran,"2,27 - 3,10 km/km2",Litosol,100 - 250 m (Sedang),500 - 1000 mm/th (Agak Rendah),8-15% (Landai),Rendah,Dlingo
1551,Tananman Campuran,"2,27 - 3,10 km/km2",Litosol,100 - 250 m (Sedang),500 - 1000 mm/th (Agak Rendah),15-25% (Agak Curam),Rendah,Dlingo
1552,Tananman Campuran,"2,27 - 3,10 km/km2",Litosol,100 - 250 m (Sedang),500 - 1000 mm/th (Agak Rendah),25-40% (Curam),Rendah,Dlingo
1553,Tananman Campuran,"2,27 - 3,10 km/km2",Litosol,100 - 250 m (Sedang),500 - 1000 mm/th (Agak Rendah),>40% (Sangat Curam),Rendah,Dlingo
1554,Tananman Campuran,"2,27 - 3,10 km/km2",Litosol,250 - 500 m (Jauh),1000 - 2000 mm/th (Sedang),0-8% (Datar),Sedang,Gamping
1555,Tananman Campuran,"2,27 - 3,10 km/km2",Litosol,250 - 500 m (Jauh),1000 - 2000 mm/th (Sedang),8-15% (Landai),Sedang,Sentolo
1556,Tananman Campuran,"2,27 - 3,10 km/km2",Litosol,250 - 500 m (Jauh),1000 - 2000 mm/th (Sedang),15-25% (Agak Curam),Sedang,Sentolo
1557,Tananman Campuran,"2,27 - 3,10 km/km2",Litosol,250 - 500 m (Jauh),500 - 1000 mm/th (Agak Rendah),0-8% (Datar),Rendah,Dlingo
1558,Tananman Campuran,"2,27 - 3,10 km/km2",Litosol,250 - 500 m (Jauh),500 - 1000 mm/th (Agak Rendah),8-15% (Landai),Rendah,Dlingo
1559,Tananman Campuran,"2,27 - 3,10 km/km2",Litosol,250 - 500 m (Jauh),500 - 1000 mm/th (Agak Rendah),15-25% (Agak Curam),Rendah,Dlingo
1560,Tananman Campuran,"2,27 - 3,10 km/km2",Litosol,250 - 500 m (Jauh),500 - 1000 mm/th (Agak Rendah),25-40% (Curam),Rendah,Dlingo
1561,Tananman Campuran,"2,27 - 3,10 km/km2",Litosol,250 - 500 m (Jauh),500 - 1000 mm/th (Agak Rendah),>40% (Sangat Curam),Rendah,Gedangsari
1562,Tananman Campuran,"2,27 - 3,10 km/km2",Gleisol,>500 m (Sangat Jauh),500 - 1000 mm/th (Agak Rendah),0-8% (Datar),Rendah,Banguntapan
1563,Tananman Campuran,"2,27 - 3,10 km/km2",Gleisol,>500 m (Sangat Jauh),500 - 1000 mm/th (Agak Rendah),8-15% (Landai),Rendah,Berbah
1564,Tananman Campuran,"2,27 - 3,10 km/km2",Gleisol,>500 m (Sangat Jauh),500 - 1000 mm/th (Agak Rendah),15-25% (Agak Curam),Rendah,Berbah
1565,Tananman Campuran,"2,27 - 3,10 km/km2",Gleisol,>500 m (Sangat Jauh),500 - 1000 mm/th (Agak Rendah),25-40% (Curam),Rendah,Berbah
1566,Tananman Campuran,"2,27 - 3,10 km/km2",Gleisol,>500 m (Sangat Jauh),500 - 1000 mm/th (Agak Rendah),>40% (Sangat Curam),Rendah,Piyungan
1567,Tananman Campuran,"2,27 - 3,10 km/km2",Gleisol,0 - 50 m (Sangat Dekat),1000 - 2000 mm/th (Sedang),0-8% (Datar),Tinggi,Cangkringan
1568,Tananman Campuran,"2,27 - 3,10 km/km2",Gleisol,0 - 50 m (Sangat Dekat),1000 - 2000 mm/th (Sedang),8-15% (Landai),Tinggi,Cangkringan
1569,Tananman Campuran,"2,27 - 3,10 km/km2",Gleisol,0 - 50 m (Sangat Dekat),1000 - 2000 mm/th (Sedang),15-25% (Agak Curam),Tinggi,Cangkringan
1570,Tananman Campuran,"2,27 - 3,10 km/km2",Gleisol,0 - 50 m (Sangat Dekat),1000 - 2000 mm/th (Sedang),25-40% (Curam),Sedang,Cangkringan
1571,Tananman Campuran,"2,27 - 3,10 km/km2",Gleisol,0 - 50 m (Sangat Dekat),1000 - 2000 mm/th (Sedang),>40% (Sangat Curam),Sedang,Cangkringan
1572,Tananman Campuran,"2,27 - 3,10 km/km2",Gleisol,0 - 50 m (Sangat Dekat),500 - 1000 mm/th (Agak Rendah),0-8% (Datar),Sedang,Banguntapan
1573,Tananman Campuran,"2,27 - 3,10 km/km2",Gleisol,0 - 50 m (Sangat Dekat),500 - 1000 mm/th (Agak Rendah),8-15% (Landai),Sedang,Banguntapan
1574,Tananman Campuran,"2,27 - 3,10 km/km2",Gleisol,0 - 50 m (Sangat Dekat),500 - 1000 mm/th (Agak Rendah),15-25% (Agak Curam),Sedang,Banguntapan
1575,Tananman Campuran,"2,27 - 3,10 km/km2",Gleisol,0 - 50 m (Sangat Dekat),500 - 1000 mm/th (Agak Rendah),25-40% (Curam),Sedang,Berbah
1576,Tananman Campuran,"2,27 - 3,10 km/km2",Gleisol,0 - 50 m (Sangat Dekat),500 - 1000 mm/th (Agak Rendah),>40% (Sangat Curam),Sedang,Imogiri
1577,Tananman Campuran,"2,27 - 3,10 km/km2",Gleisol,50 - 100 m (Dekat),1000 - 2000 mm/th (Sedang),0-8% (Datar),Sedang,Cangkringan
1578,Tananman Campuran,"2,27 - 3,10 km/km2",Gleisol,50 - 100 m (Dekat),1000 - 2000 mm/th (Sedang),8-15% (Landai),Sedang,Cangkringan
1579,Tananman Campuran,"2,27 - 3,10 km/km2",Gleisol,50 - 100 m (Dekat),1000 - 2000 mm/th (Sedang),15-25% (Agak Curam),Sedang,Cangkringan
1580,Tananman Campuran,"2,27 - 3,10 km/km2",Gleisol,50 - 100 m (Dekat),1000 - 2000 mm/th (Sedang),25-40% (Curam),Sedang,Cangkringan
1581,Tananman Campuran,"2,27 - 3,10 km/km2",Gleisol,50 - 100 m (Dekat),500 - 1000 mm/th (Agak Rendah),0-8% (Datar),Sedang,Banguntapan
1582,Tananman Campuran,"2,27 - 3,10 km/km2",Gleisol,50 - 100 m (Dekat),500 - 1000 mm/th (Agak Rendah),8-15% (Landai),Sedang,Banguntapan
1583,Tananman Campuran,"2,27 - 3,10 km/km2",Gleisol,50 - 100 m (Dekat),500 - 1000 mm/th (Agak Rendah),15-25% (Agak Curam),Sedang,Banguntapan
1584,Tananman Campuran,"2,27 - 3,10 km/km2",Gleisol,50 - 100 m (Dekat),500 - 1000 mm/th (Agak Rendah),25-40% (Curam),Sedang,Berbah
1585,Tananman Campuran,"2,27 - 3,10 km/km2",Gleisol,50 - 100 m (Dekat),500 - 1000 mm/th (Agak Rendah),>40% (Sangat Curam),Sedang,Berbah
1586,Tananman Campuran,"2,27 - 3,10 km/km2",Gleisol,100 - 250 m (Sedang),1000 - 2000 mm/th (Sedang),0-8% (Datar),Sedang,Cangkringan
1587,Tananman Campuran,"2,27 - 3,10 km/km2",Gleisol,100 - 250 m (Sedang),1000 - 2000 mm/th (Sedang),8-15% (Landai),Sedang,Cangkringan
1588,Tananman Campuran,"2,27 - 3,10 km/km2",Gleisol,100 - 250 m (Sedang),1000 - 2000 mm/th (Sedang),15-25% (Agak Curam),Sedang,Cangkringan
1589,Tananman Campuran,"2,27 - 3,10 km/km2",Gleisol,100 - 250 m (Sedang),500 - 1000 mm/th (Agak Rendah),0-8% (Datar),Sedang,Banguntapan
1590,Tananman Campuran,"2,27 - 3,10 km/km2",Gleisol,100 - 250 m (Sedang),500 - 1000 mm/th (Agak Rendah),8-15% (Landai),Sedang,Banguntapan
1591,Tananman Campuran,"2,27 - 3,10 km/km2",Gleisol,100 - 250 m (Sedang),500 - 1000 mm/th (Agak Rendah),15-25% (Agak Curam),Sedang,Banguntapan
1592,Tananman Campuran,"2,27 - 3,10 km/km2",Gleisol,100 - 250 m (Sedang),500 - 1000 mm/th (Agak Rendah),25-40% (Curam),Sedang,Berbah
1593,Tananman Campuran,"2,27 - 3,10 km/km2",Gleisol,100 - 250 m (Sedang),500 - 1000 mm/th (Agak Rendah),>40% (Sangat Curam),Sedang,Berbah
1594,Tananman Campuran,"2,27 - 3,10 km/km2",Gleisol,250 - 500 m (Jauh),1000 - 2000 mm/th (Sedang),0-8% (Datar),Sedang,Cangkringan
1595,Tananman Campuran,"2,27 - 3,10 km/km2",Gleisol,250 - 500 m (Jauh),1000 - 2000 mm/th (Sedang),8-15% (Landai),Sedang,Cangkringan
1596,Tananman Campuran,"2,27 - 3,10 km/km2",Gleisol,250 - 500 m (Jauh),1000 - 2000 mm/th (Sedang),15-25% (Agak Curam),Sedang,Cangkringan
1597,Tananman Campuran,"2,27 - 3,10 km/km2",Gleisol,250 - 500 m (Jauh),500 - 1000 mm/th (Agak Rendah),0-8% (Datar),Rendah,Banguntapan
1598,Tananman Campuran,"2,27 - 3,10 km/km2",Gleisol,250 - 500 m (Jauh),500 - 1000 mm/th (Agak Rendah),8-15% (Landai),Rendah,Berbah
1599,Tananman Campuran,"2,27 - 3,10 km/km2",Gleisol,250 - 500 m (Jauh),500 - 1000 mm/th (Agak Rendah),15-25% (Agak Curam),Rendah,Berbah
1600,Tananman Campuran,"2,27 - 3,10 km/km2",Gleisol,250 - 500 m (Jauh),500 - 1000 mm/th (Agak Rendah),25-40% (Curam),Rendah,Berbah
1601,Tananman Campuran,"2,27 - 3,10 km/km2",Gleisol,250 - 500 m (Jauh),500 - 1000 mm/th (Agak Rendah),>40% (Sangat Curam),Rendah,Berbah
1602,Tananman Campuran,"2,27 - 3,10 km/km2",Fluvisol,>500 m (Sangat Jauh),1000 - 2000 mm/th (Sedang),0-8% (Datar),Sedang,Temon
1603,Tananman Campuran,"2,27 - 3,10 km/km2",Fluvisol,>500 m (Sangat Jauh),1000 - 2000 mm/th (Sedang),8-15% (Landai),Sedang,Temon
1604,Tananman Campuran,"2,27 - 3,10 km/km2",Fluvisol,>500 m (Sangat Jauh),1000 - 2000 mm/th (Sedang),15-25% (Agak Curam),Sedang,Temon
1605,Tananman Campuran,"2,27 - 3,10 km/km2",Fluvisol,>500 m (Sangat Jauh),500 - 1000 mm/th (Agak Rendah),0-8% (Datar),Rendah,Kretek
1606,Tananman Campuran,"2,27 - 3,10 km/km2",Fluvisol,>500 m (Sangat Jauh),500 - 1000 mm/th (Agak Rendah),8-15% (Landai),Rendah,Kretek
1607,Tananman Campuran,"2,27 - 3,10 km/km2",Fluvisol,>500 m (Sangat Jauh),500 - 1000 mm/th (Agak Rendah),15-25% (Agak Curam),Rendah,Kretek
1608,Tananman Campuran,"2,27 - 3,10 km/km2",Fluvisol,>500 m (Sangat Jauh),500 - 1000 mm/th (Agak Rendah),25-40% (Curam),Rendah,Kretek
1609,Tananman Campuran,"2,27 - 3,10 km/km2",Fluvisol,>500 m (Sangat Jauh),500 - 1000 mm/th (Agak Rendah),>40% (Sangat Curam),Rendah,Kretek
1610,Tananman Campuran,"2,27 - 3,10 km/km2",Fluvisol,0 - 50 m (Sangat Dekat),1000 - 2000 mm/th (Sedang),0-8% (Datar),Tinggi,Kokap
1611,Tananman Campuran,"2,27 - 3,10 km/km2",Fluvisol,0 - 50 m (Sangat Dekat),1000 - 2000 mm/th (Sedang),8-15% (Landai),Tinggi,Kokap
1612,Tananman Campuran,"2,27 - 3,10 km/km2",Fluvisol,0 - 50 m (Sangat Dekat),1000 - 2000 mm/th (Sedang),15-25% (Agak Curam),Tinggi,Kokap
1613,Tananman Campuran,"2,27 - 3,10 km/km2",Fluvisol,0 - 50 m (Sangat Dekat),500 - 1000 mm/th (Agak Rendah),0-8% (Datar),Sedang,Galur
1614,Tananman Campuran,"2,27 - 3,10 km/km2",Fluvisol,0 - 50 m (Sangat Dekat),500 - 1000 mm/th (Agak Rendah),8-15% (Landai),Sedang,Galur
1615,Tananman Campuran,"2,27 - 3,10 km/km2",Fluvisol,0 - 50 m (Sangat Dekat),500 - 1000 mm/th (Agak Rendah),15-25% (Agak Curam),Sedang,Galur
1616,Tananman Campuran,"2,27 - 3,10 km/km2",Fluvisol,50 - 100 m (Dekat),1000 - 2000 mm/th (Sedang),0-8% (Datar),Sedang,Kokap
1617,Tananman Campuran,"2,27 - 3,10 km/km2",Fluvisol,50 - 100 m (Dekat),1000 - 2000 mm/th (Sedang),8-15% (Landai),Sedang,Kokap
1618,Tananman Campuran,"2,27 - 3,10 km/km2",Fluvisol,50 - 100 m (Dekat),1000 - 2000 mm/th (Sedang),15-25% (Agak Curam),Sedang,Kokap
1619,Tananman Campuran,"2,27 - 3,10 km/km2",Fluvisol,50 - 100 m (Dekat),500 - 1000 mm/th (Agak Rendah),0-8% (Datar),Sedang,Galur
1620,Tananman Campuran,"2,27 - 3,10 km/km2",Fluvisol,50 - 100 m (Dekat),500 - 1000 mm/th (Agak Rendah),8-15% (Landai),Sedang,Galur
1621,Tananman Campuran,"2,27 - 3,10 km/km2",Fluvisol,50 - 100 m (Dekat),500 - 1000 mm/th (Agak Rendah),15-25% (Agak Curam),Sedang,Galur
1622,Tananman Campuran,"2,27 - 3,10 km/km2",Fluvisol,100 - 250 m (Sedang),1000 - 2000 mm/th (Sedang),0-8% (Datar),Sedang,Kokap
1623,Tananman Campuran,"2,27 - 3,10 km/km2",Fluvisol,100 - 250 m (Sedang),1000 - 2000 mm/th (Sedang),8-15% (Landai),Sedang,Kokap
1624,Tananman Campuran,"2,27 - 3,10 km/km2",Fluvisol,100 - 250 m (Sedang),1000 - 2000 mm/th (Sedang),15-25% (Agak Curam),Sedang,Kokap
1625,Tananman Campuran,"2,27 - 3,10 km/km2",Fluvisol,100 - 250 m (Sedang),1000 - 2000 mm/th (Sedang),25-40% (Curam),Sedang,Temon
1626,Tananman Campuran,"2,27 - 3,10 km/km2",Fluvisol,100 - 250 m (Sedang),500 - 1000 mm/th (Agak Rendah),0-8% (Datar),Sedang,Galur
1627,Tananman Campuran,"2,27 - 3,10 km/km2",Fluvisol,100 - 250 m (Sedang),500 - 1000 mm/th (Agak Rendah),8-15% (Landai),Sedang,Galur
1628,Tananman Campuran,"2,27 - 3,10 km/km2",Fluvisol,100 - 250 m (Sedang),500 - 1000 mm/th (Agak Rendah),15-25% (Agak Curam),Sedang,Galur
1629,Tananman Campuran,"2,27 - 3,10 km/km2",Fluvisol,100 - 250 m (Sedang),500 - 1000 mm/th (Agak Rendah),25-40% (Curam),Sedang,Lendah
1630,Tananman Campuran,"2,27 - 3,10 km/km2",Fluvisol,250 - 500 m (Jauh),1000 - 2000 mm/th (Sedang),0-8% (Datar),Sedang,Kokap
1631,Tananman Campuran,"2,27 - 3,10 km/km2",Fluvisol,250 - 500 m (Jauh),1000 - 2000 mm/th (Sedang),8-15% (Landai),Sedang,Kokap
1632,Tananman Campuran,"2,27 - 3,10 km/km2",Fluvisol,250 - 500 m (Jauh),1000 - 2000 mm/th (Sedang),15-25% (Agak Curam),Sedang,Kokap
1633,Tananman Campuran,"2,27 - 3,10 km/km2",Fluvisol,250 - 500 m (Jauh),500 - 1000 mm/th (Agak Rendah),0-8% (Datar),Rendah,Galur
1634,Tananman Campuran,"2,27 - 3,10 km/km2",Fluvisol,250 - 500 m (Jauh),500 - 1000 mm/th (Agak Rendah),8-15% (Landai),Rendah,Kretek
1635,Tananman Campuran,"2,27 - 3,10 km/km2",Fluvisol,250 - 500 m (Jauh),500 - 1000 mm/th (Agak Rendah),15-25% (Agak Curam),Rendah,Lendah
1636,Tananman Campuran,"2,27 - 3,10 km/km2",Fluvisol,250 - 500 m (Jauh),500 - 1000 mm/th (Agak Rendah),25-40% (Curam),Rendah,Pandak
1637,Tananman Campuran,"2,27 - 3,10 km/km2",Nitosol,>500 m (Sangat Jauh),1000 - 2000 mm/th (Sedang),15-25% (Agak Curam),Rendah,Pengasih
1638,Tananman Campuran,"2,27 - 3,10 km/km2",Nitosol,0 - 50 m (Sangat Dekat),1000 - 2000 mm/th (Sedang),0-8% (Datar),Tinggi,Pengasih
1639,Tananman Campuran,"2,27 - 3,10 km/km2",Nitosol,0 - 50 m (Sangat Dekat),1000 - 2000 mm/th (Sedang),8-15% (Landai),Tinggi,Pengasih
1640,Tananman Campuran,"2,27 - 3,10 km/km2",Nitosol,0 - 50 m (Sangat Dekat),1000 - 2000 mm/th (Sedang),15-25% (Agak Curam),Sedang,Pengasih
1641,Tananman Campuran,"2,27 - 3,10 km/km2",Nitosol,0 - 50 m (Sangat Dekat),1000 - 2000 mm/th (Sedang),25-40% (Curam),Sedang,Pengasih
1642,Tananman Campuran,"2,27 - 3,10 km/km2",Nitosol,0 - 50 m (Sangat Dekat),500 - 1000 mm/th (Agak Rendah),0-8% (Datar),Sedang,Wates
1643,Tananman Campuran,"2,27 - 3,10 km/km2",Nitosol,0 - 50 m (Sangat Dekat),500 - 1000 mm/th (Agak Rendah),8-15% (Landai),Sedang,Wates
1644,Tananman Campuran,"2,27 - 3,10 km/km2",Nitosol,50 - 100 m (Dekat),1000 - 2000 mm/th (Sedang),0-8% (Datar),Sedang,Pengasih
1645,Tananman Campuran,"2,27 - 3,10 km/km2",Nitosol,50 - 100 m (Dekat),1000 - 2000 mm/th (Sedang),8-15% (Landai),Sedang,Pengasih
1646,Tananman Campuran,"2,27 - 3,10 km/km2",Nitosol,50 - 100 m (Dekat),1000 - 2000 mm/th (Sedang),15-25% (Agak Curam),Sedang,Pengasih
1647,Tananman Campuran,"2,27 - 3,10 km/km2",Nitosol,50 - 100 m (Dekat),500 - 1000 mm/th (Agak Rendah),0-8% (Datar),Sedang,Wates
1648,Tananman Campuran,"2,27 - 3,10 km/km2",Nitosol,50 - 100 m (Dekat),500 - 1000 mm/th (Agak Rendah),8-15% (Landai),Sedang,Wates
1649,Tananman Campuran,"2,27 - 3,10 km/km2",Nitosol,100 - 250 m (Sedang),1000 - 2000 mm/th (Sedang),0-8% (Datar),Sedang,Pengasih
1650,Tananman Campuran,"2,27 - 3,10 km/km2",Nitosol,100 - 250 m (Sedang),1000 - 2000 mm/th (Sedang),8-15% (Landai),Sedang,Pengasih
1651,Tananman Campuran,"2,27 - 3,10 km/km2",Nitosol,100 - 250 m (Sedang),1000 - 2000 mm/th (Sedang),15-25% (Agak Curam),Sedang,Pengasih
1652,Tananman Campuran,"2,27 - 3,10 km/km2",Nitosol,100 - 250 m (Sedang),1000 - 2000 mm/th (Sedang),25-40% (Curam),Sedang,Pengasih
1653,Tananman Campuran,"2,27 - 3,10 km/km2",Nitosol,100 - 250 m (Sedang),500 - 1000 mm/th (Agak Rendah),0-8% (Datar),Sedang,Wates
1654,Tananman Campuran,"2,27 - 3,10 km/km2",Nitosol,100 - 250 m (Sedang),500 - 1000 mm/th (Agak Rendah),8-15% (Landai),Sedang,Wates
1655,Tananman Campuran,"2,27 - 3,10 km/km2",Nitosol,250 - 500 m (Jauh),1000 - 2000 mm/th (Sedang),0-8% (Datar),Sedang,Pengasih
1656,Tananman Campuran,"2,27 - 3,10 km/km2",Nitosol,250 - 500 m (Jauh),1000 - 2000 mm/th (Sedang),8-15% (Landai),Sedang,Pengasih
1657,Tananman Campuran,"2,27 - 3,10 km/km2",Nitosol,250 - 500 m (Jauh),1000 - 2000 mm/th (Sedang),15-25% (Agak Curam),Sedang,Pengasih
1658,Tananman Campuran,"2,27 - 3,10 km/km2",Nitosol,250 - 500 m (Jauh),500 - 1000 mm/th (Agak Rendah),0-8% (Datar),Rendah,Wates
1659,Tananman Campuran,"2,27 - 3,10 km/km2",Nitosol,250 - 500 m (Jauh),500 - 1000 mm/th (Agak Rendah),8-15% (Landai),Rendah,Wates
1660,Tananman Campuran,"2,27 - 3,10 km/km2",Vertisol,0 - 50 m (Sangat Dekat),500 - 1000 mm/th (Agak Rendah),0-8% (Datar),Sedang,Gedangsari
1661,Tananman Campuran,"2,27 - 3,10 km/km2",Vertisol,0 - 50 m (Sangat Dekat),500 - 1000 mm/th (Agak Rendah),8-15% (Landai),Sedang,Karangmojo
1662,Tananman Campuran,"2,27 - 3,10 km/km2",Vertisol,0 - 50 m (Sangat Dekat),500 - 1000 mm/th (Agak Rendah),15-25% (Agak Curam),Sedang,Karangmojo
1663,Tananman Campuran,"2,27 - 3,10 km/km2",Vertisol,0 - 50 m (Sangat Dekat),500 - 1000 mm/th (Agak Rendah),25-40% (Curam),Sedang,Nglipar
1664,Tananman Campuran,"2,27 - 3,10 km/km2",Vertisol,50 - 100 m (Dekat),500 - 1000 mm/th (Agak Rendah),0-8% (Datar),Sedang,Gedangsari
1665,Tananman Campuran,"2,27 - 3,10 km/km2",Vertisol,50 - 100 m (Dekat),500 - 1000 mm/th (Agak Rendah),8-15% (Landai),Sedang,Karangmojo
1666,Tananman Campuran,"2,27 - 3,10 km/km2",Vertisol,50 - 100 m (Dekat),500 - 1000 mm/th (Agak Rendah),15-25% (Agak Curam),Sedang,Karangmojo
1667,Tananman Campuran,"2,27 - 3,10 km/km2",Vertisol,50 - 100 m (Dekat),500 - 1000 mm/th (Agak Rendah),25-40% (Curam),Sedang,Karangmojo
1668,Tananman Campuran,"2,27 - 3,10 km/km2",Vertisol,100 - 250 m (Sedang),500 - 1000 mm/th (Agak Rendah),0-8% (Datar),Sedang,Gedangsari
1669,Tananman Campuran,"2,27 - 3,10 km/km2",Vertisol,100 - 250 m (Sedang),500 - 1000 mm/th (Agak Rendah),8-15% (Landai),Sedang,Karangmojo
1670,Tananman Campuran,"2,27 - 3,10 km/km2",Vertisol,100 - 250 m (Sedang),500 - 1000 mm/th (Agak Rendah),15-25% (Agak Curam),Sedang,Gedangsari
1671,Tananman Campuran,"2,27 - 3,10 km/km2",Vertisol,100 - 250 m (Sedang),500 - 1000 mm/th (Agak Rendah),25-40% (Curam),Sedang,Karangmojo
1672,Tananman Campuran,"2,27 - 3,10 km/km2",Vertisol,250 - 500 m (Jauh),500 - 1000 mm/th (Agak Rendah),0-8% (Datar),Rendah,Gedangsari
1673,Tananman Campuran,"2,27 - 3,10 km/km2",Vertisol,250 - 500 m (Jauh),500 - 1000 mm/th (Agak Rendah),8-15% (Landai),Rendah,Gedangsari
1674,Tananman Campuran,"2,27 - 3,10 km/km2",Vertisol,250 - 500 m (Jauh),500 - 1000 mm/th (Agak Rendah),15-25% (Agak Curam),Rendah,Gedangsari
1675,Tananman Campuran,"2,27 - 3,10 km/km2",Vertisol,250 - 500 m (Jauh),500 - 1000 mm/th (Agak Rendah),25-40% (Curam),Rendah,Nglipar
1676,Tananman Campuran,">3,10 km/km2",Litosol,>500 m (Sangat Jauh),1000 - 2000 mm/th (Sedang),0-8% (Datar),Rendah,Gamping
1677,Tananman Campuran,">3,10 km/km2",Litosol,>500 m (Sangat Jauh),1000 - 2000 mm/th (Sedang),8-15% (Landai),Rendah,Kalibawang
1678,Tananman Campuran,">3,10 km/km2",Litosol,>500 m (Sangat Jauh),1000 - 2000 mm/th (Sedang),15-25% (Agak Curam),Rendah,Minggir
1679,Tananman Campuran,">3,10 km/km2",Litosol,>500 m (Sangat Jauh),1000 - 2000 mm/th (Sedang),>40% (Sangat Curam),Rendah,Girimulyo
1680,Tananman Campuran,">3,10 km/km2",Litosol,>500 m (Sangat Jauh),500 - 1000 mm/th (Agak Rendah),0-8% (Datar),Rendah,Gamping
1681,Tananman Campuran,">3,10 km/km2",Litosol,>500 m (Sangat Jauh),500 - 1000 mm/th (Agak Rendah),8-15% (Landai),Rendah,Lendah
1682,Tananman Campuran,">3,10 km/km2",Litosol,>500 m (Sangat Jauh),500 - 1000 mm/th (Agak Rendah),15-25% (Agak Curam),Rendah,Lendah
1683,Tananman Campuran,">3,10 km/km2",Litosol,>500 m (Sangat Jauh),500 - 1000 mm/th (Agak Rendah),25-40% (Curam),Rendah,Pajangan
1684,Tananman Campuran,">3,10 km/km2",Litosol,0 - 50 m (Sangat Dekat),1000 - 2000 mm/th (Sedang),0-8% (Datar),Sedang,Gamping
1685,Tananman Campuran,">3,10 km/km2",Litosol,0 - 50 m (Sangat Dekat),1000 - 2000 mm/th (Sedang),8-15% (Landai),Sedang,Gamping
1686,Tananman Campuran,">3,10 km/km2",Litosol,0 - 50 m (Sangat Dekat),1000 - 2000 mm/th (Sedang),15-25% (Agak Curam),Sedang,Girimulyo
1687,Tananman Campuran,">3,10 km/km2",Litosol,0 - 50 m (Sangat Dekat),1000 - 2000 mm/th (Sedang),25-40% (Curam),Sedang,Girimulyo
1688,Tananman Campuran,">3,10 km/km2",Litosol,0 - 50 m (Sangat Dekat),1000 - 2000 mm/th (Sedang),>40% (Sangat Curam),Sedang,Girimulyo
1689,Tananman Campuran,">3,10 km/km2",Litosol,0 - 50 m (Sangat Dekat),500 - 1000 mm/th (Agak Rendah),0-8% (Datar),Sedang,Bambanglipuro
1690,Tananman Campuran,">3,10 km/km2",Litosol,0 - 50 m (Sangat Dekat),500 - 1000 mm/th (Agak Rendah),8-15% (Landai),Sedang,Bambanglipuro
1691,Tananman Campuran,">3,10 km/km2",Litosol,0 - 50 m (Sangat Dekat),500 - 1000 mm/th (Agak Rendah),15-25% (Agak Curam),Sedang,Bambanglipuro
1692,Tananman Campuran,">3,10 km/km2",Litosol,0 - 50 m (Sangat Dekat),500 - 1000 mm/th (Agak Rendah),25-40% (Curam),Sedang,Gedangsari
1693,Tananman Campuran,">3,10 km/km2",Litosol,0 - 50 m (Sangat Dekat),500 - 1000 mm/th (Agak Rendah),>40% (Sangat Curam),Sedang,Gedangsari
1694,Tananman Campuran,">3,10 km/km2",Litosol,50 - 100 m (Dekat),1000 - 2000 mm/th (Sedang),0-8% (Datar),Sedang,Gamping
1695,Tananman Campuran,">3,10 km/km2",Litosol,50 - 100 m (Dekat),1000 - 2000 mm/th (Sedang),8-15% (Landai),Sedang,Gamping
1696,Tananman Campuran,">3,10 km/km2",Litosol,50 - 100 m (Dekat),1000 - 2000 mm/th (Sedang),15-25% (Agak Curam),Sedang,Girimulyo
1697,Tananman Campuran,">3,10 km/km2",Litosol,50 - 100 m (Dekat),1000 - 2000 mm/th (Sedang),25-40% (Curam),Sedang,Girimulyo
1698,Tananman Campuran,">3,10 km/km2",Litosol,50 - 100 m (Dekat),1000 - 2000 mm/th (Sedang),>40% (Sangat Curam),Sedang,Girimulyo
1699,Tananman Campuran,">3,10 km/km2",Litosol,50 - 100 m (Dekat),500 - 1000 mm/th (Agak Rendah),0-8% (Datar),Sedang,Bambanglipuro
1700,Tananman Campuran,">3,10 km/km2",Litosol,50 - 100 m (Dekat),500 - 1000 mm/th (Agak Rendah),8-15% (Landai),Sedang,Bambanglipuro
1701,Tananman Campuran,">3,10 km/km2",Litosol,50 - 100 m (Dekat),500 - 1000 mm/th (Agak Rendah),15-25% (Agak Curam),Sedang,Bambanglipuro
1702,Tananman Campuran,">3,10 km/km2",Litosol,50 - 100 m (Dekat),500 - 1000 mm/th (Agak Rendah),25-40% (Curam),Sedang,Gedangsari
1703,Tananman Campuran,">3,10 km/km2",Litosol,50 - 100 m (Dekat),500 - 1000 mm/th (Agak Rendah),>40% (Sangat Curam),Rendah,Gedangsari
1704,Tananman Campuran,">3,10 km/km2",Litosol,100 - 250 m (Sedang),1000 - 2000 mm/th (Sedang),0-8% (Datar),Sedang,Gamping
1705,Tananman Campuran,">3,10 km/km2",Litosol,100 - 250 m (Sedang),1000 - 2000 mm/th (Sedang),8-15% (Landai),Sedang,Gamping
1706,Tananman Campuran,">3,10 km/km2",Litosol,100 - 250 m (Sedang),1000 - 2000 mm/th (Sedang),15-25% (Agak Curam),Sedang,Gamping
1707,Tananman Campuran,">3,10 km/km2",Litosol,100 - 250 m (Sedang),1000 - 2000 mm/th (Sedang),25-40% (Curam),Sedang,Girimulyo
1708,Tananman Campuran,">3,10 km/km2",Litosol,100 - 250 m (Sedang),1000 - 2000 mm/th (Sedang),>40% (Sangat Curam),Sedang,Girimulyo
1709,Tananman Campuran,">3,10 km/km2",Litosol,100 - 250 m (Sedang),500 - 1000 mm/th (Agak Rendah),0-8% (Datar),Rendah,Bambanglipuro
1710,Tananman Campuran,">3,10 km/km2",Litosol,100 - 250 m (Sedang),500 - 1000 mm/th (Agak Rendah),8-15% (Landai),Rendah,Bambanglipuro
1711,Tananman Campuran,">3,10 km/km2",Litosol,100 - 250 m (Sedang),500 - 1000 mm/th (Agak Rendah),15-25% (Agak Curam),Rendah,Bambanglipuro
1712,Tananman Campuran,">3,10 km/km2",Litosol,100 - 250 m (Sedang),500 - 1000 mm/th (Agak Rendah),25-40% (Curam),Rendah,Gedangsari
1713,Tananman Campuran,">3,10 km/km2",Litosol,100 - 250 m (Sedang),500 - 1000 mm/th (Agak Rendah),>40% (Sangat Curam),Rendah,Gedangsari
1714,Tananman Campuran,">3,10 km/km2",Litosol,250 - 500 m (Jauh),1000 - 2000 mm/th (Sedang),0-8% (Datar),Sedang,Gamping
1715,Tananman Campuran,">3,10 km/km2",Litosol,250 - 500 m (Jauh),1000 - 2000 mm/th (Sedang),8-15% (Landai),Sedang,Gamping
1716,Tananman Campuran,">3,10 km/km2",Litosol,250 - 500 m (Jauh),1000 - 2000 mm/th (Sedang),15-25% (Agak Curam),Rendah,Girimulyo
1717,Tananman Campuran,">3,10 km/km2",Litosol,250 - 500 m (Jauh),1000 - 2000 mm/th (Sedang),25-40% (Curam),Rendah,Girimulyo
1718,Tananman Campuran,">3,10 km/km2",Litosol,250 - 500 m (Jauh),1000 - 2000 mm/th (Sedang),>40% (Sangat Curam),Rendah,Girimulyo
1719,Tananman Campuran,">3,10 km/km2",Litosol,250 - 500 m (Jauh),500 - 1000 mm/th (Agak Rendah),0-8% (Datar),Rendah,Bambanglipuro
1720,Tananman Campuran,">3,10 km/km2",Litosol,250 - 500 m (Jauh),500 - 1000 mm/th (Agak Rendah),8-15% (Landai),Rendah,Bambanglipuro
1721,Tananman Campuran,">3,10 km/km2",Litosol,250 - 500 m (Jauh),500 - 1000 mm/th (Agak Rendah),15-25% (Agak Curam),Rendah,Gedangsari
1722,Tananman Campuran,">3,10 km/km2",Litosol,250 - 500 m (Jauh),500 - 1000 mm/th (Agak Rendah),25-40% (Curam),Rendah,Gedangsari
1723,Tananman Campuran,">3,10 km/km2",Litosol,250 - 500 m (Jauh),500 - 1000 mm/th (Agak Rendah),>40% (Sangat Curam),Rendah,Gedangsari
1724,Tananman Campuran,">3,10 km/km2",Gleisol,>500 m (Sangat Jauh),1000 - 2000 mm/th (Sedang),0-8% (Datar),Sedang,Mlati
1725,Tananman Campuran,">3,10 km/km2",Gleisol,>500 m (Sangat Jauh),500 - 1000 mm/th (Agak Rendah),0-8% (Datar),Rendah,Berbah
1726,Tananman Campuran,">3,10 km/km2",Gleisol,>500 m (Sangat Jauh),500 - 1000 mm/th (Agak Rendah),8-15% (Landai),Rendah,Berbah
1727,Tananman Campuran,">3,10 km/km2",Gleisol,>500 m (Sangat Jauh),500 - 1000 mm/th (Agak Rendah),15-25% (Agak Curam),Rendah,Berbah
1728,Tananman Campuran,">3,10 km/km2",Gleisol,>500 m (Sangat Jauh),500 - 1000 mm/th (Agak Rendah),25-40% (Curam),Rendah,Imogiri
1729,Tananman Campuran,">3,10 km/km2",Gleisol,>500 m (Sangat Jauh),500 - 1000 mm/th (Agak Rendah),>40% (Sangat Curam),Rendah,Piyungan
1730,Tananman Campuran,">3,10 km/km2",Gleisol,0 - 50 m (Sangat Dekat),1000 - 2000 mm/th (Sedang),0-8% (Datar),Tinggi,Cangkringan
1731,Tananman Campuran,">3,10 km/km2",Gleisol,0 - 50 m (Sangat Dekat),1000 - 2000 mm/th (Sedang),8-15% (Landai),Tinggi,Cangkringan
1732,Tananman Campuran,">3,10 km/km2",Gleisol,0 - 50 m (Sangat Dekat),1000 - 2000 mm/th (Sedang),15-25% (Agak Curam),Sedang,Cangkringan
1733,Tananman Campuran,">3,10 km/km2",Gleisol,0 - 50 m (Sangat Dekat),1000 - 2000 mm/th (Sedang),25-40% (Curam),Sedang,Cangkringan
1734,Tananman Campuran,">3,10 km/km2",Gleisol,0 - 50 m (Sangat Dekat),1000 - 2000 mm/th (Sedang),>40% (Sangat Curam),Sedang,Cangkringan
1735,Tananman Campuran,">3,10 km/km2",Gleisol,0 - 50 m (Sangat Dekat),500 - 1000 mm/th (Agak Rendah),0-8% (Datar),Sedang,Bambanglipuro
1736,Tananman Campuran,">3,10 km/km2",Gleisol,0 - 50 m (Sangat Dekat),500 - 1000 mm/th (Agak Rendah),8-15% (Landai),Sedang,Bambanglipuro
1737,Tananman Campuran,">3,10 km/km2",Gleisol,0 - 50 m (Sangat Dekat),500 - 1000 mm/th (Agak Rendah),15-25% (Agak Curam),Sedang,Bambanglipuro
1738,Tananman Campuran,">3,10 km/km2",Gleisol,0 - 50 m (Sangat Dekat),500 - 1000 mm/th (Agak Rendah),25-40% (Curam),Sedang,Banguntapan
1739,Tananman Campuran,">3,10 km/km2",Gleisol,0 - 50 m (Sangat Dekat),500 - 1000 mm/th (Agak Rendah),>40% (Sangat Curam),Sedang,Imogiri
1740,Tananman Campuran,">3,10 km/km2",Gleisol,50 - 100 m (Dekat),1000 - 2000 mm/th (Sedang),0-8% (Datar),Sedang,Cangkringan
1741,Tananman Campuran,">3,10 km/km2",Gleisol,50 - 100 m (Dekat),1000 - 2000 mm/th (Sedang),8-15% (Landai),Sedang,Cangkringan
1742,Tananman Campuran,">3,10 km/km2",Gleisol,50 - 100 m (Dekat),1000 - 2000 mm/th (Sedang),15-25% (Agak Curam),Sedang,Cangkringan
1743,Tananman Campuran,">3,10 km/km2",Gleisol,50 - 100 m (Dekat),1000 - 2000 mm/th (Sedang),25-40% (Curam),Sedang,Cangkringan
1744,Tananman Campuran,">3,10 km/km2",Gleisol,50 - 100 m (Dekat),1000 - 2000 mm/th (Sedang),>40% (Sangat Curam),Sedang,Cangkringan
1745,Tananman Campuran,">3,10 km/km2",Gleisol,50 - 100 m (Dekat),500 - 1000 mm/th (Agak Rendah),0-8% (Datar),Sedang,Bambanglipuro
1746,Tananman Campuran,">3,10 km/km2",Gleisol,50 - 100 m (Dekat),500 - 1000 mm/th (Agak Rendah),8-15% (Landai),Sedang,Bambanglipuro
1747,Tananman Campuran,">3,10 km/km2",Gleisol,50 - 100 m (Dekat),500 - 1000 mm/th (Agak Rendah),15-25% (Agak Curam),Sedang,Banguntapan
1748,Tananman Campuran,">3,10 km/km2",Gleisol,50 - 100 m (Dekat),500 - 1000 mm/th (Agak Rendah),25-40% (Curam),Sedang,Banguntapan
1749,Tananman Campuran,">3,10 km/km2",Gleisol,50 - 100 m (Dekat),500 - 1000 mm/th (Agak Rendah),>40% (Sangat Curam),Sedang,Berbah
1750,Tananman Campuran,">3,10 km/km2",Gleisol,100 - 250 m (Sedang),1000 - 2000 mm/th (Sedang),0-8% (Datar),Sedang,Cangkringan
1751,Tananman Campuran,">3,10 km/km2",Gleisol,100 - 250 m (Sedang),1000 - 2000 mm/th (Sedang),8-15% (Landai),Sedang,Cangkringan
1752,Tananman Campuran,">3,10 km/km2",Gleisol,100 - 250 m (Sedang),1000 - 2000 mm/th (Sedang),15-25% (Agak Curam),Sedang,Cangkringan
1753,Tananman Campuran,">3,10 km/km2",Gleisol,100 - 250 m (Sedang),1000 - 2000 mm/th (Sedang),25-40% (Curam),Sedang,Cangkringan
1754,Tananman Campuran,">3,10 km/km2",Gleisol,100 - 250 m (Sedang),1000 - 2000 mm/th (Sedang),>40% (Sangat Curam),Sedang,Cangkringan
1755,Tananman Campuran,">3,10 km/km2",Gleisol,100 - 250 m (Sedang),500 - 1000 mm/th (Agak Rendah),0-8% (Datar),Sedang,Bambanglipuro
1756,Tananman Campuran,">3,10 km/km2",Gleisol,100 - 250 m (Sedang),500 - 1000 mm/th (Agak Rendah),8-15% (Landai),Sedang,Bambanglipuro
1757,Tananman Campuran,">3,10 km/km2",Gleisol,100 - 250 m (Sedang),500 - 1000 mm/th (Agak Rendah),15-25% (Agak Curam),Sedang,Banguntapan
1758,Tananman Campuran,">3,10 km/km2",Gleisol,100 - 250 m (Sedang),500 - 1000 mm/th (Agak Rendah),25-40% (Curam),Rendah,Banguntapan
1759,Tananman Campuran,">3,10 km/km2",Gleisol,100 - 250 m (Sedang),500 - 1000 mm/th (Agak Rendah),>40% (Sangat Curam),Rendah,Berbah
1760,Tananman Campuran,">3,10 km/km2",Gleisol,250 - 500 m (Jauh),1000 - 2000 mm/th (Sedang),0-8% (Datar),Sedang,Cangkringan
1761,Tananman Campuran,">3,10 km/km2",Gleisol,250 - 500 m (Jauh),1000 - 2000 mm/th (Sedang),8-15% (Landai),Sedang,Cangkringan
1762,Tananman Campuran,">3,10 km/km2",Gleisol,250 - 500 m (Jauh),500 - 1000 mm/th (Agak Rendah),0-8% (Datar),Rendah,Bambanglipuro
1763,Tananman Campuran,">3,10 km/km2",Gleisol,250 - 500 m (Jauh),500 - 1000 mm/th (Agak Rendah),8-15% (Landai),Rendah,Bambanglipuro
1764,Tananman Campuran,">3,10 km/km2",Gleisol,250 - 500 m (Jauh),500 - 1000 mm/th (Agak Rendah),15-25% (Agak Curam),Rendah,Bantul
1765,Tananman Campuran,">3,10 km/km2",Gleisol,250 - 500 m (Jauh),500 - 1000 mm/th (Agak Rendah),25-40% (Curam),Rendah,Berbah
1766,Tananman Campuran,">3,10 km/km2",Gleisol,250 - 500 m (Jauh),500 - 1000 mm/th (Agak Rendah),>40% (Sangat Curam),Rendah,Berbah
1767,Tananman Campuran,">3,10 km/km2",Fluvisol,>500 m (Sangat Jauh),500 - 1000 mm/th (Agak Rendah),0-8% (Datar),Rendah,Bambanglipuro
1768,Tananman Campuran,">3,10 km/km2",Fluvisol,>500 m (Sangat Jauh),500 - 1000 mm/th (Agak Rendah),8-15% (Landai),Rendah,Bambanglipuro
1769,Tananman Campuran,">3,10 km/km2",Fluvisol,>500 m (Sangat Jauh),500 - 1000 mm/th (Agak Rendah),15-25% (Agak Curam),Rendah,Bambanglipuro
1770,Tananman Campuran,">3,10 km/km2",Fluvisol,>500 m (Sangat Jauh),500 - 1000 mm/th (Agak Rendah),25-40% (Curam),Rendah,Kretek
1771,Tananman Campuran,">3,10 km/km2",Fluvisol,>500 m (Sangat Jauh),500 - 1000 mm/th (Agak Rendah),>40% (Sangat Curam),Rendah,Kretek
1772,Tananman Campuran,">3,10 km/km2",Fluvisol,0 - 50 m (Sangat Dekat),1000 - 2000 mm/th (Sedang),0-8% (Datar),Tinggi,Temon
1773,Tananman Campuran,">3,10 km/km2",Fluvisol,0 - 50 m (Sangat Dekat),1000 - 2000 mm/th (Sedang),8-15% (Landai),Tinggi,Temon
1774,Tananman Campuran,">3,10 km/km2",Fluvisol,0 - 50 m (Sangat Dekat),1000 - 2000 mm/th (Sedang),15-25% (Agak Curam),Sedang,Temon
1775,Tananman Campuran,">3,10 km/km2",Fluvisol,0 - 50 m (Sangat Dekat),500 - 1000 mm/th (Agak Rendah),0-8% (Datar),Sedang,Bambanglipuro
1776,Tananman Campuran,">3,10 km/km2",Fluvisol,0 - 50 m (Sangat Dekat),500 - 1000 mm/th (Agak Rendah),8-15% (Landai),Sedang,Bambanglipuro
1777,Tananman Campuran,">3,10 km/km2",Fluvisol,0 - 50 m (Sangat Dekat),500 - 1000 mm/th (Agak Rendah),15-25% (Agak Curam),Sedang,Bambanglipuro
1778,Tananman Campuran,">3,10 km/km2",Fluvisol,0 - 50 m (Sangat Dekat),500 - 1000 mm/th (Agak Rendah),25-40% (Curam),Sedang,Pundong
1779,Tananman Campuran,">3,10 km/km2",Fluvisol,50 - 100 m (Dekat),1000 - 2000 mm/th (Sedang),0-8% (Datar),Sedang,Temon
1780,Tananman Campuran,">3,10 km/km2",Fluvisol,50 - 100 m (Dekat),500 - 1000 mm/th (Agak Rendah),0-8% (Datar),Sedang,Bambanglipuro
1781,Tananman Campuran,">3,10 km/km2",Fluvisol,50 - 100 m (Dekat),500 - 1000 mm/th (Agak Rendah),8-15% (Landai),Sedang,Bambanglipuro
1782,Tananman Campuran,">3,10 km/km2",Fluvisol,50 - 100 m (Dekat),500 - 1000 mm/th (Agak Rendah),15-25% (Agak Curam),Sedang,Bambanglipuro
1783,Tananman Campuran,">3,10 km/km2",Fluvisol,50 - 100 m (Dekat),500 - 1000 mm/th (Agak Rendah),25-40% (Curam),Sedang,Pundong
1784,Tananman Campuran,">3,10 km/km2",Fluvisol,100 - 250 m (Sedang),1000 - 2000 mm/th (Sedang),0-8% (Datar),Sedang,Temon
1785,Tananman Campuran,">3,10 km/km2",Fluvisol,100 - 250 m (Sedang),1000 - 2000 mm/th (Sedang),8-15% (Landai),Sedang,Temon
1786,Tananman Campuran,">3,10 km/km2",Fluvisol,100 - 250 m (Sedang),500 - 1000 mm/th (Agak Rendah),0-8% (Datar),Sedang,Bambanglipuro
1787,Tananman Campuran,">3,10 km/km2",Fluvisol,100 - 250 m (Sedang),500 - 1000 mm/th (Agak Rendah),8-15% (Landai),Sedang,Bambanglipuro
1788,Tananman Campuran,">3,10 km/km2",Fluvisol,100 - 250 m (Sedang),500 - 1000 mm/th (Agak Rendah),15-25% (Agak Curam),Sedang,Bambanglipuro
1789,Tananman Campuran,">3,10 km/km2",Fluvisol,100 - 250 m (Sedang),500 - 1000 mm/th (Agak Rendah),25-40% (Curam),Rendah,Pandak
1790,Tananman Campuran,">3,10 km/km2",Fluvisol,100 - 250 m (Sedang),500 - 1000 mm/th (Agak Rendah),>40% (Sangat Curam),Rendah,Purwosari
1791,Tananman Campuran,">3,10 km/km2",Fluvisol,250 - 500 m (Jauh),1000 - 2000 mm/th (Sedang),0-8% (Datar),Sedang,Temon
1792,Tananman Campuran,">3,10 km/km2",Fluvisol,250 - 500 m (Jauh),1000 - 2000 mm/th (Sedang),8-15% (Landai),Sedang,Temon
1793,Tananman Campuran,">3,10 km/km2",Fluvisol,250 - 500 m (Jauh),500 - 1000 mm/th (Agak Rendah),0-8% (Datar),Rendah,Bambanglipuro
1794,Tananman Campuran,">3,10 km/km2",Fluvisol,250 - 500 m (Jauh),500 - 1000 mm/th (Agak Rendah),8-15% (Landai),Rendah,Bambanglipuro
1795,Tananman Campuran,">3,10 km/km2",Fluvisol,250 - 500 m (Jauh),500 - 1000 mm/th (Agak Rendah),15-25% (Agak Curam),Rendah,Bambanglipuro
1796,Tananman Campuran,">3,10 km/km2",Fluvisol,250 - 500 m (Jauh),500 - 1000 mm/th (Agak Rendah),25-40% (Curam),Rendah,Kretek
1797,Tananman Campuran,">3,10 km/km2",Fluvisol,250 - 500 m (Jauh),500 - 1000 mm/th (Agak Rendah),>40% (Sangat Curam),Rendah,Pundong
1798,Tananman Campuran,">3,10 km/km2",Nitosol,>500 m (Sangat Jauh),1000 - 2000 mm/th (Sedang),0-8% (Datar),Rendah,Pengasih
1799,Tananman Campuran,">3,10 km/km2",Nitosol,>500 m (Sangat Jauh),1000 - 2000 mm/th (Sedang),8-15% (Landai),Rendah,Pengasih
1800,Tananman Campuran,">3,10 km/km2",Nitosol,>500 m (Sangat Jauh),1000 - 2000 mm/th (Sedang),15-25% (Agak Curam),Rendah,Pengasih
1801,Tananman Campuran,">3,10 km/km2",Nitosol,0 - 50 m (Sangat Dekat),1000 - 2000 mm/th (Sedang),0-8% (Datar),Sedang,Nanggulan
1802,Tananman Campuran,">3,10 km/km2",Nitosol,0 - 50 m (Sangat Dekat),1000 - 2000 mm/th (Sedang),8-15% (Landai),Sedang,Nanggulan
1803,Tananman Campuran,">3,10 km/km2",Nitosol,0 - 50 m (Sangat Dekat),1000 - 2000 mm/th (Sedang),15-25% (Agak Curam),Sedang,Nanggulan
1804,Tananman Campuran,">3,10 km/km2",Nitosol,0 - 50 m (Sangat Dekat),1000 - 2000 mm/th (Sedang),25-40% (Curam),Sedang,Nanggulan
1805,Tananman Campuran,">3,10 km/km2",Nitosol,0 - 50 m (Sangat Dekat),1000 - 2000 mm/th (Sedang),>40% (Sangat Curam),Sedang,Pengasih
1806,Tananman Campuran,">3,10 km/km2",Nitosol,50 - 100 m (Dekat),1000 - 2000 mm/th (Sedang),0-8% (Datar),Sedang,Nanggulan
1807,Tananman Campuran,">3,10 km/km2",Nitosol,50 - 100 m (Dekat),1000 - 2000 mm/th (Sedang),8-15% (Landai),Sedang,Nanggulan
1808,Tananman Campuran,">3,10 km/km2",Nitosol,50 - 100 m (Dekat),1000 - 2000 mm/th (Sedang),15-25% (Agak Curam),Sedang,Nanggulan
1809,Tananman Campuran,">3,10 km/km2",Nitosol,50 - 100 m (Dekat),1000 - 2000 mm/th (Sedang),25-40% (Curam),Sedang,Nanggulan
1810,Tananman Campuran,">3,10 km/km2",Nitosol,50 - 100 m (Dekat),1000 - 2000 mm/th (Sedang),>40% (Sangat Curam),Sedang,Nanggulan
1811,Tananman Campuran,">3,10 km/km2",Nitosol,100 - 250 m (Sedang),1000 - 2000 mm/th (Sedang),0-8% (Datar),Sedang,Nanggulan
1812,Tananman Campuran,">3,10 km/km2",Nitosol,100 - 250 m (Sedang),1000 - 2000 mm/th (Sedang),8-15% (Landai),Sedang,Nanggulan
1813,Tananman Campuran,">3,10 km/km2",Nitosol,100 - 250 m (Sedang),1000 - 2000 mm/th (Sedang),15-25% (Agak Curam),Sedang,Nanggulan
1814,Tananman Campuran,">3,10 km/km2",Nitosol,100 - 250 m (Sedang),1000 - 2000 mm/th (Sedang),25-40% (Curam),Sedang,Nanggulan
1815,Tananman Campuran,">3,10 km/km2",Nitosol,100 - 250 m (Sedang),1000 - 2000 mm/th (Sedang),>40% (Sangat Curam),Sedang,Nanggulan
1816,Tananman Campuran,">3,10 km/km2",Nitosol,250 - 500 m (Jauh),1000 - 2000 mm/th (Sedang),0-8% (Datar),Sedang,Pengasih
1817,Tananman Campuran,">3,10 km/km2",Nitosol,250 - 500 m (Jauh),1000 - 2000 mm/th (Sedang),8-15% (Landai),Sedang,Pengasih
1818,Tananman Campuran,">3,10 km/km2",Nitosol,250 - 500 m (Jauh),1000 - 2000 mm/th (Sedang),15-25% (Agak Curam),Sedang,Pengasih
1819,Tananman Campuran,">3,10 km/km2",Nitosol,250 - 500 m (Jauh),1000 - 2000 mm/th (Sedang),25-40% (Curam),Rendah,Pengasih
1820,Tananman Campuran,">3,10 km/km2",Nitosol,250 - 500 m (Jauh),1000 - 2000 mm/th (Sedang),>40% (Sangat Curam),Rendah,Pengasih
1821,Tananman Campuran,">3,10 km/km2",Vertisol,0 - 50 m (Sangat Dekat),500 - 1000 mm/th (Agak Rendah),0-8% (Datar),Sedang,Nglipar
1822,Tananman Campuran,">3,10 km/km2",Vertisol,0 - 50 m (Sangat Dekat),500 - 1000 mm/th (Agak Rendah),8-15% (Landai),Sedang,Nglipar
1823,Tananman Campuran,">3,10 km/km2",Vertisol,0 - 50 m (Sangat Dekat),500 - 1000 mm/th (Agak Rendah),15-25% (Agak Curam),Sedang,Nglipar
1824,Tananman Campuran,">3,10 km/km2",Vertisol,0 - 50 m (Sangat Dekat),500 - 1000 mm/th (Agak Rendah),25-40% (Curam),Sedang,Nglipar
1825,Tananman Campuran,">3,10 km/km2",Vertisol,50 - 100 m (Dekat),500 - 1000 mm/th (Agak Rendah),0-8% (Datar),Sedang,Nglipar
1826,Tananman Campuran,">3,10 km/km2",Vertisol,50 - 100 m (Dekat),500 - 1000 mm/th (Agak Rendah),8-15% (Landai),Sedang,Nglipar
1827,Tananman Campuran,">3,10 km/km2",Vertisol,50 - 100 m (Dekat),500 - 1000 mm/th (Agak Rendah),15-25% (Agak Curam),Sedang,Nglipar
1828,Tananman Campuran,">3,10 km/km2",Vertisol,50 - 100 m (Dekat),500 - 1000 mm/th (Agak Rendah),25-40% (Curam),Sedang,Nglipar
1829,Tananman Campuran,">3,10 km/km2",Vertisol,100 - 250 m (Sedang),500 - 1000 mm/th (Agak Rendah),8-15% (Landai),Sedang,Nglipar
1830,Tananman Campuran,">3,10 km/km2",Vertisol,100 - 250 m (Sedang),500 - 1000 mm/th (Agak Rendah),15-25% (Agak Curam),Rendah,Nglipar
1831,Tananman Campuran,">3,10 km/km2",Vertisol,100 - 250 m (Sedang),500 - 1000 mm/th (Agak Rendah),25-40% (Curam),Rendah,Nglipar
1832,Tananman Campuran,">3,10 km/km2",Vertisol,250 - 500 m (Jauh),500 - 1000 mm/th (Agak Rendah),8-15% (Landai),Rendah,Nglipar
1833,Tananman Campuran,">3,10 km/km2",Vertisol,250 - 500 m (Jauh),500 - 1000 mm/th (Agak Rendah),15-25% (Agak Curam),Rendah,Nglipar
1834,Tananman Campuran,">3,10 km/km2",Vertisol,250 - 500 m (Jauh),500 - 1000 mm/th (Agak Rendah),25-40% (Curam),Rendah,Nglipar
1835,Permukiman,"<0,62 km/km2",Litosol,>500 m (Sangat Jauh),500 - 1000 mm/th (Agak Rendah),0-8% (Datar),Sedang,Girisubo
1836,Permukiman,"<0,62 km/km2",Litosol,>500 m (Sangat Jauh),500 - 1000 mm/th (Agak Rendah),8-15% (Landai),Sedang,Girisubo
1837,Permukiman,"<0,62 km/km2",Litosol,>500 m (Sangat Jauh),500 - 1000 mm/th (Agak Rendah),15-25% (Agak Curam),Sedang,Girisubo
1838,Permukiman,"<0,62 km/km2",Litosol,>500 m (Sangat Jauh),500 - 1000 mm/th (Agak Rendah),25-40% (Curam),Rendah,Girisubo
1839,Permukiman,"<0,62 km/km2",Litosol,>500 m (Sangat Jauh),500 - 1000 mm/th (Agak Rendah),>40% (Sangat Curam),Rendah,Girisubo
1840,Permukiman,"<0,62 km/km2",Litosol,0 - 50 m (Sangat Dekat),500 - 1000 mm/th (Agak Rendah),0-8% (Datar),Tinggi,Girisubo
1841,Permukiman,"<0,62 km/km2",Litosol,0 - 50 m (Sangat Dekat),500 - 1000 mm/th (Agak Rendah),8-15% (Landai),Tinggi,Girisubo
1842,Permukiman,"<0,62 km/km2",Litosol,0 - 50 m (Sangat Dekat),500 - 1000 mm/th (Agak Rendah),15-25% (Agak Curam),Tinggi,Girisubo
1843,Permukiman,"<0,62 km/km2",Litosol,0 - 50 m (Sangat Dekat),500 - 1000 mm/th (Agak Rendah),25-40% (Curam),Tinggi,Girisubo
1844,Permukiman,"<0,62 km/km2",Litosol,0 - 50 m (Sangat Dekat),500 - 1000 mm/th (Agak Rendah),>40% (Sangat Curam),Sedang,Girisubo
1845,Permukiman,"<0,62 km/km2",Litosol,50 - 100 m (Dekat),500 - 1000 mm/th (Agak Rendah),0-8% (Datar),Sedang,Girisubo
1846,Permukiman,"<0,62 km/km2",Litosol,50 - 100 m (Dekat),500 - 1000 mm/th (Agak Rendah),8-15% (Landai),Sedang,Girisubo
1847,Permukiman,"<0,62 km/km2",Litosol,50 - 100 m (Dekat),500 - 1000 mm/th (Agak Rendah),15-25% (Agak Curam),Sedang,Girisubo
1848,Permukiman,"<0,62 km/km2",Litosol,50 - 100 m (Dekat),500 - 1000 mm/th (Agak Rendah),25-40% (Curam),Sedang,Girisubo
1849,Permukiman,"<0,62 km/km2",Litosol,50 - 100 m (Dekat),500 - 1000 mm/th (Agak Rendah),>40% (Sangat Curam),Sedang,Girisubo
1850,Permukiman,"<0,62 km/km2",Litosol,100 - 250 m (Sedang),500 - 1000 mm/th (Agak Rendah),0-8% (Datar),Sedang,Girisubo
1851,Permukiman,"<0,62 km/km2",Litosol,100 - 250 m (Sedang),500 - 1000 mm/th (Agak Rendah),8-15% (Landai),Sedang,Girisubo
1852,Permukiman,"<0,62 km/km2",Litosol,100 - 250 m (Sedang),500 - 1000 mm/th (Agak Rendah),15-25% (Agak Curam),Sedang,Girisubo
1853,Permukiman,"<0,62 km/km2",Litosol,100 - 250 m (Sedang),500 - 1000 mm/th (Agak Rendah),25-40% (Curam),Sedang,Girisubo
1854,Permukiman,"<0,62 km/km2",Litosol,100 - 250 m (Sedang),500 - 1000 mm/th (Agak Rendah),>40% (Sangat Curam),Sedang,Girisubo
1855,Permukiman,"<0,62 km/km2",Litosol,250 - 500 m (Jauh),500 - 1000 mm/th (Agak Rendah),0-8% (Datar),Sedang,Girisubo
1856,Permukiman,"<0,62 km/km2",Litosol,250 - 500 m (Jauh),500 - 1000 mm/th (Agak Rendah),8-15% (Landai),Sedang,Girisubo
1857,Permukiman,"<0,62 km/km2",Litosol,250 - 500 m (Jauh),500 - 1000 mm/th (Agak Rendah),15-25% (Agak Curam),Sedang,Girisubo
1858,Permukiman,"<0,62 km/km2",Litosol,250 - 500 m (Jauh),500 - 1000 mm/th (Agak Rendah),25-40% (Curam),Sedang,Girisubo
1859,Permukiman,"<0,62 km/km2",Litosol,250 - 500 m (Jauh),500 - 1000 mm/th (Agak Rendah),>40% (Sangat Curam),Sedang,Girisubo
1860,Permukiman,"<0,62 km/km2",Fluvisol,>500 m (Sangat Jauh),500 - 1000 mm/th (Agak Rendah),0-8% (Datar),Sedang,Galur
1861,Permukiman,"<0,62 km/km2",Fluvisol,>500 m (Sangat Jauh),500 - 1000 mm/th (Agak Rendah),8-15% (Landai),Sedang,Kretek
1862,Permukiman,"<0,62 km/km2",Fluvisol,>500 m (Sangat Jauh),500 - 1000 mm/th (Agak Rendah),15-25% (Agak Curam),Sedang,Kretek
1863,Permukiman,"<0,62 km/km2",Fluvisol,>500 m (Sangat Jauh),500 - 1000 mm/th (Agak Rendah),25-40% (Curam),Sedang,Lendah
1864,Permukiman,"<0,62 km/km2",Fluvisol,0 - 50 m (Sangat Dekat),1000 - 2000 mm/th (Sedang),0-8% (Datar),Tinggi,Temon
1865,Permukiman,"<0,62 km/km2",Fluvisol,0 - 50 m (Sangat Dekat),1000 - 2000 mm/th (Sedang),8-15% (Landai),Tinggi,Temon
1866,Permukiman,"<0,62 km/km2",Fluvisol,50 - 100 m (Dekat),1000 - 2000 mm/th (Sedang),0-8% (Datar),Tinggi,Temon
1867,Permukiman,"<0,62 km/km2",Fluvisol,50 - 100 m (Dekat),1000 - 2000 mm/th (Sedang),8-15% (Landai),Tinggi,Temon
1868,Permukiman,"<0,62 km/km2",Fluvisol,50 - 100 m (Dekat),1000 - 2000 mm/th (Sedang),15-25% (Agak Curam),Tinggi,Temon
1869,Permukiman,"<0,62 km/km2",Fluvisol,100 - 250 m (Sedang),1000 - 2000 mm/th (Sedang),0-8% (Datar),Tinggi,Temon
1870,Permukiman,"<0,62 km/km2",Fluvisol,100 - 250 m (Sedang),1000 - 2000 mm/th (Sedang),8-15% (Landai),Tinggi,Temon
1871,Permukiman,"<0,62 km/km2",Fluvisol,100 - 250 m (Sedang),1000 - 2000 mm/th (Sedang),15-25% (Agak Curam),Tinggi,Temon
1872,Permukiman,"<0,62 km/km2",Fluvisol,250 - 500 m (Jauh),1000 - 2000 mm/th (Sedang),0-8% (Datar),Tinggi,Temon
1873,Permukiman,"<0,62 km/km2",Fluvisol,250 - 500 m (Jauh),1000 - 2000 mm/th (Sedang),8-15% (Landai),Sedang,Temon
1874,Permukiman,"<0,62 km/km2",Fluvisol,250 - 500 m (Jauh),1000 - 2000 mm/th (Sedang),15-25% (Agak Curam),Sedang,Temon
1875,Permukiman,"<0,62 km/km2",Fluvisol,250 - 500 m (Jauh),500 - 1000 mm/th (Agak Rendah),0-8% (Datar),Sedang,Lendah
1876,Permukiman,"<0,62 km/km2",Fluvisol,250 - 500 m (Jauh),500 - 1000 mm/th (Agak Rendah),8-15% (Landai),Sedang,Lendah
1877,Permukiman,"<0,62 km/km2",Vertisol,>500 m (Sangat Jauh),500 - 1000 mm/th (Agak Rendah),0-8% (Datar),Sedang,Semanu
1878,Permukiman,"<0,62 km/km2",Vertisol,>500 m (Sangat Jauh),500 - 1000 mm/th (Agak Rendah),8-15% (Landai),Sedang,Semanu
1879,Permukiman,"<0,62 km/km2",Vertisol,>500 m (Sangat Jauh),500 - 1000 mm/th (Agak Rendah),15-25% (Agak Curam),Sedang,Semanu
1880,Permukiman,"<0,62 km/km2",Vertisol,>500 m (Sangat Jauh),500 - 1000 mm/th (Agak Rendah),25-40% (Curam),Sedang,Semanu
1881,Permukiman,"<0,62 km/km2",Vertisol,0 - 50 m (Sangat Dekat),500 - 1000 mm/th (Agak Rendah),0-8% (Datar),Tinggi,Semanu
1882,Permukiman,"<0,62 km/km2",Vertisol,0 - 50 m (Sangat Dekat),500 - 1000 mm/th (Agak Rendah),8-15% (Landai),Tinggi,Semanu
1883,Permukiman,"<0,62 km/km2",Vertisol,50 - 100 m (Dekat),500 - 1000 mm/th (Agak Rendah),0-8% (Datar),Tinggi,Semanu
1884,Permukiman,"<0,62 km/km2",Vertisol,50 - 100 m (Dekat),500 - 1000 mm/th (Agak Rendah),8-15% (Landai),Tinggi,Semanu
1885,Permukiman,"<0,62 km/km2",Vertisol,100 - 250 m (Sedang),500 - 1000 mm/th (Agak Rendah),0-8% (Datar),Sedang,Semanu
1886,Permukiman,"<0,62 km/km2",Vertisol,100 - 250 m (Sedang),500 - 1000 mm/th (Agak Rendah),8-15% (Landai),Sedang,Semanu
1887,Permukiman,"<0,62 km/km2",Vertisol,100 - 250 m (Sedang),500 - 1000 mm/th (Agak Rendah),15-25% (Agak Curam),Sedang,Semanu
1888,Permukiman,"<0,62 km/km2",Vertisol,250 - 500 m (Jauh),500 - 1000 mm/th (Agak Rendah),0-8% (Datar),Sedang,Semanu
1889,Permukiman,"<0,62 km/km2",Vertisol,250 - 500 m (Jauh),500 - 1000 mm/th (Agak Rendah),8-15% (Landai),Sedang,Semanu
1890,Permukiman,"<0,62 km/km2",Vertisol,250 - 500 m (Jauh),500 - 1000 mm/th (Agak Rendah),15-25% (Agak Curam),Sedang,Semanu
1891,Permukiman,"0,62 - 1.44 km/km2",Litosol,>500 m (Sangat Jauh),500 - 1000 mm/th (Agak Rendah),0-8% (Datar),Sedang,Dlingo
1892,Permukiman,"0,62 - 1.44 km/km2",Litosol,>500 m (Sangat Jauh),500 - 1000 mm/th (Agak Rendah),8-15% (Landai),Sedang,Dlingo
1893,Permukiman,"0,62 - 1.44 km/km2",Litosol,>500 m (Sangat Jauh),500 - 1000 mm/th (Agak Rendah),15-25% (Agak Curam),Rendah,Dlingo
1894,Permukiman,"0,62 - 1.44 km/km2",Litosol,>500 m (Sangat Jauh),500 - 1000 mm/th (Agak Rendah),25-40% (Curam),Rendah,Dlingo
1895,Permukiman,"0,62 - 1.44 km/km2",Litosol,>500 m (Sangat Jauh),500 - 1000 mm/th (Agak Rendah),>40% (Sangat Curam),Rendah,Dlingo
1896,Permukiman,"0,62 - 1.44 km/km2",Litosol,0 - 50 m (Sangat Dekat),500 - 1000 mm/th (Agak Rendah),0-8% (Datar),Tinggi,Dlingo
1897,Permukiman,"0,62 - 1.44 km/km2",Litosol,0 - 50 m (Sangat Dekat),500 - 1000 mm/th (Agak Rendah),8-15% (Landai),Tinggi,Dlingo
1898,Permukiman,"0,62 - 1.44 km/km2",Litosol,0 - 50 m (Sangat Dekat),500 - 1000 mm/th (Agak Rendah),15-25% (Agak Curam),Sedang,Dlingo
1899,Permukiman,"0,62 - 1.44 km/km2",Litosol,0 - 50 m (Sangat Dekat),500 - 1000 mm/th (Agak Rendah),25-40% (Curam),Sedang,Dlingo
1900,Permukiman,"0,62 - 1.44 km/km2",Litosol,0 - 50 m (Sangat Dekat),500 - 1000 mm/th (Agak Rendah),>40% (Sangat Curam),Sedang,Gedangsari
1901,Permukiman,"0,62 - 1.44 km/km2",Litosol,50 - 100 m (Dekat),500 - 1000 mm/th (Agak Rendah),0-8% (Datar),Sedang,Dlingo
1902,Permukiman,"0,62 - 1.44 km/km2",Litosol,50 - 100 m (Dekat),500 - 1000 mm/th (Agak Rendah),8-15% (Landai),Sedang,Dlingo
1903,Permukiman,"0,62 - 1.44 km/km2",Litosol,50 - 100 m (Dekat),500 - 1000 mm/th (Agak Rendah),15-25% (Agak Curam),Sedang,Dlingo
1904,Permukiman,"0,62 - 1.44 km/km2",Litosol,50 - 100 m (Dekat),500 - 1000 mm/th (Agak Rendah),25-40% (Curam),Sedang,Dlingo
1905,Permukiman,"0,62 - 1.44 km/km2",Litosol,50 - 100 m (Dekat),500 - 1000 mm/th (Agak Rendah),>40% (Sangat Curam),Sedang,Dlingo
1906,Permukiman,"0,62 - 1.44 km/km2",Litosol,100 - 250 m (Sedang),500 - 1000 mm/th (Agak Rendah),0-8% (Datar),Sedang,Dlingo
1907,Permukiman,"0,62 - 1.44 km/km2",Litosol,100 - 250 m (Sedang),500 - 1000 mm/th (Agak Rendah),8-15% (Landai),Sedang,Dlingo
1908,Permukiman,"0,62 - 1.44 km/km2",Litosol,100 - 250 m (Sedang),500 - 1000 mm/th (Agak Rendah),15-25% (Agak Curam),Sedang,Dlingo
1909,Permukiman,"0,62 - 1.44 km/km2",Litosol,100 - 250 m (Sedang),500 - 1000 mm/th (Agak Rendah),25-40% (Curam),Sedang,Dlingo
1910,Permukiman,"0,62 - 1.44 km/km2",Litosol,100 - 250 m (Sedang),500 - 1000 mm/th (Agak Rendah),>40% (Sangat Curam),Sedang,Dlingo
1911,Permukiman,"0,62 - 1.44 km/km2",Litosol,250 - 500 m (Jauh),500 - 1000 mm/th (Agak Rendah),0-8% (Datar),Sedang,Dlingo
1912,Permukiman,"0,62 - 1.44 km/km2",Litosol,250 - 500 m (Jauh),500 - 1000 mm/th (Agak Rendah),8-15% (Landai),Sedang,Dlingo
1913,Permukiman,"0,62 - 1.44 km/km2",Litosol,250 - 500 m (Jauh),500 - 1000 mm/th (Agak Rendah),15-25% (Agak Curam),Sedang,Dlingo
1914,Permukiman,"0,62 - 1.44 km/km2",Litosol,250 - 500 m (Jauh),500 - 1000 mm/th (Agak Rendah),25-40% (Curam),Sedang,Dlingo
1915,Permukiman,"0,62 - 1.44 km/km2",Litosol,250 - 500 m (Jauh),500 - 1000 mm/th (Agak Rendah),>40% (Sangat Curam),Sedang,Dlingo
1916,Permukiman,"0,62 - 1.44 km/km2",Gleisol,>500 m (Sangat Jauh),500 - 1000 mm/th (Agak Rendah),15-25% (Agak Curam),Sedang,Prambanan
1917,Permukiman,"0,62 - 1.44 km/km2",Gleisol,>500 m (Sangat Jauh),500 - 1000 mm/th (Agak Rendah),25-40% (Curam),Sedang,Prambanan
1918,Permukiman,"0,62 - 1.44 km/km2",Gleisol,>500 m (Sangat Jauh),500 - 1000 mm/th (Agak Rendah),>40% (Sangat Curam),Sedang,Prambanan
1919,Permukiman,"0,62 - 1.44 km/km2",Gleisol,100 - 250 m (Sedang),500 - 1000 mm/th (Agak Rendah),>40% (Sangat Curam),Sedang,Imogiri
1920,Permukiman,"0,62 - 1.44 km/km2",Gleisol,250 - 500 m (Jauh),500 - 1000 mm/th (Agak Rendah),8-15% (Landai),Sedang,Prambanan
1921,Permukiman,"0,62 - 1.44 km/km2",Gleisol,250 - 500 m (Jauh),500 - 1000 mm/th (Agak Rendah),15-25% (Agak Curam),Sedang,Prambanan
1922,Permukiman,"0,62 - 1.44 km/km2",Gleisol,250 - 500 m (Jauh),500 - 1000 mm/th (Agak Rendah),25-40% (Curam),Sedang,Prambanan
1923,Permukiman,"0,62 - 1.44 km/km2",Gleisol,250 - 500 m (Jauh),500 - 1000 mm/th (Agak Rendah),>40% (Sangat Curam),Sedang,Prambanan
1924,Permukiman,"0,62 - 1.44 km/km2",Fluvisol,>500 m (Sangat Jauh),1000 - 2000 mm/th (Sedang),0-8% (Datar),Sedang,Temon
1925,Permukiman,"0,62 - 1.44 km/km2",Fluvisol,>500 m (Sangat Jauh),1000 - 2000 mm/th (Sedang),8-15% (Landai),Sedang,Kokap
1926,Permukiman,"0,62 - 1.44 km/km2",Fluvisol,>500 m (Sangat Jauh),1000 - 2000 mm/th (Sedang),15-25% (Agak Curam),Sedang,Kokap
1927,Permukiman,"0,62 - 1.44 km/km2",Fluvisol,>500 m (Sangat Jauh),1000 - 2000 mm/th (Sedang),25-40% (Curam),Sedang,Kokap
1928,Permukiman,"0,62 - 1.44 km/km2",Fluvisol,>500 m (Sangat Jauh),500 - 1000 mm/th (Agak Rendah),0-8% (Datar),Sedang,Galur
1929,Permukiman,"0,62 - 1.44 km/km2",Fluvisol,>500 m (Sangat Jauh),500 - 1000 mm/th (Agak Rendah),8-15% (Landai),Sedang,Galur
1930,Permukiman,"0,62 - 1.44 km/km2",Fluvisol,>500 m (Sangat Jauh),500 - 1000 mm/th (Agak Rendah),15-25% (Agak Curam),Sedang,Galur
1931,Permukiman,"0,62 - 1.44 km/km2",Fluvisol,>500 m (Sangat Jauh),500 - 1000 mm/th (Agak Rendah),25-40% (Curam),Sedang,Kretek
1932,Permukiman,"0,62 - 1.44 km/km2",Fluvisol,>500 m (Sangat Jauh),500 - 1000 mm/th (Agak Rendah),>40% (Sangat Curam),Sedang,Kretek
1933,Permukiman,"0,62 - 1.44 km/km2",Fluvisol,0 - 50 m (Sangat Dekat),1000 - 2000 mm/th (Sedang),0-8% (Datar),Tinggi,Kokap
1934,Permukiman,"0,62 - 1.44 km/km2",Fluvisol,0 - 50 m (Sangat Dekat),1000 - 2000 mm/th (Sedang),8-15% (Landai),Tinggi,Kokap
1935,Permukiman,"0,62 - 1.44 km/km2",Fluvisol,0 - 50 m (Sangat Dekat),1000 - 2000 mm/th (Sedang),15-25% (Agak Curam),Tinggi,Kokap
1936,Permukiman,"0,62 - 1.44 km/km2",Fluvisol,0 - 50 m (Sangat Dekat),1000 - 2000 mm/th (Sedang),25-40% (Curam),Tinggi,Kokap
1937,Permukiman,"0,62 - 1.44 km/km2",Fluvisol,0 - 50 m (Sangat Dekat),1000 - 2000 mm/th (Sedang),>40% (Sangat Curam),Tinggi,Kokap
1938,Permukiman,"0,62 - 1.44 km/km2",Fluvisol,0 - 50 m (Sangat Dekat),500 - 1000 mm/th (Agak Rendah),0-8% (Datar),Tinggi,Galur
1939,Permukiman,"0,62 - 1.44 km/km2",Fluvisol,0 - 50 m (Sangat Dekat),500 - 1000 mm/th (Agak Rendah),8-15% (Landai),Tinggi,Galur
1940,Permukiman,"0,62 - 1.44 km/km2",Fluvisol,0 - 50 m (Sangat Dekat),500 - 1000 mm/th (Agak Rendah),15-25% (Agak Curam),Tinggi,Galur
1941,Permukiman,"0,62 - 1.44 km/km2",Fluvisol,50 - 100 m (Dekat),1000 - 2000 mm/th (Sedang),0-8% (Datar),Tinggi,Kokap
1942,Permukiman,"0,62 - 1.44 km/km2",Fluvisol,50 - 100 m (Dekat),1000 - 2000 mm/th (Sedang),8-15% (Landai),Tinggi,Kokap
1943,Permukiman,"0,62 - 1.44 km/km2",Fluvisol,50 - 100 m (Dekat),1000 - 2000 mm/th (Sedang),15-25% (Agak Curam),Tinggi,Kokap
1944,Permukiman,"0,62 - 1.44 km/km2",Fluvisol,50 - 100 m (Dekat),1000 - 2000 mm/th (Sedang),25-40% (Curam),Tinggi,Kokap
1945,Permukiman,"0,62 - 1.44 km/km2",Fluvisol,50 - 100 m (Dekat),1000 - 2000 mm/th (Sedang),>40% (Sangat Curam),Tinggi,Kokap
1946,Permukiman,"0,62 - 1.44 km/km2",Fluvisol,50 - 100 m (Dekat),500 - 1000 mm/th (Agak Rendah),0-8% (Datar),Tinggi,Galur
1947,Permukiman,"0,62 - 1.44 km/km2",Fluvisol,50 - 100 m (Dekat),500 - 1000 mm/th (Agak Rendah),8-15% (Landai),Tinggi,Galur
1948,Permukiman,"0,62 - 1.44 km/km2",Fluvisol,50 - 100 m (Dekat),500 - 1000 mm/th (Agak Rendah),15-25% (Agak Curam),Sedang,Galur
1949,Permukiman,"0,62 - 1.44 km/km2",Fluvisol,100 - 250 m (Sedang),1000 - 2000 mm/th (Sedang),0-8% (Datar),Tinggi,Kokap
1950,Permukiman,"0,62 - 1.44 km/km2",Fluvisol,100 - 250 m (Sedang),1000 - 2000 mm/th (Sedang),8-15% (Landai),Tinggi,Kokap
1951,Permukiman,"0,62 - 1.44 km/km2",Fluvisol,100 - 250 m (Sedang),1000 - 2000 mm/th (Sedang),15-25% (Agak Curam),Tinggi,Kokap
1952,Permukiman,"0,62 - 1.44 km/km2",Fluvisol,100 - 250 m (Sedang),1000 - 2000 mm/th (Sedang),25-40% (Curam),Tinggi,Kokap
1953,Permukiman,"0,62 - 1.44 km/km2",Fluvisol,100 - 250 m (Sedang),1000 - 2000 mm/th (Sedang),>40% (Sangat Curam),Sedang,Kokap
1954,Permukiman,"0,62 - 1.44 km/km2",Fluvisol,100 - 250 m (Sedang),500 - 1000 mm/th (Agak Rendah),0-8% (Datar),Sedang,Galur
1955,Permukiman,"0,62 - 1.44 km/km2",Fluvisol,100 - 250 m (Sedang),500 - 1000 mm/th (Agak Rendah),8-15% (Landai),Sedang,Galur
1956,Permukiman,"0,62 - 1.44 km/km2",Fluvisol,100 - 250 m (Sedang),500 - 1000 mm/th (Agak Rendah),15-25% (Agak Curam),Sedang,Galur
1957,Permukiman,"0,62 - 1.44 km/km2",Fluvisol,100 - 250 m (Sedang),500 - 1000 mm/th (Agak Rendah),25-40% (Curam),Sedang,Lendah
1958,Permukiman,"0,62 - 1.44 km/km2",Fluvisol,100 - 250 m (Sedang),500 - 1000 mm/th (Agak Rendah),>40% (Sangat Curam),Sedang,Lendah
1959,Permukiman,"0,62 - 1.44 km/km2",Fluvisol,250 - 500 m (Jauh),1000 - 2000 mm/th (Sedang),0-8% (Datar),Sedang,Kokap
1960,Permukiman,"0,62 - 1.44 km/km2",Fluvisol,250 - 500 m (Jauh),1000 - 2000 mm/th (Sedang),8-15% (Landai),Sedang,Kokap
1961,Permukiman,"0,62 - 1.44 km/km2",Fluvisol,250 - 500 m (Jauh),1000 - 2000 mm/th (Sedang),15-25% (Agak Curam),Sedang,Kokap
1962,Permukiman,"0,62 - 1.44 km/km2",Fluvisol,250 - 500 m (Jauh),1000 - 2000 mm/th (Sedang),25-40% (Curam),Sedang,Kokap
1963,Permukiman,"0,62 - 1.44 km/km2",Fluvisol,250 - 500 m (Jauh),500 - 1000 mm/th (Agak Rendah),0-8% (Datar),Sedang,Galur
1964,Permukiman,"0,62 - 1.44 km/km2",Fluvisol,250 - 500 m (Jauh),500 - 1000 mm/th (Agak Rendah),8-15% (Landai),Sedang,Galur
1965,Permukiman,"0,62 - 1.44 km/km2",Fluvisol,250 - 500 m (Jauh),500 - 1000 mm/th (Agak Rendah),15-25% (Agak Curam),Sedang,Galur
1966,Permukiman,"0,62 - 1.44 km/km2",Fluvisol,250 - 500 m (Jauh),500 - 1000 mm/th (Agak Rendah),25-40% (Curam),Sedang,Galur
1967,Permukiman,"0,62 - 1.44 km/km2",Fluvisol,250 - 500 m (Jauh),500 - 1000 mm/th (Agak Rendah),>40% (Sangat Curam),Sedang,Lendah
1968,Permukiman,"0,62 - 1.44 km/km2",Nitosol,>500 m (Sangat Jauh),1000 - 2000 mm/th (Sedang),0-8% (Datar),Sedang,Girimulyo
1969,Permukiman,"0,62 - 1.44 km/km2",Nitosol,>500 m (Sangat Jauh),1000 - 2000 mm/th (Sedang),8-15% (Landai),Sedang,Girimulyo
1970,Permukiman,"0,62 - 1.44 km/km2",Nitosol,>500 m (Sangat Jauh),1000 - 2000 mm/th (Sedang),15-25% (Agak Curam),Sedang,Girimulyo
1971,Permukiman,"0,62 - 1.44 km/km2",Nitosol,>500 m (Sangat Jauh),1000 - 2000 mm/th (Sedang),25-40% (Curam),Sedang,Girimulyo
1972,Permukiman,"0,62 - 1.44 km/km2",Nitosol,>500 m (Sangat Jauh),1000 - 2000 mm/th (Sedang),>40% (Sangat Curam),Sedang,Girimulyo
1973,Permukiman,"0,62 - 1.44 km/km2",Nitosol,0 - 50 m (Sangat Dekat),1000 - 2000 mm/th (Sedang),0-8% (Datar),Tinggi,Kokap
1974,Permukiman,"0,62 - 1.44 km/km2",Nitosol,0 - 50 m (Sangat Dekat),1000 - 2000 mm/th (Sedang),8-15% (Landai),Tinggi,Girimulyo
1975,Permukiman,"0,62 - 1.44 km/km2",Nitosol,0 - 50 m (Sangat Dekat),1000 - 2000 mm/th (Sedang),15-25% (Agak Curam),Tinggi,Girimulyo
1976,Permukiman,"0,62 - 1.44 km/km2",Nitosol,0 - 50 m (Sangat Dekat),1000 - 2000 mm/th (Sedang),25-40% (Curam),Tinggi,Girimulyo
1977,Permukiman,"0,62 - 1.44 km/km2",Nitosol,50 - 100 m (Dekat),1000 - 2000 mm/th (Sedang),0-8% (Datar),Tinggi,Girimulyo
1978,Permukiman,"0,62 - 1.44 km/km2",Nitosol,50 - 100 m (Dekat),1000 - 2000 mm/th (Sedang),8-15% (Landai),Tinggi,Girimulyo
1979,Permukiman,"0,62 - 1.44 km/km2",Nitosol,50 - 100 m (Dekat),1000 - 2000 mm/th (Sedang),15-25% (Agak Curam),Tinggi,Girimulyo
1980,Permukiman,"0,62 - 1.44 km/km2",Nitosol,50 - 100 m (Dekat),1000 - 2000 mm/th (Sedang),25-40% (Curam),Tinggi,Girimulyo
1981,Permukiman,"0,62 - 1.44 km/km2",Nitosol,100 - 250 m (Sedang),1000 - 2000 mm/th (Sedang),0-8% (Datar),Tinggi,Girimulyo
1982,Permukiman,"0,62 - 1.44 km/km2",Nitosol,100 - 250 m (Sedang),1000 - 2000 mm/th (Sedang),8-15% (Landai),Tinggi,Girimulyo
1983,Permukiman,"0,62 - 1.44 km/km2",Nitosol,100 - 250 m (Sedang),1000 - 2000 mm/th (Sedang),15-25% (Agak Curam),Sedang,Girimulyo
1984,Permukiman,"0,62 - 1.44 km/km2",Nitosol,100 - 250 m (Sedang),1000 - 2000 mm/th (Sedang),25-40% (Curam),Sedang,Girimulyo
1985,Permukiman,"0,62 - 1.44 km/km2",Nitosol,100 - 250 m (Sedang),1000 - 2000 mm/th (Sedang),>40% (Sangat Curam),Sedang,Girimulyo
1986,Permukiman,"0,62 - 1.44 km/km2",Nitosol,250 - 500 m (Jauh),1000 - 2000 mm/th (Sedang),0-8% (Datar),Sedang,Girimulyo
1987,Permukiman,"0,62 - 1.44 km/km2",Nitosol,250 - 500 m (Jauh),1000 - 2000 mm/th (Sedang),8-15% (Landai),Sedang,Girimulyo
1988,Permukiman,"0,62 - 1.44 km/km2",Nitosol,250 - 500 m (Jauh),1000 - 2000 mm/th (Sedang),15-25% (Agak Curam),Sedang,Girimulyo
1989,Permukiman,"0,62 - 1.44 km/km2",Nitosol,250 - 500 m (Jauh),1000 - 2000 mm/th (Sedang),25-40% (Curam),Sedang,Girimulyo
1990,Permukiman,"0,62 - 1.44 km/km2",Nitosol,250 - 500 m (Jauh),1000 - 2000 mm/th (Sedang),>40% (Sangat Curam),Sedang,Girimulyo
1991,Permukiman,"0,62 - 1.44 km/km2",Vertisol,>500 m (Sangat Jauh),500 - 1000 mm/th (Agak Rendah),0-8% (Datar),Sedang,Karangmojo
1992,Permukiman,"0,62 - 1.44 km/km2",Vertisol,>500 m (Sangat Jauh),500 - 1000 mm/th (Agak Rendah),8-15% (Landai),Sedang,Karangmojo
1993,Permukiman,"0,62 - 1.44 km/km2",Vertisol,>500 m (Sangat Jauh),500 - 1000 mm/th (Agak Rendah),15-25% (Agak Curam),Sedang,Karangmojo
1994,Permukiman,"0,62 - 1.44 km/km2",Vertisol,>500 m (Sangat Jauh),500 - 1000 mm/th (Agak Rendah),25-40% (Curam),Sedang,Ponjong
1995,Permukiman,"0,62 - 1.44 km/km2",Vertisol,0 - 50 m (Sangat Dekat),500 - 1000 mm/th (Agak Rendah),0-8% (Datar),Tinggi,Karangmojo
1996,Permukiman,"0,62 - 1.44 km/km2",Vertisol,0 - 50 m (Sangat Dekat),500 - 1000 mm/th (Agak Rendah),8-15% (Landai),Tinggi,Karangmojo
1997,Permukiman,"0,62 - 1.44 km/km2",Vertisol,0 - 50 m (Sangat Dekat),500 - 1000 mm/th (Agak Rendah),15-25% (Agak Curam),Tinggi,Karangmojo
1998,Permukiman,"0,62 - 1.44 km/km2",Vertisol,0 - 50 m (Sangat Dekat),500 - 1000 mm/th (Agak Rendah),25-40% (Curam),Tinggi,Ponjong
1999,Permukiman,"0,62 - 1.44 km/km2",Vertisol,0 - 50 m (Sangat Dekat),500 - 1000 mm/th (Agak Rendah),>40% (Sangat Curam),Tinggi,Wonosari
2000,Permukiman,"0,62 - 1.44 km/km2",Vertisol,50 - 100 m (Dekat),500 - 1000 mm/th (Agak Rendah),0-8% (Datar),Tinggi,Karangmojo
2001,Permukiman,"0,62 - 1.44 km/km2",Vertisol,50 - 100 m (Dekat),500 - 1000 mm/th (Agak Rendah),8-15% (Landai),Sedang,Karangmojo
2002,Permukiman,"0,62 - 1.44 km/km2",Vertisol,50 - 100 m (Dekat),500 - 1000 mm/th (Agak Rendah),15-25% (Agak Curam),Sedang,Karangmojo
2003,Permukiman,"0,62 - 1.44 km/km2",Vertisol,50 - 100 m (Dekat),500 - 1000 mm/th (Agak Rendah),25-40% (Curam),Sedang,Ponjong
2004,Permukiman,"0,62 - 1.44 km/km2",Vertisol,50 - 100 m (Dekat),500 - 1000 mm/th (Agak Rendah),>40% (Sangat Curam),Sedang,Wonosari
2005,Permukiman,"0,62 - 1.44 km/km2",Vertisol,100 - 250 m (Sedang),500 - 1000 mm/th (Agak Rendah),0-8% (Datar),Sedang,Karangmojo
2006,Permukiman,"0,62 - 1.44 km/km2",Vertisol,100 - 250 m (Sedang),500 - 1000 mm/th (Agak Rendah),8-15% (Landai),Sedang,Karangmojo
2007,Permukiman,"0,62 - 1.44 km/km2",Vertisol,100 - 250 m (Sedang),500 - 1000 mm/th (Agak Rendah),15-25% (Agak Curam),Sedang,Karangmojo
2008,Permukiman,"0,62 - 1.44 km/km2",Vertisol,100 - 250 m (Sedang),500 - 1000 mm/th (Agak Rendah),25-40% (Curam),Sedang,Ponjong
2009,Permukiman,"0,62 - 1.44 km/km2",Vertisol,250 - 500 m (Jauh),500 - 1000 mm/th (Agak Rendah),0-8% (Datar),Sedang,Karangmojo
2010,Permukiman,"0,62 - 1.44 km/km2",Vertisol,250 - 500 m (Jauh),500 - 1000 mm/th (Agak Rendah),8-15% (Landai),Sedang,Karangmojo
2011,Permukiman,"0,62 - 1.44 km/km2",Vertisol,250 - 500 m (Jauh),500 - 1000 mm/th (Agak Rendah),15-25% (Agak Curam),Sedang,Karangmojo
2012,Permukiman,"0,62 - 1.44 km/km2",Vertisol,250 - 500 m (Jauh),500 - 1000 mm/th (Agak Rendah),25-40% (Curam),Sedang,Ponjong
2013,Permukiman,"1,44 - 2,27 km/km2",Luvisol,>500 m (Sangat Jauh),500 - 1000 mm/th (Agak Rendah),0-8% (Datar),Sedang,Gedangsari
2014,Permukiman,"1,44 - 2,27 km/km2",Luvisol,>500 m (Sangat Jauh),500 - 1000 mm/th (Agak Rendah),8-15% (Landai),Rendah,Gedangsari
2015,Permukiman,"1,44 - 2,27 km/km2",Luvisol,>500 m (Sangat Jauh),500 - 1000 mm/th (Agak Rendah),15-25% (Agak Curam),Rendah,Gedangsari
2016,Permukiman,"1,44 - 2,27 km/km2",Luvisol,>500 m (Sangat Jauh),500 - 1000 mm/th (Agak Rendah),25-40% (Curam),Rendah,Gedangsari
2017,Permukiman,"1,44 - 2,27 km/km2",Luvisol,>500 m (Sangat Jauh),500 - 1000 mm/th (Agak Rendah),>40% (Sangat Curam),Rendah,Gedangsari
2018,Permukiman,"1,44 - 2,27 km/km2",Luvisol,0 - 50 m (Sangat Dekat),1000 - 2000 mm/th (Sedang),0-8% (Datar),Tinggi,Tempel
2019,Permukiman,"1,44 - 2,27 km/km2",Luvisol,0 - 50 m (Sangat Dekat),1000 - 2000 mm/th (Sedang),8-15% (Landai),Tinggi,Tempel
2020,Permukiman,"1,44 - 2,27 km/km2",Luvisol,0 - 50 m (Sangat Dekat),1000 - 2000 mm/th (Sedang),15-25% (Agak Curam),Tinggi,Tempel
2021,Permukiman,"1,44 - 2,27 km/km2",Luvisol,0 - 50 m (Sangat Dekat),500 - 1000 mm/th (Agak Rendah),0-8% (Datar),Tinggi,Gedangsari
2022,Permukiman,"1,44 - 2,27 km/km2",Luvisol,0 - 50 m (Sangat Dekat),500 - 1000 mm/th (Agak Rendah),8-15% (Landai),Tinggi,Gedangsari
2023,Permukiman,"1,44 - 2,27 km/km2",Luvisol,0 - 50 m (Sangat Dekat),500 - 1000 mm/th (Agak Rendah),15-25% (Agak Curam),Sedang,Gedangsari
2024,Permukiman,"1,44 - 2,27 km/km2",Luvisol,0 - 50 m (Sangat Dekat),500 - 1000 mm/th (Agak Rendah),25-40% (Curam),Sedang,Gedangsari
2025,Permukiman,"1,44 - 2,27 km/km2",Luvisol,0 - 50 m (Sangat Dekat),500 - 1000 mm/th (Agak Rendah),>40% (Sangat Curam),Sedang,Gedangsari
2026,Permukiman,"1,44 - 2,27 km/km2",Luvisol,50 - 100 m (Dekat),1000 - 2000 mm/th (Sedang),0-8% (Datar),Tinggi,Tempel
2027,Permukiman,"1,44 - 2,27 km/km2",Luvisol,50 - 100 m (Dekat),1000 - 2000 mm/th (Sedang),8-15% (Landai),Tinggi,Tempel
2028,Permukiman,"1,44 - 2,27 km/km2",Luvisol,50 - 100 m (Dekat),1000 - 2000 mm/th (Sedang),15-25% (Agak Curam),Tinggi,Tempel
2029,Permukiman,"1,44 - 2,27 km/km2",Luvisol,50 - 100 m (Dekat),500 - 1000 mm/th (Agak Rendah),0-8% (Datar),Sedang,Gedangsari
2030,Permukiman,"1,44 - 2,27 km/km2",Luvisol,50 - 100 m (Dekat),500 - 1000 mm/th (Agak Rendah),8-15% (Landai),Sedang,Gedangsari
2031,Permukiman,"1,44 - 2,27 km/km2",Luvisol,50 - 100 m (Dekat),500 - 1000 mm/th (Agak Rendah),15-25% (Agak Curam),Sedang,Gedangsari
2032,Permukiman,"1,44 - 2,27 km/km2",Luvisol,50 - 100 m (Dekat),500 - 1000 mm/th (Agak Rendah),25-40% (Curam),Sedang,Gedangsari
2033,Permukiman,"1,44 - 2,27 km/km2",Luvisol,50 - 100 m (Dekat),500 - 1000 mm/th (Agak Rendah),>40% (Sangat Curam),Sedang,Gedangsari
2034,Permukiman,"1,44 - 2,27 km/km2",Luvisol,100 - 250 m (Sedang),1000 - 2000 mm/th (Sedang),0-8% (Datar),Sedang,Tempel
2035,Permukiman,"1,44 - 2,27 km/km2",Luvisol,100 - 250 m (Sedang),1000 - 2000 mm/th (Sedang),8-15% (Landai),Sedang,Tempel
2036,Permukiman,"1,44 - 2,27 km/km2",Luvisol,100 - 250 m (Sedang),1000 - 2000 mm/th (Sedang),15-25% (Agak Curam),Sedang,Tempel
2037,Permukiman,"1,44 - 2,27 km/km2",Luvisol,100 - 250 m (Sedang),500 - 1000 mm/th (Agak Rendah),0-8% (Datar),Sedang,Gedangsari
2038,Permukiman,"1,44 - 2,27 km/km2",Luvisol,100 - 250 m (Sedang),500 - 1000 mm/th (Agak Rendah),8-15% (Landai),Sedang,Gedangsari
2039,Permukiman,"1,44 - 2,27 km/km2",Luvisol,100 - 250 m (Sedang),500 - 1000 mm/th (Agak Rendah),15-25% (Agak Curam),Sedang,Gedangsari
2040,Permukiman,"1,44 - 2,27 km/km2",Luvisol,100 - 250 m (Sedang),500 - 1000 mm/th (Agak Rendah),25-40% (Curam),Sedang,Gedangsari
2041,Permukiman,"1,44 - 2,27 km/km2",Luvisol,100 - 250 m (Sedang),500 - 1000 mm/th (Agak Rendah),>40% (Sangat Curam),Sedang,Gedangsari
2042,Permukiman,"1,44 - 2,27 km/km2",Luvisol,250 - 500 m (Jauh),500 - 1000 mm/th (Agak Rendah),0-8% (Datar),Sedang,Gedangsari
2043,Permukiman,"1,44 - 2,27 km/km2",Luvisol,250 - 500 m (Jauh),500 - 1000 mm/th (Agak Rendah),8-15% (Landai),Sedang,Gedangsari
2044,Permukiman,"1,44 - 2,27 km/km2",Luvisol,250 - 500 m (Jauh),500 - 1000 mm/th (Agak Rendah),15-25% (Agak Curam),Sedang,Gedangsari
2045,Permukiman,"1,44 - 2,27 km/km2",Luvisol,250 - 500 m (Jauh),500 - 1000 mm/th (Agak Rendah),25-40% (Curam),Sedang,Gedangsari
2046,Permukiman,"1,44 - 2,27 km/km2",Luvisol,250 - 500 m (Jauh),500 - 1000 mm/th (Agak Rendah),>40% (Sangat Curam),Sedang,Gedangsari
2047,Permukiman,"1,44 - 2,27 km/km2",Litosol,>500 m (Sangat Jauh),1000 - 2000 mm/th (Sedang),0-8% (Datar),Sedang,Girimulyo
2048,Permukiman,"1,44 - 2,27 km/km2",Litosol,>500 m (Sangat Jauh),1000 - 2000 mm/th (Sedang),8-15% (Landai),Sedang,Girimulyo
2049,Permukiman,"1,44 - 2,27 km/km2",Litosol,>500 m (Sangat Jauh),1000 - 2000 mm/th (Sedang),15-25% (Agak Curam),Sedang,Girimulyo
2050,Permukiman,"1,44 - 2,27 km/km2",Litosol,>500 m (Sangat Jauh),1000 - 2000 mm/th (Sedang),25-40% (Curam),Sedang,Girimulyo
2051,Permukiman,"1,44 - 2,27 km/km2",Litosol,>500 m (Sangat Jauh),1000 - 2000 mm/th (Sedang),>40% (Sangat Curam),Sedang,Girimulyo
2052,Permukiman,"1,44 - 2,27 km/km2",Litosol,>500 m (Sangat Jauh),500 - 1000 mm/th (Agak Rendah),0-8% (Datar),Rendah,Dlingo
2053,Permukiman,"1,44 - 2,27 km/km2",Litosol,>500 m (Sangat Jauh),500 - 1000 mm/th (Agak Rendah),8-15% (Landai),Rendah,Dlingo
2054,Permukiman,"1,44 - 2,27 km/km2",Litosol,>500 m (Sangat Jauh),500 - 1000 mm/th (Agak Rendah),15-25% (Agak Curam),Rendah,Dlingo
2055,Permukiman,"1,44 - 2,27 km/km2",Litosol,>500 m (Sangat Jauh),500 - 1000 mm/th (Agak Rendah),25-40% (Curam),Rendah,Dlingo
2056,Permukiman,"1,44 - 2,27 km/km2",Litosol,>500 m (Sangat Jauh),500 - 1000 mm/th (Agak Rendah),>40% (Sangat Curam),Rendah,Dlingo
2057,Permukiman,"1,44 - 2,27 km/km2",Litosol,0 - 50 m (Sangat Dekat),1000 - 2000 mm/th (Sedang),0-8% (Datar),Tinggi,Sentolo
2058,Permukiman,"1,44 - 2,27 km/km2",Litosol,0 - 50 m (Sangat Dekat),1000 - 2000 mm/th (Sedang),8-15% (Landai),Tinggi,Sentolo
2059,Permukiman,"1,44 - 2,27 km/km2",Litosol,0 - 50 m (Sangat Dekat),1000 - 2000 mm/th (Sedang),15-25% (Agak Curam),Tinggi,Sentolo
2060,Permukiman,"1,44 - 2,27 km/km2",Litosol,0 - 50 m (Sangat Dekat),1000 - 2000 mm/th (Sedang),>40% (Sangat Curam),Tinggi,Kalibawang
2061,Permukiman,"1,44 - 2,27 km/km2",Litosol,0 - 50 m (Sangat Dekat),500 - 1000 mm/th (Agak Rendah),0-8% (Datar),Tinggi,Dlingo
2062,Permukiman,"1,44 - 2,27 km/km2",Litosol,0 - 50 m (Sangat Dekat),500 - 1000 mm/th (Agak Rendah),8-15% (Landai),Sedang,Dlingo
2063,Permukiman,"1,44 - 2,27 km/km2",Litosol,0 - 50 m (Sangat Dekat),500 - 1000 mm/th (Agak Rendah),15-25% (Agak Curam),Sedang,Dlingo
2064,Permukiman,"1,44 - 2,27 km/km2",Litosol,0 - 50 m (Sangat Dekat),500 - 1000 mm/th (Agak Rendah),25-40% (Curam),Sedang,Dlingo
2065,Permukiman,"1,44 - 2,27 km/km2",Litosol,0 - 50 m (Sangat Dekat),500 - 1000 mm/th (Agak Rendah),>40% (Sangat Curam),Sedang,Dlingo
2066,Permukiman,"1,44 - 2,27 km/km2",Litosol,50 - 100 m (Dekat),1000 - 2000 mm/th (Sedang),0-8% (Datar),Tinggi,Sentolo
2067,Permukiman,"1,44 - 2,27 km/km2",Litosol,50 - 100 m (Dekat),1000 - 2000 mm/th (Sedang),8-15% (Landai),Tinggi,Samigaluh
2068,Permukiman,"1,44 - 2,27 km/km2",Litosol,50 - 100 m (Dekat),1000 - 2000 mm/th (Sedang),15-25% (Agak Curam),Tinggi,Samigaluh
2069,Permukiman,"1,44 - 2,27 km/km2",Litosol,50 - 100 m (Dekat),1000 - 2000 mm/th (Sedang),25-40% (Curam),Sedang,Samigaluh
2070,Permukiman,"1,44 - 2,27 km/km2",Litosol,50 - 100 m (Dekat),1000 - 2000 mm/th (Sedang),>40% (Sangat Curam),Sedang,Kalibawang
2071,Permukiman,"1,44 - 2,27 km/km2",Litosol,50 - 100 m (Dekat),500 - 1000 mm/th (Agak Rendah),0-8% (Datar),Sedang,Dlingo
2072,Permukiman,"1,44 - 2,27 km/km2",Litosol,50 - 100 m (Dekat),500 - 1000 mm/th (Agak Rendah),8-15% (Landai),Sedang,Dlingo
2073,Permukiman,"1,44 - 2,27 km/km2",Litosol,50 - 100 m (Dekat),500 - 1000 mm/th (Agak Rendah),15-25% (Agak Curam),Sedang,Dlingo
2074,Permukiman,"1,44 - 2,27 km/km2",Litosol,50 - 100 m (Dekat),500 - 1000 mm/th (Agak Rendah),25-40% (Curam),Sedang,Dlingo
2075,Permukiman,"1,44 - 2,27 km/km2",Litosol,50 - 100 m (Dekat),500 - 1000 mm/th (Agak Rendah),>40% (Sangat Curam),Sedang,Dlingo
2076,Permukiman,"1,44 - 2,27 km/km2",Litosol,100 - 250 m (Sedang),1000 - 2000 mm/th (Sedang),0-8% (Datar),Sedang,Samigaluh
2077,Permukiman,"1,44 - 2,27 km/km2",Litosol,100 - 250 m (Sedang),1000 - 2000 mm/th (Sedang),8-15% (Landai),Sedang,Girimulyo
2078,Permukiman,"1,44 - 2,27 km/km2",Litosol,100 - 250 m (Sedang),1000 - 2000 mm/th (Sedang),15-25% (Agak Curam),Sedang,Girimulyo
2079,Permukiman,"1,44 - 2,27 km/km2",Litosol,100 - 250 m (Sedang),1000 - 2000 mm/th (Sedang),25-40% (Curam),Sedang,Kalibawang
2080,Permukiman,"1,44 - 2,27 km/km2",Litosol,100 - 250 m (Sedang),1000 - 2000 mm/th (Sedang),>40% (Sangat Curam),Sedang,Kalibawang
2081,Permukiman,"1,44 - 2,27 km/km2",Litosol,100 - 250 m (Sedang),500 - 1000 mm/th (Agak Rendah),0-8% (Datar),Sedang,Dlingo
2082,Permukiman,"1,44 - 2,27 km/km2",Litosol,100 - 250 m (Sedang),500 - 1000 mm/th (Agak Rendah),8-15% (Landai),Sedang,Dlingo
2083,Permukiman,"1,44 - 2,27 km/km2",Litosol,100 - 250 m (Sedang),500 - 1000 mm/th (Agak Rendah),15-25% (Agak Curam),Sedang,Dlingo
2084,Permukiman,"1,44 - 2,27 km/km2",Litosol,100 - 250 m (Sedang),500 - 1000 mm/th (Agak Rendah),25-40% (Curam),Sedang,Dlingo
2085,Permukiman,"1,44 - 2,27 km/km2",Litosol,100 - 250 m (Sedang),500 - 1000 mm/th (Agak Rendah),>40% (Sangat Curam),Sedang,Dlingo
2086,Permukiman,"1,44 - 2,27 km/km2",Litosol,250 - 500 m (Jauh),1000 - 2000 mm/th (Sedang),0-8% (Datar),Sedang,Girimulyo
2087,Permukiman,"1,44 - 2,27 km/km2",Litosol,250 - 500 m (Jauh),1000 - 2000 mm/th (Sedang),8-15% (Landai),Sedang,Girimulyo
2088,Permukiman,"1,44 - 2,27 km/km2",Litosol,250 - 500 m (Jauh),1000 - 2000 mm/th (Sedang),15-25% (Agak Curam),Sedang,Girimulyo
2089,Permukiman,"1,44 - 2,27 km/km2",Litosol,250 - 500 m (Jauh),1000 - 2000 mm/th (Sedang),25-40% (Curam),Sedang,Girimulyo
2090,Permukiman,"1,44 - 2,27 km/km2",Litosol,250 - 500 m (Jauh),500 - 1000 mm/th (Agak Rendah),0-8% (Datar),Sedang,Dlingo
2091,Permukiman,"1,44 - 2,27 km/km2",Litosol,250 - 500 m (Jauh),500 - 1000 mm/th (Agak Rendah),8-15% (Landai),Sedang,Dlingo
2092,Permukiman,"1,44 - 2,27 km/km2",Litosol,250 - 500 m (Jauh),500 - 1000 mm/th (Agak Rendah),15-25% (Agak Curam),Sedang,Dlingo
2093,Permukiman,"1,44 - 2,27 km/km2",Litosol,250 - 500 m (Jauh),500 - 1000 mm/th (Agak Rendah),25-40% (Curam),Sedang,Dlingo
2094,Permukiman,"1,44 - 2,27 km/km2",Litosol,250 - 500 m (Jauh),500 - 1000 mm/th (Agak Rendah),>40% (Sangat Curam),Rendah,Dlingo
2095,Permukiman,"1,44 - 2,27 km/km2",Gleisol,>500 m (Sangat Jauh),1000 - 2000 mm/th (Sedang),0-8% (Datar),Sedang,Tempel
2096,Permukiman,"1,44 - 2,27 km/km2",Gleisol,>500 m (Sangat Jauh),1000 - 2000 mm/th (Sedang),8-15% (Landai),Sedang,Tempel
2097,Permukiman,"1,44 - 2,27 km/km2",Gleisol,>500 m (Sangat Jauh),500 - 1000 mm/th (Agak Rendah),0-8% (Datar),Sedang,Danurejan
2098,Permukiman,"1,44 - 2,27 km/km2",Gleisol,>500 m (Sangat Jauh),500 - 1000 mm/th (Agak Rendah),8-15% (Landai),Sedang,Depok
2099,Permukiman,"1,44 - 2,27 km/km2",Gleisol,>500 m (Sangat Jauh),500 - 1000 mm/th (Agak Rendah),15-25% (Agak Curam),Sedang,Gondokusuman
2100,Permukiman,"1,44 - 2,27 km/km2",Gleisol,>500 m (Sangat Jauh),500 - 1000 mm/th (Agak Rendah),25-40% (Curam),Rendah,Imogiri
2101,Permukiman,"1,44 - 2,27 km/km2",Gleisol,>500 m (Sangat Jauh),500 - 1000 mm/th (Agak Rendah),>40% (Sangat Curam),Rendah,Imogiri
2102,Permukiman,"1,44 - 2,27 km/km2",Gleisol,0 - 50 m (Sangat Dekat),1000 - 2000 mm/th (Sedang),0-8% (Datar),Tinggi,Cangkringan
2103,Permukiman,"1,44 - 2,27 km/km2",Gleisol,0 - 50 m (Sangat Dekat),1000 - 2000 mm/th (Sedang),8-15% (Landai),Tinggi,Cangkringan
2104,Permukiman,"1,44 - 2,27 km/km2",Gleisol,0 - 50 m (Sangat Dekat),1000 - 2000 mm/th (Sedang),15-25% (Agak Curam),Tinggi,Cangkringan
2105,Permukiman,"1,44 - 2,27 km/km2",Gleisol,0 - 50 m (Sangat Dekat),1000 - 2000 mm/th (Sedang),25-40% (Curam),Tinggi,Cangkringan
2106,Permukiman,"1,44 - 2,27 km/km2",Gleisol,0 - 50 m (Sangat Dekat),500 - 1000 mm/th (Agak Rendah),0-8% (Datar),Tinggi,Banguntapan
2107,Permukiman,"1,44 - 2,27 km/km2",Gleisol,0 - 50 m (Sangat Dekat),500 - 1000 mm/th (Agak Rendah),8-15% (Landai),Tinggi,Banguntapan
2108,Permukiman,"1,44 - 2,27 km/km2",Gleisol,0 - 50 m (Sangat Dekat),500 - 1000 mm/th (Agak Rendah),15-25% (Agak Curam),Tinggi,Banguntapan
2109,Permukiman,"1,44 - 2,27 km/km2",Gleisol,0 - 50 m (Sangat Dekat),500 - 1000 mm/th (Agak Rendah),25-40% (Curam),Tinggi,Dlingo
2110,Permukiman,"1,44 - 2,27 km/km2",Gleisol,0 - 50 m (Sangat Dekat),500 - 1000 mm/th (Agak Rendah),>40% (Sangat Curam),Sedang,Imogiri
2111,Permukiman,"1,44 - 2,27 km/km2",Gleisol,50 - 100 m (Dekat),1000 - 2000 mm/th (Sedang),0-8% (Datar),Tinggi,Cangkringan
2112,Permukiman,"1,44 - 2,27 km/km2",Gleisol,50 - 100 m (Dekat),1000 - 2000 mm/th (Sedang),8-15% (Landai),Tinggi,Cangkringan
2113,Permukiman,"1,44 - 2,27 km/km2",Gleisol,50 - 100 m (Dekat),1000 - 2000 mm/th (Sedang),15-25% (Agak Curam),Tinggi,Cangkringan
2114,Permukiman,"1,44 - 2,27 km/km2",Gleisol,50 - 100 m (Dekat),1000 - 2000 mm/th (Sedang),25-40% (Curam),Tinggi,Cangkringan
2115,Permukiman,"1,44 - 2,27 km/km2",Gleisol,50 - 100 m (Dekat),500 - 1000 mm/th (Agak Rendah),0-8% (Datar),Sedang,Banguntapan
2116,Permukiman,"1,44 - 2,27 km/km2",Gleisol,50 - 100 m (Dekat),500 - 1000 mm/th (Agak Rendah),8-15% (Landai),Sedang,Banguntapan
2117,Permukiman,"1,44 - 2,27 km/km2",Gleisol,50 - 100 m (Dekat),500 - 1000 mm/th (Agak Rendah),15-25% (Agak Curam),Sedang,Banguntapan
2118,Permukiman,"1,44 - 2,27 km/km2",Gleisol,50 - 100 m (Dekat),500 - 1000 mm/th (Agak Rendah),25-40% (Curam),Sedang,Dlingo
2119,Permukiman,"1,44 - 2,27 km/km2",Gleisol,50 - 100 m (Dekat),500 - 1000 mm/th (Agak Rendah),>40% (Sangat Curam),Sedang,Imogiri
2120,Permukiman,"1,44 - 2,27 km/km2",Gleisol,100 - 250 m (Sedang),1000 - 2000 mm/th (Sedang),0-8% (Datar),Tinggi,Cangkringan
2121,Permukiman,"1,44 - 2,27 km/km2",Gleisol,100 - 250 m (Sedang),1000 - 2000 mm/th (Sedang),8-15% (Landai),Tinggi,Cangkringan
2122,Permukiman,"1,44 - 2,27 km/km2",Gleisol,100 - 250 m (Sedang),1000 - 2000 mm/th (Sedang),15-25% (Agak Curam),Sedang,Cangkringan
2123,Permukiman,"1,44 - 2,27 km/km2",Gleisol,100 - 250 m (Sedang),1000 - 2000 mm/th (Sedang),25-40% (Curam),Sedang,Tempel
2124,Permukiman,"1,44 - 2,27 km/km2",Gleisol,100 - 250 m (Sedang),500 - 1000 mm/th (Agak Rendah),0-8% (Datar),Sedang,Banguntapan
2125,Permukiman,"1,44 - 2,27 km/km2",Gleisol,100 - 250 m (Sedang),500 - 1000 mm/th (Agak Rendah),8-15% (Landai),Sedang,Banguntapan
2126,Permukiman,"1,44 - 2,27 km/km2",Gleisol,100 - 250 m (Sedang),500 - 1000 mm/th (Agak Rendah),15-25% (Agak Curam),Sedang,Danurejan
2127,Permukiman,"1,44 - 2,27 km/km2",Gleisol,100 - 250 m (Sedang),500 - 1000 mm/th (Agak Rendah),25-40% (Curam),Sedang,Dlingo
2128,Permukiman,"1,44 - 2,27 km/km2",Gleisol,100 - 250 m (Sedang),500 - 1000 mm/th (Agak Rendah),>40% (Sangat Curam),Sedang,Imogiri
2129,Permukiman,"1,44 - 2,27 km/km2",Gleisol,250 - 500 m (Jauh),1000 - 2000 mm/th (Sedang),0-8% (Datar),Sedang,Cangkringan
2130,Permukiman,"1,44 - 2,27 km/km2",Gleisol,250 - 500 m (Jauh),1000 - 2000 mm/th (Sedang),8-15% (Landai),Sedang,Cangkringan
2131,Permukiman,"1,44 - 2,27 km/km2",Gleisol,250 - 500 m (Jauh),500 - 1000 mm/th (Agak Rendah),0-8% (Datar),Sedang,Banguntapan
2132,Permukiman,"1,44 - 2,27 km/km2",Gleisol,250 - 500 m (Jauh),500 - 1000 mm/th (Agak Rendah),8-15% (Landai),Sedang,Depok
2133,Permukiman,"1,44 - 2,27 km/km2",Gleisol,250 - 500 m (Jauh),500 - 1000 mm/th (Agak Rendah),15-25% (Agak Curam),Sedang,Gondokusuman
2134,Permukiman,"1,44 - 2,27 km/km2",Gleisol,250 - 500 m (Jauh),500 - 1000 mm/th (Agak Rendah),25-40% (Curam),Sedang,Imogiri
2135,Permukiman,"1,44 - 2,27 km/km2",Gleisol,250 - 500 m (Jauh),500 - 1000 mm/th (Agak Rendah),>40% (Sangat Curam),Sedang,Imogiri
2136,Permukiman,"1,44 - 2,27 km/km2",Fluvisol,>500 m (Sangat Jauh),1000 - 2000 mm/th (Sedang),0-8% (Datar),Sedang,Kokap
2137,Permukiman,"1,44 - 2,27 km/km2",Fluvisol,>500 m (Sangat Jauh),1000 - 2000 mm/th (Sedang),8-15% (Landai),Sedang,Kokap
2138,Permukiman,"1,44 - 2,27 km/km2",Fluvisol,>500 m (Sangat Jauh),1000 - 2000 mm/th (Sedang),15-25% (Agak Curam),Sedang,Kokap
2139,Permukiman,"1,44 - 2,27 km/km2",Fluvisol,>500 m (Sangat Jauh),1000 - 2000 mm/th (Sedang),25-40% (Curam),Sedang,Kokap
2140,Permukiman,"1,44 - 2,27 km/km2",Fluvisol,>500 m (Sangat Jauh),1000 - 2000 mm/th (Sedang),>40% (Sangat Curam),Sedang,Kokap
2141,Permukiman,"1,44 - 2,27 km/km2",Fluvisol,>500 m (Sangat Jauh),500 - 1000 mm/th (Agak Rendah),0-8% (Datar),Sedang,Galur
2142,Permukiman,"1,44 - 2,27 km/km2",Fluvisol,>500 m (Sangat Jauh),500 - 1000 mm/th (Agak Rendah),8-15% (Landai),Sedang,Galur
2143,Permukiman,"1,44 - 2,27 km/km2",Fluvisol,>500 m (Sangat Jauh),500 - 1000 mm/th (Agak Rendah),15-25% (Agak Curam),Sedang,Galur
2144,Permukiman,"1,44 - 2,27 km/km2",Fluvisol,>500 m (Sangat Jauh),500 - 1000 mm/th (Agak Rendah),25-40% (Curam),Rendah,Kretek
2145,Permukiman,"1,44 - 2,27 km/km2",Fluvisol,>500 m (Sangat Jauh),500 - 1000 mm/th (Agak Rendah),>40% (Sangat Curam),Rendah,Kretek
2146,Permukiman,"1,44 - 2,27 km/km2",Fluvisol,0 - 50 m (Sangat Dekat),1000 - 2000 mm/th (Sedang),0-8% (Datar),Tinggi,Kokap
2147,Permukiman,"1,44 - 2,27 km/km2",Fluvisol,0 - 50 m (Sangat Dekat),1000 - 2000 mm/th (Sedang),8-15% (Landai),Tinggi,Kokap
2148,Permukiman,"1,44 - 2,27 km/km2",Fluvisol,0 - 50 m (Sangat Dekat),1000 - 2000 mm/th (Sedang),15-25% (Agak Curam),Tinggi,Kokap
2149,Permukiman,"1,44 - 2,27 km/km2",Fluvisol,0 - 50 m (Sangat Dekat),1000 - 2000 mm/th (Sedang),25-40% (Curam),Tinggi,Kokap
2150,Permukiman,"1,44 - 2,27 km/km2",Fluvisol,0 - 50 m (Sangat Dekat),500 - 1000 mm/th (Agak Rendah),0-8% (Datar),Tinggi,Galur
2151,Permukiman,"1,44 - 2,27 km/km2",Fluvisol,0 - 50 m (Sangat Dekat),500 - 1000 mm/th (Agak Rendah),8-15% (Landai),Tinggi,Galur
2152,Permukiman,"1,44 - 2,27 km/km2",Fluvisol,0 - 50 m (Sangat Dekat),500 - 1000 mm/th (Agak Rendah),15-25% (Agak Curam),Tinggi,Galur
2153,Permukiman,"1,44 - 2,27 km/km2",Fluvisol,0 - 50 m (Sangat Dekat),500 - 1000 mm/th (Agak Rendah),25-40% (Curam),Tinggi,Galur
2154,Permukiman,"1,44 - 2,27 km/km2",Fluvisol,50 - 100 m (Dekat),1000 - 2000 mm/th (Sedang),0-8% (Datar),Tinggi,Kokap
2155,Permukiman,"1,44 - 2,27 km/km2",Fluvisol,50 - 100 m (Dekat),1000 - 2000 mm/th (Sedang),8-15% (Landai),Tinggi,Kokap
2156,Permukiman,"1,44 - 2,27 km/km2",Fluvisol,50 - 100 m (Dekat),1000 - 2000 mm/th (Sedang),15-25% (Agak Curam),Tinggi,Kokap
2157,Permukiman,"1,44 - 2,27 km/km2",Fluvisol,50 - 100 m (Dekat),1000 - 2000 mm/th (Sedang),25-40% (Curam),Tinggi,Kokap
2158,Permukiman,"1,44 - 2,27 km/km2",Fluvisol,50 - 100 m (Dekat),500 - 1000 mm/th (Agak Rendah),0-8% (Datar),Sedang,Galur
2159,Permukiman,"1,44 - 2,27 km/km2",Fluvisol,50 - 100 m (Dekat),500 - 1000 mm/th (Agak Rendah),8-15% (Landai),Sedang,Galur
2160,Permukiman,"1,44 - 2,27 km/km2",Fluvisol,50 - 100 m (Dekat),500 - 1000 mm/th (Agak Rendah),15-25% (Agak Curam),Sedang,Galur
2161,Permukiman,"1,44 - 2,27 km/km2",Fluvisol,50 - 100 m (Dekat),500 - 1000 mm/th (Agak Rendah),25-40% (Curam),Sedang,Galur
2162,Permukiman,"1,44 - 2,27 km/km2",Fluvisol,100 - 250 m (Sedang),1000 - 2000 mm/th (Sedang),0-8% (Datar),Tinggi,Kokap
2163,Permukiman,"1,44 - 2,27 km/km2",Fluvisol,100 - 250 m (Sedang),1000 - 2000 mm/th (Sedang),8-15% (Landai),Tinggi,Kokap
2164,Permukiman,"1,44 - 2,27 km/km2",Fluvisol,100 - 250 m (Sedang),1000 - 2000 mm/th (Sedang),15-25% (Agak Curam),Sedang,Kokap
2165,Permukiman,"1,44 - 2,27 km/km2",Fluvisol,100 - 250 m (Sedang),1000 - 2000 mm/th (Sedang),25-40% (Curam),Sedang,Kokap
2166,Permukiman,"1,44 - 2,27 km/km2",Fluvisol,100 - 250 m (Sedang),1000 - 2000 mm/th (Sedang),>40% (Sangat Curam),Sedang,Kokap
2167,Permukiman,"1,44 - 2,27 km/km2",Fluvisol,100 - 250 m (Sedang),500 - 1000 mm/th (Agak Rendah),0-8% (Datar),Sedang,Galur
2168,Permukiman,"1,44 - 2,27 km/km2",Fluvisol,100 - 250 m (Sedang),500 - 1000 mm/th (Agak Rendah),8-15% (Landai),Sedang,Galur
2169,Permukiman,"1,44 - 2,27 km/km2",Fluvisol,100 - 250 m (Sedang),500 - 1000 mm/th (Agak Rendah),15-25% (Agak Curam),Sedang,Galur
2170,Permukiman,"1,44 - 2,27 km/km2",Fluvisol,100 - 250 m (Sedang),500 - 1000 mm/th (Agak Rendah),25-40% (Curam),Sedang,Lendah
2171,Permukiman,"1,44 - 2,27 km/km2",Fluvisol,250 - 500 m (Jauh),1000 - 2000 mm/th (Sedang),0-8% (Datar),Sedang,Kokap
2172,Permukiman,"1,44 - 2,27 km/km2",Fluvisol,250 - 500 m (Jauh),1000 - 2000 mm/th (Sedang),8-15% (Landai),Sedang,Kokap
2173,Permukiman,"1,44 - 2,27 km/km2",Fluvisol,250 - 500 m (Jauh),1000 - 2000 mm/th (Sedang),15-25% (Agak Curam),Sedang,Kokap
2174,Permukiman,"1,44 - 2,27 km/km2",Fluvisol,250 - 500 m (Jauh),1000 - 2000 mm/th (Sedang),25-40% (Curam),Sedang,Kokap
2175,Permukiman,"1,44 - 2,27 km/km2",Fluvisol,250 - 500 m (Jauh),1000 - 2000 mm/th (Sedang),>40% (Sangat Curam),Sedang,Kokap
2176,Permukiman,"1,44 - 2,27 km/km2",Fluvisol,250 - 500 m (Jauh),500 - 1000 mm/th (Agak Rendah),0-8% (Datar),Sedang,Galur
2177,Permukiman,"1,44 - 2,27 km/km2",Fluvisol,250 - 500 m (Jauh),500 - 1000 mm/th (Agak Rendah),8-15% (Landai),Sedang,Galur
2178,Permukiman,"1,44 - 2,27 km/km2",Fluvisol,250 - 500 m (Jauh),500 - 1000 mm/th (Agak Rendah),15-25% (Agak Curam),Sedang,Galur
2179,Permukiman,"1,44 - 2,27 km/km2",Fluvisol,250 - 500 m (Jauh),500 - 1000 mm/th (Agak Rendah),25-40% (Curam),Sedang,Lendah
2180,Permukiman,"1,44 - 2,27 km/km2",Fluvisol,250 - 500 m (Jauh),500 - 1000 mm/th (Agak Rendah),>40% (Sangat Curam),Sedang,Lendah
2181,Permukiman,"1,44 - 2,27 km/km2",Nitosol,>500 m (Sangat Jauh),1000 - 2000 mm/th (Sedang),0-8% (Datar),Sedang,Girimulyo
2182,Permukiman,"1,44 - 2,27 km/km2",Nitosol,>500 m (Sangat Jauh),1000 - 2000 mm/th (Sedang),8-15% (Landai),Sedang,Girimulyo
2183,Permukiman,"1,44 - 2,27 km/km2",Nitosol,>500 m (Sangat Jauh),1000 - 2000 mm/th (Sedang),15-25% (Agak Curam),Sedang,Girimulyo
2184,Permukiman,"1,44 - 2,27 km/km2",Nitosol,>500 m (Sangat Jauh),1000 - 2000 mm/th (Sedang),25-40% (Curam),Sedang,Girimulyo
2185,Permukiman,"1,44 - 2,27 km/km2",Nitosol,>500 m (Sangat Jauh),1000 - 2000 mm/th (Sedang),>40% (Sangat Curam),Sedang,Girimulyo
2186,Permukiman,"1,44 - 2,27 km/km2",Nitosol,0 - 50 m (Sangat Dekat),1000 - 2000 mm/th (Sedang),0-8% (Datar),Tinggi,Kokap
2187,Permukiman,"1,44 - 2,27 km/km2",Nitosol,0 - 50 m (Sangat Dekat),1000 - 2000 mm/th (Sedang),8-15% (Landai),Tinggi,Girimulyo
2188,Permukiman,"1,44 - 2,27 km/km2",Nitosol,0 - 50 m (Sangat Dekat),1000 - 2000 mm/th (Sedang),15-25% (Agak Curam),Tinggi,Girimulyo
2189,Permukiman,"1,44 - 2,27 km/km2",Nitosol,0 - 50 m (Sangat Dekat),1000 - 2000 mm/th (Sedang),25-40% (Curam),Tinggi,Girimulyo
2190,Permukiman,"1,44 - 2,27 km/km2",Nitosol,0 - 50 m (Sangat Dekat),1000 - 2000 mm/th (Sedang),>40% (Sangat Curam),Tinggi,Girimulyo
2191,Permukiman,"1,44 - 2,27 km/km2",Nitosol,0 - 50 m (Sangat Dekat),500 - 1000 mm/th (Agak Rendah),0-8% (Datar),Tinggi,Kokap
2192,Permukiman,"1,44 - 2,27 km/km2",Nitosol,0 - 50 m (Sangat Dekat),500 - 1000 mm/th (Agak Rendah),8-15% (Landai),Tinggi,Kokap
2193,Permukiman,"1,44 - 2,27 km/km2",Nitosol,0 - 50 m (Sangat Dekat),500 - 1000 mm/th (Agak Rendah),15-25% (Agak Curam),Sedang,Kokap
2194,Permukiman,"1,44 - 2,27 km/km2",Nitosol,0 - 50 m (Sangat Dekat),500 - 1000 mm/th (Agak Rendah),25-40% (Curam),Sedang,Kokap
2195,Permukiman,"1,44 - 2,27 km/km2",Nitosol,50 - 100 m (Dekat),1000 - 2000 mm/th (Sedang),0-8% (Datar),Tinggi,Kokap
2196,Permukiman,"1,44 - 2,27 km/km2",Nitosol,50 - 100 m (Dekat),1000 - 2000 mm/th (Sedang),8-15% (Landai),Tinggi,Girimulyo
2197,Permukiman,"1,44 - 2,27 km/km2",Nitosol,50 - 100 m (Dekat),1000 - 2000 mm/th (Sedang),15-25% (Agak Curam),Tinggi,Girimulyo
2198,Permukiman,"1,44 - 2,27 km/km2",Nitosol,50 - 100 m (Dekat),1000 - 2000 mm/th (Sedang),25-40% (Curam),Tinggi,Girimulyo
2199,Permukiman,"1,44 - 2,27 km/km2",Nitosol,50 - 100 m (Dekat),1000 - 2000 mm/th (Sedang),>40% (Sangat Curam),Tinggi,Girimulyo
2200,Permukiman,"1,44 - 2,27 km/km2",Nitosol,50 - 100 m (Dekat),500 - 1000 mm/th (Agak Rendah),0-8% (Datar),Sedang,Kokap
2201,Permukiman,"1,44 - 2,27 km/km2",Nitosol,50 - 100 m (Dekat),500 - 1000 mm/th (Agak Rendah),8-15% (Landai),Sedang,Kokap
2202,Permukiman,"1,44 - 2,27 km/km2",Nitosol,50 - 100 m (Dekat),500 - 1000 mm/th (Agak Rendah),15-25% (Agak Curam),Sedang,Kokap
2203,Permukiman,"1,44 - 2,27 km/km2",Nitosol,50 - 100 m (Dekat),500 - 1000 mm/th (Agak Rendah),25-40% (Curam),Sedang,Kokap
2204,Permukiman,"1,44 - 2,27 km/km2",Nitosol,100 - 250 m (Sedang),1000 - 2000 mm/th (Sedang),0-8% (Datar),Sedang,Girimulyo
2205,Permukiman,"1,44 - 2,27 km/km2",Nitosol,100 - 250 m (Sedang),1000 - 2000 mm/th (Sedang),8-15% (Landai),Sedang,Girimulyo
2206,Permukiman,"1,44 - 2,27 km/km2",Nitosol,100 - 250 m (Sedang),1000 - 2000 mm/th (Sedang),15-25% (Agak Curam),Sedang,Girimulyo
2207,Permukiman,"1,44 - 2,27 km/km2",Nitosol,100 - 250 m (Sedang),1000 - 2000 mm/th (Sedang),25-40% (Curam),Sedang,Girimulyo
2208,Permukiman,"1,44 - 2,27 km/km2",Nitosol,100 - 250 m (Sedang),1000 - 2000 mm/th (Sedang),>40% (Sangat Curam),Sedang,Girimulyo
2209,Permukiman,"1,44 - 2,27 km/km2",Nitosol,100 - 250 m (Sedang),500 - 1000 mm/th (Agak Rendah),0-8% (Datar),Sedang,Kokap
2210,Permukiman,"1,44 - 2,27 km/km2",Nitosol,100 - 250 m (Sedang),500 - 1000 mm/th (Agak Rendah),8-15% (Landai),Sedang,Kokap
2211,Permukiman,"1,44 - 2,27 km/km2",Nitosol,100 - 250 m (Sedang),500 - 1000 mm/th (Agak Rendah),15-25% (Agak Curam),Sedang,Kokap
2212,Permukiman,"1,44 - 2,27 km/km2",Nitosol,250 - 500 m (Jauh),1000 - 2000 mm/th (Sedang),0-8% (Datar),Sedang,Girimulyo
2213,Permukiman,"1,44 - 2,27 km/km2",Nitosol,250 - 500 m (Jauh),1000 - 2000 mm/th (Sedang),8-15% (Landai),Sedang,Girimulyo
2214,Permukiman,"1,44 - 2,27 km/km2",Nitosol,250 - 500 m (Jauh),1000 - 2000 mm/th (Sedang),15-25% (Agak Curam),Sedang,Girimulyo
2215,Permukiman,"1,44 - 2,27 km/km2",Nitosol,250 - 500 m (Jauh),1000 - 2000 mm/th (Sedang),25-40% (Curam),Sedang,Girimulyo
2216,Permukiman,"1,44 - 2,27 km/km2",Nitosol,250 - 500 m (Jauh),1000 - 2000 mm/th (Sedang),>40% (Sangat Curam),Sedang,Girimulyo
2217,Permukiman,"1,44 - 2,27 km/km2",Nitosol,250 - 500 m (Jauh),500 - 1000 mm/th (Agak Rendah),0-8% (Datar),Sedang,Kokap
2218,Permukiman,"1,44 - 2,27 km/km2",Nitosol,250 - 500 m (Jauh),500 - 1000 mm/th (Agak Rendah),8-15% (Landai),Sedang,Kokap
2219,Permukiman,"1,44 - 2,27 km/km2",Vertisol,>500 m (Sangat Jauh),500 - 1000 mm/th (Agak Rendah),0-8% (Datar),Sedang,Karangmojo
2220,Permukiman,"1,44 - 2,27 km/km2",Vertisol,>500 m (Sangat Jauh),500 - 1000 mm/th (Agak Rendah),8-15% (Landai),Sedang,Karangmojo
2221,Permukiman,"1,44 - 2,27 km/km2",Vertisol,>500 m (Sangat Jauh),500 - 1000 mm/th (Agak Rendah),15-25% (Agak Curam),Rendah,Karangmojo
2222,Permukiman,"1,44 - 2,27 km/km2",Vertisol,0 - 50 m (Sangat Dekat),500 - 1000 mm/th (Agak Rendah),0-8% (Datar),Tinggi,Karangmojo
2223,Permukiman,"1,44 - 2,27 km/km2",Vertisol,0 - 50 m (Sangat Dekat),500 - 1000 mm/th (Agak Rendah),8-15% (Landai),Tinggi,Karangmojo
2224,Permukiman,"1,44 - 2,27 km/km2",Vertisol,0 - 50 m (Sangat Dekat),500 - 1000 mm/th (Agak Rendah),15-25% (Agak Curam),Tinggi,Karangmojo
2225,Permukiman,"1,44 - 2,27 km/km2",Vertisol,0 - 50 m (Sangat Dekat),500 - 1000 mm/th (Agak Rendah),25-40% (Curam),Sedang,Karangmojo
2226,Permukiman,"1,44 - 2,27 km/km2",Vertisol,50 - 100 m (Dekat),500 - 1000 mm/th (Agak Rendah),0-8% (Datar),Sedang,Karangmojo
2227,Permukiman,"1,44 - 2,27 km/km2",Vertisol,50 - 100 m (Dekat),500 - 1000 mm/th (Agak Rendah),8-15% (Landai),Sedang,Gedangsari
2228,Permukiman,"1,44 - 2,27 km/km2",Vertisol,50 - 100 m (Dekat),500 - 1000 mm/th (Agak Rendah),15-25% (Agak Curam),Sedang,Karangmojo
2229,Permukiman,"1,44 - 2,27 km/km2",Vertisol,50 - 100 m (Dekat),500 - 1000 mm/th (Agak Rendah),25-40% (Curam),Sedang,Karangmojo
2230,Permukiman,"1,44 - 2,27 km/km2",Vertisol,100 - 250 m (Sedang),500 - 1000 mm/th (Agak Rendah),0-8% (Datar),Sedang,Karangmojo
2231,Permukiman,"1,44 - 2,27 km/km2",Vertisol,100 - 250 m (Sedang),500 - 1000 mm/th (Agak Rendah),8-15% (Landai),Sedang,Gedangsari
2232,Permukiman,"1,44 - 2,27 km/km2",Vertisol,100 - 250 m (Sedang),500 - 1000 mm/th (Agak Rendah),15-25% (Agak Curam),Sedang,Karangmojo
2233,Permukiman,"1,44 - 2,27 km/km2",Vertisol,100 - 250 m (Sedang),500 - 1000 mm/th (Agak Rendah),25-40% (Curam),Sedang,Karangmojo
2234,Permukiman,"1,44 - 2,27 km/km2",Vertisol,250 - 500 m (Jauh),500 - 1000 mm/th (Agak Rendah),0-8% (Datar),Sedang,Karangmojo
2235,Permukiman,"1,44 - 2,27 km/km2",Vertisol,250 - 500 m (Jauh),500 - 1000 mm/th (Agak Rendah),8-15% (Landai),Sedang,Karangmojo
2236,Permukiman,"1,44 - 2,27 km/km2",Vertisol,250 - 500 m (Jauh),500 - 1000 mm/th (Agak Rendah),15-25% (Agak Curam),Sedang,Karangmojo
2237,Permukiman,"1,44 - 2,27 km/km2",Vertisol,250 - 500 m (Jauh),500 - 1000 mm/th (Agak Rendah),25-40% (Curam),Sedang,Karangmojo
2238,Permukiman,"2,27 - 3,10 km/km2",Luvisol,>500 m (Sangat Jauh),500 - 1000 mm/th (Agak Rendah),15-25% (Agak Curam),Rendah,Gedangsari
2239,Permukiman,"2,27 - 3,10 km/km2",Luvisol,>500 m (Sangat Jauh),500 - 1000 mm/th (Agak Rendah),25-40% (Curam),Rendah,Gedangsari
2240,Permukiman,"2,27 - 3,10 km/km2",Luvisol,0 - 50 m (Sangat Dekat),1000 - 2000 mm/th (Sedang),0-8% (Datar),Tinggi,Tempel
2241,Permukiman,"2,27 - 3,10 km/km2",Luvisol,0 - 50 m (Sangat Dekat),1000 - 2000 mm/th (Sedang),8-15% (Landai),Tinggi,Tempel
2242,Permukiman,"2,27 - 3,10 km/km2",Luvisol,0 - 50 m (Sangat Dekat),1000 - 2000 mm/th (Sedang),15-25% (Agak Curam),Tinggi,Tempel
2243,Permukiman,"2,27 - 3,10 km/km2",Luvisol,0 - 50 m (Sangat Dekat),500 - 1000 mm/th (Agak Rendah),0-8% (Datar),Sedang,Gedangsari
2244,Permukiman,"2,27 - 3,10 km/km2",Luvisol,0 - 50 m (Sangat Dekat),500 - 1000 mm/th (Agak Rendah),8-15% (Landai),Sedang,Gedangsari
2245,Permukiman,"2,27 - 3,10 km/km2",Luvisol,0 - 50 m (Sangat Dekat),500 - 1000 mm/th (Agak Rendah),15-25% (Agak Curam),Sedang,Gedangsari
2246,Permukiman,"2,27 - 3,10 km/km2",Luvisol,0 - 50 m (Sangat Dekat),500 - 1000 mm/th (Agak Rendah),25-40% (Curam),Sedang,Gedangsari
2247,Permukiman,"2,27 - 3,10 km/km2",Luvisol,0 - 50 m (Sangat Dekat),500 - 1000 mm/th (Agak Rendah),>40% (Sangat Curam),Sedang,Gedangsari
2248,Permukiman,"2,27 - 3,10 km/km2",Luvisol,50 - 100 m (Dekat),1000 - 2000 mm/th (Sedang),0-8% (Datar),Tinggi,Tempel
2249,Permukiman,"2,27 - 3,10 km/km2",Luvisol,50 - 100 m (Dekat),1000 - 2000 mm/th (Sedang),8-15% (Landai),Tinggi,Tempel
2250,Permukiman,"2,27 - 3,10 km/km2",Luvisol,50 - 100 m (Dekat),1000 - 2000 mm/th (Sedang),15-25% (Agak Curam),Sedang,Tempel
2251,Permukiman,"2,27 - 3,10 km/km2",Luvisol,50 - 100 m (Dekat),500 - 1000 mm/th (Agak Rendah),0-8% (Datar),Sedang,Gedangsari
2252,Permukiman,"2,27 - 3,10 km/km2",Luvisol,50 - 100 m (Dekat),500 - 1000 mm/th (Agak Rendah),8-15% (Landai),Sedang,Gedangsari
2253,Permukiman,"2,27 - 3,10 km/km2",Luvisol,50 - 100 m (Dekat),500 - 1000 mm/th (Agak Rendah),15-25% (Agak Curam),Sedang,Gedangsari
2254,Permukiman,"2,27 - 3,10 km/km2",Luvisol,50 - 100 m (Dekat),500 - 1000 mm/th (Agak Rendah),25-40% (Curam),Sedang,Gedangsari
2255,Permukiman,"2,27 - 3,10 km/km2",Luvisol,50 - 100 m (Dekat),500 - 1000 mm/th (Agak Rendah),>40% (Sangat Curam),Sedang,Gedangsari
2256,Permukiman,"2,27 - 3,10 km/km2",Luvisol,100 - 250 m (Sedang),1000 - 2000 mm/th (Sedang),0-8% (Datar),Sedang,Tempel
2257,Permukiman,"2,27 - 3,10 km/km2",Luvisol,100 - 250 m (Sedang),1000 - 2000 mm/th (Sedang),8-15% (Landai),Sedang,Tempel
2258,Permukiman,"2,27 - 3,10 km/km2",Luvisol,100 - 250 m (Sedang),1000 - 2000 mm/th (Sedang),15-25% (Agak Curam),Sedang,Tempel
2259,Permukiman,"2,27 - 3,10 km/km2",Luvisol,100 - 250 m (Sedang),500 - 1000 mm/th (Agak Rendah),0-8% (Datar),Sedang,Gedangsari
2260,Permukiman,"2,27 - 3,10 km/km2",Luvisol,100 - 250 m (Sedang),500 - 1000 mm/th (Agak Rendah),8-15% (Landai),Sedang,Gedangsari
2261,Permukiman,"2,27 - 3,10 km/km2",Luvisol,100 - 250 m (Sedang),500 - 1000 mm/th (Agak Rendah),15-25% (Agak Curam),Sedang,Gedangsari
2262,Permukiman,"2,27 - 3,10 km/km2",Luvisol,100 - 250 m (Sedang),500 - 1000 mm/th (Agak Rendah),25-40% (Curam),Sedang,Gedangsari
2263,Permukiman,"2,27 - 3,10 km/km2",Luvisol,100 - 250 m (Sedang),500 - 1000 mm/th (Agak Rendah),>40% (Sangat Curam),Sedang,Gedangsari
2264,Permukiman,"2,27 - 3,10 km/km2",Luvisol,250 - 500 m (Jauh),1000 - 2000 mm/th (Sedang),0-8% (Datar),Sedang,Tempel
2265,Permukiman,"2,27 - 3,10 km/km2",Luvisol,250 - 500 m (Jauh),1000 - 2000 mm/th (Sedang),8-15% (Landai),Sedang,Tempel
2266,Permukiman,"2,27 - 3,10 km/km2",Luvisol,250 - 500 m (Jauh),1000 - 2000 mm/th (Sedang),15-25% (Agak Curam),Sedang,Tempel
2267,Permukiman,"2,27 - 3,10 km/km2",Luvisol,250 - 500 m (Jauh),500 - 1000 mm/th (Agak Rendah),0-8% (Datar),Sedang,Gedangsari
2268,Permukiman,"2,27 - 3,10 km/km2",Luvisol,250 - 500 m (Jauh),500 - 1000 mm/th (Agak Rendah),8-15% (Landai),Sedang,Gedangsari
2269,Permukiman,"2,27 - 3,10 km/km2",Luvisol,250 - 500 m (Jauh),500 - 1000 mm/th (Agak Rendah),15-25% (Agak Curam),Sedang,Gedangsari
2270,Permukiman,"2,27 - 3,10 km/km2",Luvisol,250 - 500 m (Jauh),500 - 1000 mm/th (Agak Rendah),25-40% (Curam),Rendah,Gedangsari
2271,Permukiman,"2,27 - 3,10 km/km2",Luvisol,250 - 500 m (Jauh),500 - 1000 mm/th (Agak Rendah),>40% (Sangat Curam),Rendah,Gedangsari
2272,Permukiman,"2,27 - 3,10 km/km2",Litosol,>500 m (Sangat Jauh),1000 - 2000 mm/th (Sedang),0-8% (Datar),Sedang,Gamping
2273,Permukiman,"2,27 - 3,10 km/km2",Litosol,>500 m (Sangat Jauh),1000 - 2000 mm/th (Sedang),8-15% (Landai),Sedang,Gamping
2274,Permukiman,"2,27 - 3,10 km/km2",Litosol,>500 m (Sangat Jauh),1000 - 2000 mm/th (Sedang),15-25% (Agak Curam),Sedang,Girimulyo
2275,Permukiman,"2,27 - 3,10 km/km2",Litosol,>500 m (Sangat Jauh),1000 - 2000 mm/th (Sedang),25-40% (Curam),Sedang,Girimulyo
2276,Permukiman,"2,27 - 3,10 km/km2",Litosol,>500 m (Sangat Jauh),1000 - 2000 mm/th (Sedang),>40% (Sangat Curam),Sedang,Girimulyo
2277,Permukiman,"2,27 - 3,10 km/km2",Litosol,>500 m (Sangat Jauh),500 - 1000 mm/th (Agak Rendah),0-8% (Datar),Rendah,Dlingo
2278,Permukiman,"2,27 - 3,10 km/km2",Litosol,>500 m (Sangat Jauh),500 - 1000 mm/th (Agak Rendah),8-15% (Landai),Rendah,Dlingo
2279,Permukiman,"2,27 - 3,10 km/km2",Litosol,>500 m (Sangat Jauh),500 - 1000 mm/th (Agak Rendah),15-25% (Agak Curam),Rendah,Dlingo
2280,Permukiman,"2,27 - 3,10 km/km2",Litosol,>500 m (Sangat Jauh),500 - 1000 mm/th (Agak Rendah),25-40% (Curam),Rendah,Gedangsari
2281,Permukiman,"2,27 - 3,10 km/km2",Litosol,>500 m (Sangat Jauh),500 - 1000 mm/th (Agak Rendah),>40% (Sangat Curam),Rendah,Pajangan
2282,Permukiman,"2,27 - 3,10 km/km2",Litosol,0 - 50 m (Sangat Dekat),1000 - 2000 mm/th (Sedang),0-8% (Datar),Tinggi,Gamping
2283,Permukiman,"2,27 - 3,10 km/km2",Litosol,0 - 50 m (Sangat Dekat),1000 - 2000 mm/th (Sedang),8-15% (Landai),Tinggi,Gamping
2284,Permukiman,"2,27 - 3,10 km/km2",Litosol,0 - 50 m (Sangat Dekat),1000 - 2000 mm/th (Sedang),15-25% (Agak Curam),Tinggi,Girimulyo
2285,Permukiman,"2,27 - 3,10 km/km2",Litosol,0 - 50 m (Sangat Dekat),1000 - 2000 mm/th (Sedang),25-40% (Curam),Tinggi,Girimulyo
2286,Permukiman,"2,27 - 3,10 km/km2",Litosol,0 - 50 m (Sangat Dekat),1000 - 2000 mm/th (Sedang),>40% (Sangat Curam),Tinggi,Kalibawang
2287,Permukiman,"2,27 - 3,10 km/km2",Litosol,0 - 50 m (Sangat Dekat),500 - 1000 mm/th (Agak Rendah),0-8% (Datar),Sedang,Dlingo
2288,Permukiman,"2,27 - 3,10 km/km2",Litosol,0 - 50 m (Sangat Dekat),500 - 1000 mm/th (Agak Rendah),8-15% (Landai),Sedang,Dlingo
2289,Permukiman,"2,27 - 3,10 km/km2",Litosol,0 - 50 m (Sangat Dekat),500 - 1000 mm/th (Agak Rendah),15-25% (Agak Curam),Sedang,Dlingo
2290,Permukiman,"2,27 - 3,10 km/km2",Litosol,0 - 50 m (Sangat Dekat),500 - 1000 mm/th (Agak Rendah),25-40% (Curam),Sedang,Dlingo
2291,Permukiman,"2,27 - 3,10 km/km2",Litosol,0 - 50 m (Sangat Dekat),500 - 1000 mm/th (Agak Rendah),>40% (Sangat Curam),Sedang,Dlingo
2292,Permukiman,"2,27 - 3,10 km/km2",Litosol,50 - 100 m (Dekat),1000 - 2000 mm/th (Sedang),0-8% (Datar),Tinggi,Gamping
2293,Permukiman,"2,27 - 3,10 km/km2",Litosol,50 - 100 m (Dekat),1000 - 2000 mm/th (Sedang),8-15% (Landai),Sedang,Gamping
2294,Permukiman,"2,27 - 3,10 km/km2",Litosol,50 - 100 m (Dekat),1000 - 2000 mm/th (Sedang),15-25% (Agak Curam),Sedang,Girimulyo
2295,Permukiman,"2,27 - 3,10 km/km2",Litosol,50 - 100 m (Dekat),1000 - 2000 mm/th (Sedang),25-40% (Curam),Sedang,Girimulyo
2296,Permukiman,"2,27 - 3,10 km/km2",Litosol,50 - 100 m (Dekat),1000 - 2000 mm/th (Sedang),>40% (Sangat Curam),Sedang,Kalibawang
2297,Permukiman,"2,27 - 3,10 km/km2",Litosol,50 - 100 m (Dekat),500 - 1000 mm/th (Agak Rendah),0-8% (Datar),Sedang,Dlingo
2298,Permukiman,"2,27 - 3,10 km/km2",Litosol,50 - 100 m (Dekat),500 - 1000 mm/th (Agak Rendah),8-15% (Landai),Sedang,Dlingo
2299,Permukiman,"2,27 - 3,10 km/km2",Litosol,50 - 100 m (Dekat),500 - 1000 mm/th (Agak Rendah),15-25% (Agak Curam),Sedang,Dlingo
2300,Permukiman,"2,27 - 3,10 km/km2",Litosol,50 - 100 m (Dekat),500 - 1000 mm/th (Agak Rendah),25-40% (Curam),Sedang,Dlingo
2301,Permukiman,"2,27 - 3,10 km/km2",Litosol,50 - 100 m (Dekat),500 - 1000 mm/th (Agak Rendah),>40% (Sangat Curam),Sedang,Dlingo
2302,Permukiman,"2,27 - 3,10 km/km2",Litosol,100 - 250 m (Sedang),1000 - 2000 mm/th (Sedang),0-8% (Datar),Sedang,Gamping
2303,Permukiman,"2,27 - 3,10 km/km2",Litosol,100 - 250 m (Sedang),1000 - 2000 mm/th (Sedang),8-15% (Landai),Sedang,Gamping
2304,Permukiman,"2,27 - 3,10 km/km2",Litosol,100 - 250 m (Sedang),1000 - 2000 mm/th (Sedang),15-25% (Agak Curam),Sedang,Girimulyo
2305,Permukiman,"2,27 - 3,10 km/km2",Litosol,100 - 250 m (Sedang),1000 - 2000 mm/th (Sedang),25-40% (Curam),Sedang,Girimulyo
2306,Permukiman,"2,27 - 3,10 km/km2",Litosol,100 - 250 m (Sedang),1000 - 2000 mm/th (Sedang),>40% (Sangat Curam),Sedang,Girimulyo
2307,Permukiman,"2,27 - 3,10 km/km2",Litosol,100 - 250 m (Sedang),500 - 1000 mm/th (Agak Rendah),0-8% (Datar),Sedang,Dlingo
2308,Permukiman,"2,27 - 3,10 km/km2",Litosol,100 - 250 m (Sedang),500 - 1000 mm/th (Agak Rendah),8-15% (Landai),Sedang,Dlingo
2309,Permukiman,"2,27 - 3,10 km/km2",Litosol,100 - 250 m (Sedang),500 - 1000 mm/th (Agak Rendah),15-25% (Agak Curam),Sedang,Dlingo
2310,Permukiman,"2,27 - 3,10 km/km2",Litosol,100 - 250 m (Sedang),500 - 1000 mm/th (Agak Rendah),25-40% (Curam),Sedang,Dlingo
2311,Permukiman,"2,27 - 3,10 km/km2",Litosol,100 - 250 m (Sedang),500 - 1000 mm/th (Agak Rendah),>40% (Sangat Curam),Sedang,Dlingo
2312,Permukiman,"2,27 - 3,10 km/km2",Litosol,250 - 500 m (Jauh),1000 - 2000 mm/th (Sedang),0-8% (Datar),Sedang,Gamping
2313,Permukiman,"2,27 - 3,10 km/km2",Litosol,250 - 500 m (Jauh),1000 - 2000 mm/th (Sedang),8-15% (Landai),Sedang,Gamping
2314,Permukiman,"2,27 - 3,10 km/km2",Litosol,250 - 500 m (Jauh),1000 - 2000 mm/th (Sedang),15-25% (Agak Curam),Sedang,Girimulyo
2315,Permukiman,"2,27 - 3,10 km/km2",Litosol,250 - 500 m (Jauh),1000 - 2000 mm/th (Sedang),25-40% (Curam),Sedang,Girimulyo
2316,Permukiman,"2,27 - 3,10 km/km2",Litosol,250 - 500 m (Jauh),1000 - 2000 mm/th (Sedang),>40% (Sangat Curam),Sedang,Girimulyo
2317,Permukiman,"2,27 - 3,10 km/km2",Litosol,250 - 500 m (Jauh),500 - 1000 mm/th (Agak Rendah),0-8% (Datar),Sedang,Dlingo
2318,Permukiman,"2,27 - 3,10 km/km2",Litosol,250 - 500 m (Jauh),500 - 1000 mm/th (Agak Rendah),8-15% (Landai),Sedang,Dlingo
2319,Permukiman,"2,27 - 3,10 km/km2",Litosol,250 - 500 m (Jauh),500 - 1000 mm/th (Agak Rendah),15-25% (Agak Curam),Rendah,Dlingo
2320,Permukiman,"2,27 - 3,10 km/km2",Litosol,250 - 500 m (Jauh),500 - 1000 mm/th (Agak Rendah),25-40% (Curam),Rendah,Dlingo
2321,Permukiman,"2,27 - 3,10 km/km2",Litosol,250 - 500 m (Jauh),500 - 1000 mm/th (Agak Rendah),>40% (Sangat Curam),Rendah,Dlingo
2322,Permukiman,"2,27 - 3,10 km/km2",Gleisol,>500 m (Sangat Jauh),1000 - 2000 mm/th (Sedang),0-8% (Datar),Sedang,Depok
2323,Permukiman,"2,27 - 3,10 km/km2",Gleisol,>500 m (Sangat Jauh),1000 - 2000 mm/th (Sedang),8-15% (Landai),Sedang,Gamping
2324,Permukiman,"2,27 - 3,10 km/km2",Gleisol,>500 m (Sangat Jauh),1000 - 2000 mm/th (Sedang),15-25% (Agak Curam),Sedang,Tempel
2325,Permukiman,"2,27 - 3,10 km/km2",Gleisol,>500 m (Sangat Jauh),500 - 1000 mm/th (Agak Rendah),0-8% (Datar),Sedang,Banguntapan
2326,Permukiman,"2,27 - 3,10 km/km2",Gleisol,>500 m (Sangat Jauh),500 - 1000 mm/th (Agak Rendah),8-15% (Landai),Sedang,Banguntapan
2327,Permukiman,"2,27 - 3,10 km/km2",Gleisol,>500 m (Sangat Jauh),500 - 1000 mm/th (Agak Rendah),15-25% (Agak Curam),Rendah,Banguntapan
2328,Permukiman,"2,27 - 3,10 km/km2",Gleisol,>500 m (Sangat Jauh),500 - 1000 mm/th (Agak Rendah),25-40% (Curam),Rendah,Berbah
2329,Permukiman,"2,27 - 3,10 km/km2",Gleisol,>500 m (Sangat Jauh),500 - 1000 mm/th (Agak Rendah),>40% (Sangat Curam),Rendah,Gedangsari
2330,Permukiman,"2,27 - 3,10 km/km2",Gleisol,0 - 50 m (Sangat Dekat),1000 - 2000 mm/th (Sedang),0-8% (Datar),Tinggi,Cangkringan
2331,Permukiman,"2,27 - 3,10 km/km2",Gleisol,0 - 50 m (Sangat Dekat),1000 - 2000 mm/th (Sedang),8-15% (Landai),Tinggi,Cangkringan
2332,Permukiman,"2,27 - 3,10 km/km2",Gleisol,0 - 50 m (Sangat Dekat),1000 - 2000 mm/th (Sedang),15-25% (Agak Curam),Tinggi,Cangkringan
2333,Permukiman,"2,27 - 3,10 km/km2",Gleisol,0 - 50 m (Sangat Dekat),1000 - 2000 mm/th (Sedang),25-40% (Curam),Tinggi,Cangkringan
2334,Permukiman,"2,27 - 3,10 km/km2",Gleisol,0 - 50 m (Sangat Dekat),1000 - 2000 mm/th (Sedang),>40% (Sangat Curam),Tinggi,Tempel
2335,Permukiman,"2,27 - 3,10 km/km2",Gleisol,0 - 50 m (Sangat Dekat),500 - 1000 mm/th (Agak Rendah),0-8% (Datar),Tinggi,Banguntapan
2336,Permukiman,"2,27 - 3,10 km/km2",Gleisol,0 - 50 m (Sangat Dekat),500 - 1000 mm/th (Agak Rendah),8-15% (Landai),Tinggi,Banguntapan
2337,Permukiman,"2,27 - 3,10 km/km2",Gleisol,0 - 50 m (Sangat Dekat),500 - 1000 mm/th (Agak Rendah),15-25% (Agak Curam),Sedang,Banguntapan
2338,Permukiman,"2,27 - 3,10 km/km2",Gleisol,0 - 50 m (Sangat Dekat),500 - 1000 mm/th (Agak Rendah),25-40% (Curam),Sedang,Depok
2339,Permukiman,"2,27 - 3,10 km/km2",Gleisol,0 - 50 m (Sangat Dekat),500 - 1000 mm/th (Agak Rendah),>40% (Sangat Curam),Sedang,Dlingo
2340,Permukiman,"2,27 - 3,10 km/km2",Gleisol,50 - 100 m (Dekat),1000 - 2000 mm/th (Sedang),0-8% (Datar),Tinggi,Cangkringan
2341,Permukiman,"2,27 - 3,10 km/km2",Gleisol,50 - 100 m (Dekat),1000 - 2000 mm/th (Sedang),8-15% (Landai),Tinggi,Cangkringan
2342,Permukiman,"2,27 - 3,10 km/km2",Gleisol,50 - 100 m (Dekat),1000 - 2000 mm/th (Sedang),15-25% (Agak Curam),Tinggi,Cangkringan
2343,Permukiman,"2,27 - 3,10 km/km2",Gleisol,50 - 100 m (Dekat),1000 - 2000 mm/th (Sedang),25-40% (Curam),Tinggi,Cangkringan
2344,Permukiman,"2,27 - 3,10 km/km2",Gleisol,50 - 100 m (Dekat),1000 - 2000 mm/th (Sedang),>40% (Sangat Curam),Tinggi,Tempel
2345,Permukiman,"2,27 - 3,10 km/km2",Gleisol,50 - 100 m (Dekat),500 - 1000 mm/th (Agak Rendah),0-8% (Datar),Sedang,Banguntapan
2346,Permukiman,"2,27 - 3,10 km/km2",Gleisol,50 - 100 m (Dekat),500 - 1000 mm/th (Agak Rendah),8-15% (Landai),Sedang,Banguntapan
2347,Permukiman,"2,27 - 3,10 km/km2",Gleisol,50 - 100 m (Dekat),500 - 1000 mm/th (Agak Rendah),15-25% (Agak Curam),Sedang,Banguntapan
2348,Permukiman,"2,27 - 3,10 km/km2",Gleisol,50 - 100 m (Dekat),500 - 1000 mm/th (Agak Rendah),25-40% (Curam),Sedang,Depok
2349,Permukiman,"2,27 - 3,10 km/km2",Gleisol,50 - 100 m (Dekat),500 - 1000 mm/th (Agak Rendah),>40% (Sangat Curam),Sedang,Dlingo
2350,Permukiman,"2,27 - 3,10 km/km2",Gleisol,100 - 250 m (Sedang),1000 - 2000 mm/th (Sedang),0-8% (Datar),Sedang,Cangkringan
2351,Permukiman,"2,27 - 3,10 km/km2",Gleisol,100 - 250 m (Sedang),1000 - 2000 mm/th (Sedang),8-15% (Landai),Sedang,Cangkringan
2352,Permukiman,"2,27 - 3,10 km/km2",Gleisol,100 - 250 m (Sedang),1000 - 2000 mm/th (Sedang),15-25% (Agak Curam),Sedang,Cangkringan
2353,Permukiman,"2,27 - 3,10 km/km2",Gleisol,100 - 250 m (Sedang),1000 - 2000 mm/th (Sedang),25-40% (Curam),Sedang,Cangkringan
2354,Permukiman,"2,27 - 3,10 km/km2",Gleisol,100 - 250 m (Sedang),1000 - 2000 mm/th (Sedang),>40% (Sangat Curam),Sedang,Turi
2355,Permukiman,"2,27 - 3,10 km/km2",Gleisol,100 - 250 m (Sedang),500 - 1000 mm/th (Agak Rendah),0-8% (Datar),Sedang,Banguntapan
2356,Permukiman,"2,27 - 3,10 km/km2",Gleisol,100 - 250 m (Sedang),500 - 1000 mm/th (Agak Rendah),8-15% (Landai),Sedang,Banguntapan
2357,Permukiman,"2,27 - 3,10 km/km2",Gleisol,100 - 250 m (Sedang),500 - 1000 mm/th (Agak Rendah),15-25% (Agak Curam),Sedang,Banguntapan
2358,Permukiman,"2,27 - 3,10 km/km2",Gleisol,100 - 250 m (Sedang),500 - 1000 mm/th (Agak Rendah),25-40% (Curam),Sedang,Berbah
2359,Permukiman,"2,27 - 3,10 km/km2",Gleisol,100 - 250 m (Sedang),500 - 1000 mm/th (Agak Rendah),>40% (Sangat Curam),Sedang,Dlingo
2360,Permukiman,"2,27 - 3,10 km/km2",Gleisol,250 - 500 m (Jauh),1000 - 2000 mm/th (Sedang),0-8% (Datar),Sedang,Cangkringan
2361,Permukiman,"2,27 - 3,10 km/km2",Gleisol,250 - 500 m (Jauh),1000 - 2000 mm/th (Sedang),8-15% (Landai),Sedang,Cangkringan
2362,Permukiman,"2,27 - 3,10 km/km2",Gleisol,250 - 500 m (Jauh),1000 - 2000 mm/th (Sedang),15-25% (Agak Curam),Sedang,Cangkringan
2363,Permukiman,"2,27 - 3,10 km/km2",Gleisol,250 - 500 m (Jauh),1000 - 2000 mm/th (Sedang),25-40% (Curam),Sedang,Cangkringan
2364,Permukiman,"2,27 - 3,10 km/km2",Gleisol,250 - 500 m (Jauh),500 - 1000 mm/th (Agak Rendah),0-8% (Datar),Sedang,Banguntapan
2365,Permukiman,"2,27 - 3,10 km/km2",Gleisol,250 - 500 m (Jauh),500 - 1000 mm/th (Agak Rendah),8-15% (Landai),Sedang,Banguntapan
2366,Permukiman,"2,27 - 3,10 km/km2",Gleisol,250 - 500 m (Jauh),500 - 1000 mm/th (Agak Rendah),15-25% (Agak Curam),Sedang,Banguntapan
2367,Permukiman,"2,27 - 3,10 km/km2",Gleisol,250 - 500 m (Jauh),500 - 1000 mm/th (Agak Rendah),25-40% (Curam),Sedang,Berbah
2368,Permukiman,"2,27 - 3,10 km/km2",Gleisol,250 - 500 m (Jauh),500 - 1000 mm/th (Agak Rendah),>40% (Sangat Curam),Sedang,Berbah
2369,Permukiman,"2,27 - 3,10 km/km2",Fluvisol,>500 m (Sangat Jauh),1000 - 2000 mm/th (Sedang),0-8% (Datar),Sedang,Temon
2370,Permukiman,"2,27 - 3,10 km/km2",Fluvisol,>500 m (Sangat Jauh),1000 - 2000 mm/th (Sedang),8-15% (Landai),Sedang,Temon
2371,Permukiman,"2,27 - 3,10 km/km2",Fluvisol,>500 m (Sangat Jauh),1000 - 2000 mm/th (Sedang),15-25% (Agak Curam),Sedang,Temon
2372,Permukiman,"2,27 - 3,10 km/km2",Fluvisol,>500 m (Sangat Jauh),500 - 1000 mm/th (Agak Rendah),0-8% (Datar),Sedang,Bambanglipuro
2373,Permukiman,"2,27 - 3,10 km/km2",Fluvisol,>500 m (Sangat Jauh),500 - 1000 mm/th (Agak Rendah),8-15% (Landai),Sedang,Bambanglipuro
2374,Permukiman,"2,27 - 3,10 km/km2",Fluvisol,>500 m (Sangat Jauh),500 - 1000 mm/th (Agak Rendah),15-25% (Agak Curam),Rendah,Bambanglipuro
2375,Permukiman,"2,27 - 3,10 km/km2",Fluvisol,>500 m (Sangat Jauh),500 - 1000 mm/th (Agak Rendah),25-40% (Curam),Rendah,Bambanglipuro
2376,Permukiman,"2,27 - 3,10 km/km2",Fluvisol,0 - 50 m (Sangat Dekat),1000 - 2000 mm/th (Sedang),0-8% (Datar),Tinggi,Kokap
2377,Permukiman,"2,27 - 3,10 km/km2",Fluvisol,0 - 50 m (Sangat Dekat),1000 - 2000 mm/th (Sedang),8-15% (Landai),Tinggi,Kokap
2378,Permukiman,"2,27 - 3,10 km/km2",Fluvisol,0 - 50 m (Sangat Dekat),1000 - 2000 mm/th (Sedang),15-25% (Agak Curam),Tinggi,Kokap
2379,Permukiman,"2,27 - 3,10 km/km2",Fluvisol,0 - 50 m (Sangat Dekat),1000 - 2000 mm/th (Sedang),25-40% (Curam),Tinggi,Kokap
2380,Permukiman,"2,27 - 3,10 km/km2",Fluvisol,0 - 50 m (Sangat Dekat),1000 - 2000 mm/th (Sedang),>40% (Sangat Curam),Tinggi,Kokap
2381,Permukiman,"2,27 - 3,10 km/km2",Fluvisol,0 - 50 m (Sangat Dekat),500 - 1000 mm/th (Agak Rendah),0-8% (Datar),Tinggi,Bambanglipuro
2382,Permukiman,"2,27 - 3,10 km/km2",Fluvisol,0 - 50 m (Sangat Dekat),500 - 1000 mm/th (Agak Rendah),8-15% (Landai),Tinggi,Galur
2383,Permukiman,"2,27 - 3,10 km/km2",Fluvisol,0 - 50 m (Sangat Dekat),500 - 1000 mm/th (Agak Rendah),15-25% (Agak Curam),Sedang,Galur
2384,Permukiman,"2,27 - 3,10 km/km2",Fluvisol,0 - 50 m (Sangat Dekat),500 - 1000 mm/th (Agak Rendah),25-40% (Curam),Sedang,Srandakan
2385,Permukiman,"2,27 - 3,10 km/km2",Fluvisol,50 - 100 m (Dekat),1000 - 2000 mm/th (Sedang),0-8% (Datar),Tinggi,Kokap
2386,Permukiman,"2,27 - 3,10 km/km2",Fluvisol,50 - 100 m (Dekat),1000 - 2000 mm/th (Sedang),8-15% (Landai),Tinggi,Kokap
2387,Permukiman,"2,27 - 3,10 km/km2",Fluvisol,50 - 100 m (Dekat),1000 - 2000 mm/th (Sedang),15-25% (Agak Curam),Tinggi,Kokap
2388,Permukiman,"2,27 - 3,10 km/km2",Fluvisol,50 - 100 m (Dekat),1000 - 2000 mm/th (Sedang),25-40% (Curam),Tinggi,Kokap
2389,Permukiman,"2,27 - 3,10 km/km2",Fluvisol,50 - 100 m (Dekat),1000 - 2000 mm/th (Sedang),>40% (Sangat Curam),Tinggi,Kokap
2390,Permukiman,"2,27 - 3,10 km/km2",Fluvisol,50 - 100 m (Dekat),500 - 1000 mm/th (Agak Rendah),0-8% (Datar),Sedang,Bambanglipuro
2391,Permukiman,"2,27 - 3,10 km/km2",Fluvisol,50 - 100 m (Dekat),500 - 1000 mm/th (Agak Rendah),8-15% (Landai),Sedang,Bambanglipuro
2392,Permukiman,"2,27 - 3,10 km/km2",Fluvisol,50 - 100 m (Dekat),500 - 1000 mm/th (Agak Rendah),15-25% (Agak Curam),Sedang,Galur
2393,Permukiman,"2,27 - 3,10 km/km2",Fluvisol,50 - 100 m (Dekat),500 - 1000 mm/th (Agak Rendah),25-40% (Curam),Sedang,Kretek
2394,Permukiman,"2,27 - 3,10 km/km2",Fluvisol,100 - 250 m (Sedang),1000 - 2000 mm/th (Sedang),0-8% (Datar),Sedang,Kokap
2395,Permukiman,"2,27 - 3,10 km/km2",Fluvisol,100 - 250 m (Sedang),1000 - 2000 mm/th (Sedang),8-15% (Landai),Sedang,Kokap
2396,Permukiman,"2,27 - 3,10 km/km2",Fluvisol,100 - 250 m (Sedang),1000 - 2000 mm/th (Sedang),15-25% (Agak Curam),Sedang,Kokap
2397,Permukiman,"2,27 - 3,10 km/km2",Fluvisol,100 - 250 m (Sedang),1000 - 2000 mm/th (Sedang),25-40% (Curam),Sedang,Kokap
2398,Permukiman,"2,27 - 3,10 km/km2",Fluvisol,100 - 250 m (Sedang),1000 - 2000 mm/th (Sedang),>40% (Sangat Curam),Sedang,Kokap
2399,Permukiman,"2,27 - 3,10 km/km2",Fluvisol,100 - 250 m (Sedang),500 - 1000 mm/th (Agak Rendah),0-8% (Datar),Sedang,Bambanglipuro
2400,Permukiman,"2,27 - 3,10 km/km2",Fluvisol,100 - 250 m (Sedang),500 - 1000 mm/th (Agak Rendah),8-15% (Landai),Sedang,Bambanglipuro
2401,Permukiman,"2,27 - 3,10 km/km2",Fluvisol,100 - 250 m (Sedang),500 - 1000 mm/th (Agak Rendah),15-25% (Agak Curam),Sedang,Galur
2402,Permukiman,"2,27 - 3,10 km/km2",Fluvisol,100 - 250 m (Sedang),500 - 1000 mm/th (Agak Rendah),25-40% (Curam),Sedang,Pandak
2403,Permukiman,"2,27 - 3,10 km/km2",Fluvisol,250 - 500 m (Jauh),1000 - 2000 mm/th (Sedang),0-8% (Datar),Sedang,Kokap
2404,Permukiman,"2,27 - 3,10 km/km2",Fluvisol,250 - 500 m (Jauh),1000 - 2000 mm/th (Sedang),8-15% (Landai),Sedang,Kokap
2405,Permukiman,"2,27 - 3,10 km/km2",Fluvisol,250 - 500 m (Jauh),1000 - 2000 mm/th (Sedang),15-25% (Agak Curam),Sedang,Kokap
2406,Permukiman,"2,27 - 3,10 km/km2",Fluvisol,250 - 500 m (Jauh),1000 - 2000 mm/th (Sedang),25-40% (Curam),Sedang,Kokap
2407,Permukiman,"2,27 - 3,10 km/km2",Fluvisol,250 - 500 m (Jauh),500 - 1000 mm/th (Agak Rendah),0-8% (Datar),Sedang,Bambanglipuro
2408,Permukiman,"2,27 - 3,10 km/km2",Fluvisol,250 - 500 m (Jauh),500 - 1000 mm/th (Agak Rendah),8-15% (Landai),Sedang,Bambanglipuro
2409,Permukiman,"2,27 - 3,10 km/km2",Fluvisol,250 - 500 m (Jauh),500 - 1000 mm/th (Agak Rendah),15-25% (Agak Curam),Sedang,Bambanglipuro
2410,Permukiman,"2,27 - 3,10 km/km2",Fluvisol,250 - 500 m (Jauh),500 - 1000 mm/th (Agak Rendah),25-40% (Curam),Sedang,Bambanglipuro
2411,Permukiman,"2,27 - 3,10 km/km2",Nitosol,>500 m (Sangat Jauh),1000 - 2000 mm/th (Sedang),0-8% (Datar),Sedang,Pengasih
2412,Permukiman,"2,27 - 3,10 km/km2",Nitosol,>500 m (Sangat Jauh),1000 - 2000 mm/th (Sedang),8-15% (Landai),Sedang,Pengasih
2413,Permukiman,"2,27 - 3,10 km/km2",Nitosol,>500 m (Sangat Jauh),1000 - 2000 mm/th (Sedang),15-25% (Agak Curam),Sedang,Pengasih
2414,Permukiman,"2,27 - 3,10 km/km2",Nitosol,>500 m (Sangat Jauh),1000 - 2000 mm/th (Sedang),25-40% (Curam),Sedang,Pengasih
2415,Permukiman,"2,27 - 3,10 km/km2",Nitosol,>500 m (Sangat Jauh),500 - 1000 mm/th (Agak Rendah),0-8% (Datar),Rendah,Pengasih
2416,Permukiman,"2,27 - 3,10 km/km2",Nitosol,0 - 50 m (Sangat Dekat),1000 - 2000 mm/th (Sedang),0-8% (Datar),Tinggi,Girimulyo
2417,Permukiman,"2,27 - 3,10 km/km2",Nitosol,0 - 50 m (Sangat Dekat),1000 - 2000 mm/th (Sedang),8-15% (Landai),Tinggi,Girimulyo
2418,Permukiman,"2,27 - 3,10 km/km2",Nitosol,0 - 50 m (Sangat Dekat),1000 - 2000 mm/th (Sedang),15-25% (Agak Curam),Tinggi,Girimulyo
2419,Permukiman,"2,27 - 3,10 km/km2",Nitosol,0 - 50 m (Sangat Dekat),1000 - 2000 mm/th (Sedang),25-40% (Curam),Tinggi,Girimulyo
2420,Permukiman,"2,27 - 3,10 km/km2",Nitosol,0 - 50 m (Sangat Dekat),1000 - 2000 mm/th (Sedang),>40% (Sangat Curam),Tinggi,Girimulyo
2421,Permukiman,"2,27 - 3,10 km/km2",Nitosol,0 - 50 m (Sangat Dekat),500 - 1000 mm/th (Agak Rendah),0-8% (Datar),Tinggi,Pengasih
2422,Permukiman,"2,27 - 3,10 km/km2",Nitosol,0 - 50 m (Sangat Dekat),500 - 1000 mm/th (Agak Rendah),8-15% (Landai),Sedang,Pengasih
2423,Permukiman,"2,27 - 3,10 km/km2",Nitosol,0 - 50 m (Sangat Dekat),500 - 1000 mm/th (Agak Rendah),15-25% (Agak Curam),Sedang,Pengasih
2424,Permukiman,"2,27 - 3,10 km/km2",Nitosol,0 - 50 m (Sangat Dekat),500 - 1000 mm/th (Agak Rendah),25-40% (Curam),Sedang,Pengasih
2425,Permukiman,"2,27 - 3,10 km/km2",Nitosol,50 - 100 m (Dekat),1000 - 2000 mm/th (Sedang),0-8% (Datar),Tinggi,Girimulyo
2426,Permukiman,"2,27 - 3,10 km/km2",Nitosol,50 - 100 m (Dekat),1000 - 2000 mm/th (Sedang),8-15% (Landai),Tinggi,Girimulyo
2427,Permukiman,"2,27 - 3,10 km/km2",Nitosol,50 - 100 m (Dekat),1000 - 2000 mm/th (Sedang),15-25% (Agak Curam),Tinggi,Girimulyo
2428,Permukiman,"2,27 - 3,10 km/km2",Nitosol,50 - 100 m (Dekat),1000 - 2000 mm/th (Sedang),25-40% (Curam),Sedang,Girimulyo
2429,Permukiman,"2,27 - 3,10 km/km2",Nitosol,50 - 100 m (Dekat),1000 - 2000 mm/th (Sedang),>40% (Sangat Curam),Sedang,Girimulyo
2430,Permukiman,"2,27 - 3,10 km/km2",Nitosol,50 - 100 m (Dekat),500 - 1000 mm/th (Agak Rendah),0-8% (Datar),Sedang,Pengasih
2431,Permukiman,"2,27 - 3,10 km/km2",Nitosol,50 - 100 m (Dekat),500 - 1000 mm/th (Agak Rendah),8-15% (Landai),Sedang,Pengasih
2432,Permukiman,"2,27 - 3,10 km/km2",Nitosol,50 - 100 m (Dekat),500 - 1000 mm/th (Agak Rendah),15-25% (Agak Curam),Sedang,Pengasih
2433,Permukiman,"2,27 - 3,10 km/km2",Nitosol,100 - 250 m (Sedang),1000 - 2000 mm/th (Sedang),0-8% (Datar),Sedang,Girimulyo
2434,Permukiman,"2,27 - 3,10 km/km2",Nitosol,100 - 250 m (Sedang),1000 - 2000 mm/th (Sedang),8-15% (Landai),Sedang,Girimulyo
2435,Permukiman,"2,27 - 3,10 km/km2",Nitosol,100 - 250 m (Sedang),1000 - 2000 mm/th (Sedang),15-25% (Agak Curam),Sedang,Girimulyo
2436,Permukiman,"2,27 - 3,10 km/km2",Nitosol,100 - 250 m (Sedang),1000 - 2000 mm/th (Sedang),25-40% (Curam),Sedang,Girimulyo
2437,Permukiman,"2,27 - 3,10 km/km2",Nitosol,100 - 250 m (Sedang),1000 - 2000 mm/th (Sedang),>40% (Sangat Curam),Sedang,Girimulyo
2438,Permukiman,"2,27 - 3,10 km/km2",Nitosol,100 - 250 m (Sedang),500 - 1000 mm/th (Agak Rendah),0-8% (Datar),Sedang,Pengasih
2439,Permukiman,"2,27 - 3,10 km/km2",Nitosol,100 - 250 m (Sedang),500 - 1000 mm/th (Agak Rendah),8-15% (Landai),Sedang,Pengasih
2440,Permukiman,"2,27 - 3,10 km/km2",Nitosol,100 - 250 m (Sedang),500 - 1000 mm/th (Agak Rendah),15-25% (Agak Curam),Sedang,Pengasih
2441,Permukiman,"2,27 - 3,10 km/km2",Nitosol,250 - 500 m (Jauh),1000 - 2000 mm/th (Sedang),0-8% (Datar),Sedang,Kokap
2442,Permukiman,"2,27 - 3,10 km/km2",Nitosol,250 - 500 m (Jauh),1000 - 2000 mm/th (Sedang),8-15% (Landai),Sedang,Kokap
2443,Permukiman,"2,27 - 3,10 km/km2",Nitosol,250 - 500 m (Jauh),1000 - 2000 mm/th (Sedang),15-25% (Agak Curam),Sedang,Kokap
2444,Permukiman,"2,27 - 3,10 km/km2",Nitosol,250 - 500 m (Jauh),1000 - 2000 mm/th (Sedang),25-40% (Curam),Sedang,Girimulyo
2445,Permukiman,"2,27 - 3,10 km/km2",Nitosol,250 - 500 m (Jauh),1000 - 2000 mm/th (Sedang),>40% (Sangat Curam),Sedang,Girimulyo
2446,Permukiman,"2,27 - 3,10 km/km2",Nitosol,250 - 500 m (Jauh),500 - 1000 mm/th (Agak Rendah),0-8% (Datar),Sedang,Pengasih
2447,Permukiman,"2,27 - 3,10 km/km2",Nitosol,250 - 500 m (Jauh),500 - 1000 mm/th (Agak Rendah),8-15% (Landai),Sedang,Wates
2448,Permukiman,"2,27 - 3,10 km/km2",Nitosol,250 - 500 m (Jauh),500 - 1000 mm/th (Agak Rendah),15-25% (Agak Curam),Sedang,Wates
2449,Permukiman,"2,27 - 3,10 km/km2",Vertisol,>500 m (Sangat Jauh),500 - 1000 mm/th (Agak Rendah),0-8% (Datar),Sedang,Gedangsari
2450,Permukiman,"2,27 - 3,10 km/km2",Vertisol,>500 m (Sangat Jauh),500 - 1000 mm/th (Agak Rendah),8-15% (Landai),Rendah,Gedangsari
2451,Permukiman,"2,27 - 3,10 km/km2",Vertisol,0 - 50 m (Sangat Dekat),500 - 1000 mm/th (Agak Rendah),0-8% (Datar),Tinggi,Gedangsari
2452,Permukiman,"2,27 - 3,10 km/km2",Vertisol,0 - 50 m (Sangat Dekat),500 - 1000 mm/th (Agak Rendah),8-15% (Landai),Tinggi,Gedangsari
2453,Permukiman,"2,27 - 3,10 km/km2",Vertisol,0 - 50 m (Sangat Dekat),500 - 1000 mm/th (Agak Rendah),15-25% (Agak Curam),Sedang,Gedangsari
2454,Permukiman,"2,27 - 3,10 km/km2",Vertisol,0 - 50 m (Sangat Dekat),500 - 1000 mm/th (Agak Rendah),25-40% (Curam),Sedang,Gedangsari
2455,Permukiman,"2,27 - 3,10 km/km2",Vertisol,50 - 100 m (Dekat),500 - 1000 mm/th (Agak Rendah),0-8% (Datar),Sedang,Gedangsari
2456,Permukiman,"2,27 - 3,10 km/km2",Vertisol,50 - 100 m (Dekat),500 - 1000 mm/th (Agak Rendah),8-15% (Landai),Sedang,Gedangsari
2457,Permukiman,"2,27 - 3,10 km/km2",Vertisol,50 - 100 m (Dekat),500 - 1000 mm/th (Agak Rendah),15-25% (Agak Curam),Sedang,Gedangsari
2458,Permukiman,"2,27 - 3,10 km/km2",Vertisol,50 - 100 m (Dekat),500 - 1000 mm/th (Agak Rendah),25-40% (Curam),Sedang,Gedangsari
2459,Permukiman,"2,27 - 3,10 km/km2",Vertisol,50 - 100 m (Dekat),500 - 1000 mm/th (Agak Rendah),>40% (Sangat Curam),Sedang,Nglipar
2460,Permukiman,"2,27 - 3,10 km/km2",Vertisol,100 - 250 m (Sedang),500 - 1000 mm/th (Agak Rendah),0-8% (Datar),Sedang,Gedangsari
2461,Permukiman,"2,27 - 3,10 km/km2",Vertisol,100 - 250 m (Sedang),500 - 1000 mm/th (Agak Rendah),8-15% (Landai),Sedang,Gedangsari
2462,Permukiman,"2,27 - 3,10 km/km2",Vertisol,100 - 250 m (Sedang),500 - 1000 mm/th (Agak Rendah),15-25% (Agak Curam),Sedang,Gedangsari
2463,Permukiman,"2,27 - 3,10 km/km2",Vertisol,100 - 250 m (Sedang),500 - 1000 mm/th (Agak Rendah),25-40% (Curam),Sedang,Gedangsari
2464,Permukiman,"2,27 - 3,10 km/km2",Vertisol,100 - 250 m (Sedang),500 - 1000 mm/th (Agak Rendah),>40% (Sangat Curam),Sedang,Nglipar
2465,Permukiman,"2,27 - 3,10 km/km2",Vertisol,250 - 500 m (Jauh),500 - 1000 mm/th (Agak Rendah),0-8% (Datar),Sedang,Gedangsari
2466,Permukiman,"2,27 - 3,10 km/km2",Vertisol,250 - 500 m (Jauh),500 - 1000 mm/th (Agak Rendah),8-15% (Landai),Sedang,Gedangsari
2467,Permukiman,"2,27 - 3,10 km/km2",Vertisol,250 - 500 m (Jauh),500 - 1000 mm/th (Agak Rendah),15-25% (Agak Curam),Sedang,Gedangsari
2468,Permukiman,"2,27 - 3,10 km/km2",Vertisol,250 - 500 m (Jauh),500 - 1000 mm/th (Agak Rendah),25-40% (Curam),Sedang,Gedangsari
2469,Permukiman,"2,27 - 3,10 km/km2",Vertisol,250 - 500 m (Jauh),500 - 1000 mm/th (Agak Rendah),>40% (Sangat Curam),Sedang,Nglipar
2470,Permukiman,">3,10 km/km2",Luvisol,>500 m (Sangat Jauh),500 - 1000 mm/th (Agak Rendah),25-40% (Curam),Rendah,Prambanan
2471,Permukiman,">3,10 km/km2",Luvisol,0 - 50 m (Sangat Dekat),1000 - 2000 mm/th (Sedang),0-8% (Datar),Tinggi,Tempel
2472,Permukiman,">3,10 km/km2",Luvisol,0 - 50 m (Sangat Dekat),1000 - 2000 mm/th (Sedang),8-15% (Landai),Tinggi,Tempel
2473,Permukiman,">3,10 km/km2",Luvisol,0 - 50 m (Sangat Dekat),1000 - 2000 mm/th (Sedang),15-25% (Agak Curam),Tinggi,Tempel
2474,Permukiman,">3,10 km/km2",Luvisol,0 - 50 m (Sangat Dekat),500 - 1000 mm/th (Agak Rendah),0-8% (Datar),Sedang,Gedangsari
2475,Permukiman,">3,10 km/km2",Luvisol,0 - 50 m (Sangat Dekat),500 - 1000 mm/th (Agak Rendah),8-15% (Landai),Sedang,Gedangsari
2476,Permukiman,">3,10 km/km2",Luvisol,0 - 50 m (Sangat Dekat),500 - 1000 mm/th (Agak Rendah),15-25% (Agak Curam),Sedang,Gedangsari
2477,Permukiman,">3,10 km/km2",Luvisol,0 - 50 m (Sangat Dekat),500 - 1000 mm/th (Agak Rendah),25-40% (Curam),Sedang,Gedangsari
2478,Permukiman,">3,10 km/km2",Luvisol,0 - 50 m (Sangat Dekat),500 - 1000 mm/th (Agak Rendah),>40% (Sangat Curam),Sedang,Gedangsari
2479,Permukiman,">3,10 km/km2",Luvisol,50 - 100 m (Dekat),1000 - 2000 mm/th (Sedang),0-8% (Datar),Sedang,Tempel
2480,Permukiman,">3,10 km/km2",Luvisol,50 - 100 m (Dekat),1000 - 2000 mm/th (Sedang),8-15% (Landai),Sedang,Tempel
2481,Permukiman,">3,10 km/km2",Luvisol,50 - 100 m (Dekat),1000 - 2000 mm/th (Sedang),15-25% (Agak Curam),Sedang,Tempel
2482,Permukiman,">3,10 km/km2",Luvisol,50 - 100 m (Dekat),500 - 1000 mm/th (Agak Rendah),0-8% (Datar),Sedang,Gedangsari
2483,Permukiman,">3,10 km/km2",Luvisol,50 - 100 m (Dekat),500 - 1000 mm/th (Agak Rendah),8-15% (Landai),Sedang,Gedangsari
2484,Permukiman,">3,10 km/km2",Luvisol,50 - 100 m (Dekat),500 - 1000 mm/th (Agak Rendah),15-25% (Agak Curam),Sedang,Gedangsari
2485,Permukiman,">3,10 km/km2",Luvisol,50 - 100 m (Dekat),500 - 1000 mm/th (Agak Rendah),25-40% (Curam),Sedang,Gedangsari
2486,Permukiman,">3,10 km/km2",Luvisol,50 - 100 m (Dekat),500 - 1000 mm/th (Agak Rendah),>40% (Sangat Curam),Sedang,Gedangsari
2487,Permukiman,">3,10 km/km2",Luvisol,100 - 250 m (Sedang),1000 - 2000 mm/th (Sedang),0-8% (Datar),Sedang,Tempel
2488,Permukiman,">3,10 km/km2",Luvisol,100 - 250 m (Sedang),1000 - 2000 mm/th (Sedang),8-15% (Landai),Sedang,Tempel
2489,Permukiman,">3,10 km/km2",Luvisol,100 - 250 m (Sedang),1000 - 2000 mm/th (Sedang),15-25% (Agak Curam),Sedang,Tempel
2490,Permukiman,">3,10 km/km2",Luvisol,100 - 250 m (Sedang),500 - 1000 mm/th (Agak Rendah),0-8% (Datar),Sedang,Gedangsari
2491,Permukiman,">3,10 km/km2",Luvisol,100 - 250 m (Sedang),500 - 1000 mm/th (Agak Rendah),8-15% (Landai),Sedang,Gedangsari
2492,Permukiman,">3,10 km/km2",Luvisol,100 - 250 m (Sedang),500 - 1000 mm/th (Agak Rendah),15-25% (Agak Curam),Sedang,Gedangsari
2493,Permukiman,">3,10 km/km2",Luvisol,100 - 250 m (Sedang),500 - 1000 mm/th (Agak Rendah),25-40% (Curam),Sedang,Gedangsari
2494,Permukiman,">3,10 km/km2",Luvisol,100 - 250 m (Sedang),500 - 1000 mm/th (Agak Rendah),>40% (Sangat Curam),Sedang,Gedangsari
2495,Permukiman,">3,10 km/km2",Luvisol,250 - 500 m (Jauh),1000 - 2000 mm/th (Sedang),0-8% (Datar),Sedang,Tempel
2496,Permukiman,">3,10 km/km2",Luvisol,250 - 500 m (Jauh),1000 - 2000 mm/th (Sedang),8-15% (Landai),Sedang,Tempel
2497,Permukiman,">3,10 km/km2",Luvisol,250 - 500 m (Jauh),1000 - 2000 mm/th (Sedang),15-25% (Agak Curam),Sedang,Tempel
2498,Permukiman,">3,10 km/km2",Luvisol,250 - 500 m (Jauh),500 - 1000 mm/th (Agak Rendah),0-8% (Datar),Sedang,Gedangsari
2499,Permukiman,">3,10 km/km2",Luvisol,250 - 500 m (Jauh),500 - 1000 mm/th (Agak Rendah),8-15% (Landai),Sedang,Gedangsari
2500,Permukiman,">3,10 km/km2",Luvisol,250 - 500 m (Jauh),500 - 1000 mm/th (Agak Rendah),15-25% (Agak Curam),Rendah,Gedangsari
2501,Permukiman,">3,10 km/km2",Luvisol,250 - 500 m (Jauh),500 - 1000 mm/th (Agak Rendah),25-40% (Curam),Rendah,Gedangsari
2502,Permukiman,">3,10 km/km2",Luvisol,250 - 500 m (Jauh),500 - 1000 mm/th (Agak Rendah),>40% (Sangat Curam),Rendah,Gedangsari
2503,Permukiman,">3,10 km/km2",Litosol,>500 m (Sangat Jauh),1000 - 2000 mm/th (Sedang),0-8% (Datar),Sedang,Gamping
2504,Permukiman,">3,10 km/km2",Litosol,>500 m (Sangat Jauh),1000 - 2000 mm/th (Sedang),8-15% (Landai),Sedang,Gamping
2505,Permukiman,">3,10 km/km2",Litosol,>500 m (Sangat Jauh),1000 - 2000 mm/th (Sedang),15-25% (Agak Curam),Sedang,Girimulyo
2506,Permukiman,">3,10 km/km2",Litosol,>500 m (Sangat Jauh),1000 - 2000 mm/th (Sedang),25-40% (Curam),Rendah,Girimulyo
2507,Permukiman,">3,10 km/km2",Litosol,>500 m (Sangat Jauh),1000 - 2000 mm/th (Sedang),>40% (Sangat Curam),Rendah,Girimulyo
2508,Permukiman,">3,10 km/km2",Litosol,>500 m (Sangat Jauh),500 - 1000 mm/th (Agak Rendah),0-8% (Datar),Rendah,Gamping
2509,Permukiman,">3,10 km/km2",Litosol,>500 m (Sangat Jauh),500 - 1000 mm/th (Agak Rendah),8-15% (Landai),Rendah,Gedangsari
2510,Permukiman,">3,10 km/km2",Litosol,>500 m (Sangat Jauh),500 - 1000 mm/th (Agak Rendah),15-25% (Agak Curam),Rendah,Gedangsari
2511,Permukiman,">3,10 km/km2",Litosol,>500 m (Sangat Jauh),500 - 1000 mm/th (Agak Rendah),25-40% (Curam),Rendah,Gedangsari
2512,Permukiman,">3,10 km/km2",Litosol,>500 m (Sangat Jauh),500 - 1000 mm/th (Agak Rendah),>40% (Sangat Curam),Rendah,Pajangan
2513,Permukiman,">3,10 km/km2",Litosol,0 - 50 m (Sangat Dekat),1000 - 2000 mm/th (Sedang),0-8% (Datar),Tinggi,Gamping
2514,Permukiman,">3,10 km/km2",Litosol,0 - 50 m (Sangat Dekat),1000 - 2000 mm/th (Sedang),8-15% (Landai),Tinggi,Gamping
2515,Permukiman,">3,10 km/km2",Litosol,0 - 50 m (Sangat Dekat),1000 - 2000 mm/th (Sedang),15-25% (Agak Curam),Tinggi,Gamping
2516,Permukiman,">3,10 km/km2",Litosol,0 - 50 m (Sangat Dekat),1000 - 2000 mm/th (Sedang),25-40% (Curam),Tinggi,Girimulyo
2517,Permukiman,">3,10 km/km2",Litosol,0 - 50 m (Sangat Dekat),1000 - 2000 mm/th (Sedang),>40% (Sangat Curam),Sedang,Girimulyo
2518,Permukiman,">3,10 km/km2",Litosol,0 - 50 m (Sangat Dekat),500 - 1000 mm/th (Agak Rendah),0-8% (Datar),Sedang,Bambanglipuro
2519,Permukiman,">3,10 km/km2",Litosol,0 - 50 m (Sangat Dekat),500 - 1000 mm/th (Agak Rendah),8-15% (Landai),Sedang,Bambanglipuro
2520,Permukiman,">3,10 km/km2",Litosol,0 - 50 m (Sangat Dekat),500 - 1000 mm/th (Agak Rendah),15-25% (Agak Curam),Sedang,Bambanglipuro
2521,Permukiman,">3,10 km/km2",Litosol,0 - 50 m (Sangat Dekat),500 - 1000 mm/th (Agak Rendah),25-40% (Curam),Sedang,Gamping
2522,Permukiman,">3,10 km/km2",Litosol,0 - 50 m (Sangat Dekat),500 - 1000 mm/th (Agak Rendah),>40% (Sangat Curam),Sedang,Gedangsari
2523,Permukiman,">3,10 km/km2",Litosol,50 - 100 m (Dekat),1000 - 2000 mm/th (Sedang),0-8% (Datar),Sedang,Gamping
2524,Permukiman,">3,10 km/km2",Litosol,50 - 100 m (Dekat),1000 - 2000 mm/th (Sedang),8-15% (Landai),Sedang,Gamping
2525,Permukiman,">3,10 km/km2",Litosol,50 - 100 m (Dekat),1000 - 2000 mm/th (Sedang),15-25% (Agak Curam),Sedang,Gamping
2526,Permukiman,">3,10 km/km2",Litosol,50 - 100 m (Dekat),1000 - 2000 mm/th (Sedang),25-40% (Curam),Sedang,Girimulyo
2527,Permukiman,">3,10 km/km2",Litosol,50 - 100 m (Dekat),1000 - 2000 mm/th (Sedang),>40% (Sangat Curam),Sedang,Girimulyo
2528,Permukiman,">3,10 km/km2",Litosol,50 - 100 m (Dekat),500 - 1000 mm/th (Agak Rendah),0-8% (Datar),Sedang,Bambanglipuro
2529,Permukiman,">3,10 km/km2",Litosol,50 - 100 m (Dekat),500 - 1000 mm/th (Agak Rendah),8-15% (Landai),Sedang,Bambanglipuro
2530,Permukiman,">3,10 km/km2",Litosol,50 - 100 m (Dekat),500 - 1000 mm/th (Agak Rendah),15-25% (Agak Curam),Sedang,Bambanglipuro
2531,Permukiman,">3,10 km/km2",Litosol,50 - 100 m (Dekat),500 - 1000 mm/th (Agak Rendah),25-40% (Curam),Sedang,Gamping
2532,Permukiman,">3,10 km/km2",Litosol,50 - 100 m (Dekat),500 - 1000 mm/th (Agak Rendah),>40% (Sangat Curam),Sedang,Gedangsari
2533,Permukiman,">3,10 km/km2",Litosol,100 - 250 m (Sedang),1000 - 2000 mm/th (Sedang),0-8% (Datar),Sedang,Gamping
2534,Permukiman,">3,10 km/km2",Litosol,100 - 250 m (Sedang),1000 - 2000 mm/th (Sedang),8-15% (Landai),Sedang,Gamping
2535,Permukiman,">3,10 km/km2",Litosol,100 - 250 m (Sedang),1000 - 2000 mm/th (Sedang),15-25% (Agak Curam),Sedang,Gamping
2536,Permukiman,">3,10 km/km2",Litosol,100 - 250 m (Sedang),1000 - 2000 mm/th (Sedang),25-40% (Curam),Sedang,Gamping
2537,Permukiman,">3,10 km/km2",Litosol,100 - 250 m (Sedang),1000 - 2000 mm/th (Sedang),>40% (Sangat Curam),Sedang,Girimulyo
2538,Permukiman,">3,10 km/km2",Litosol,100 - 250 m (Sedang),500 - 1000 mm/th (Agak Rendah),0-8% (Datar),Sedang,Bambanglipuro
2539,Permukiman,">3,10 km/km2",Litosol,100 - 250 m (Sedang),500 - 1000 mm/th (Agak Rendah),8-15% (Landai),Sedang,Bambanglipuro
2540,Permukiman,">3,10 km/km2",Litosol,100 - 250 m (Sedang),500 - 1000 mm/th (Agak Rendah),15-25% (Agak Curam),Sedang,Bambanglipuro
2541,Permukiman,">3,10 km/km2",Litosol,100 - 250 m (Sedang),500 - 1000 mm/th (Agak Rendah),25-40% (Curam),Sedang,Gamping
2542,Permukiman,">3,10 km/km2",Litosol,100 - 250 m (Sedang),500 - 1000 mm/th (Agak Rendah),>40% (Sangat Curam),Sedang,Gedangsari
2543,Permukiman,">3,10 km/km2",Litosol,250 - 500 m (Jauh),1000 - 2000 mm/th (Sedang),0-8% (Datar),Sedang,Gamping
2544,Permukiman,">3,10 km/km2",Litosol,250 - 500 m (Jauh),1000 - 2000 mm/th (Sedang),8-15% (Landai),Sedang,Gamping
2545,Permukiman,">3,10 km/km2",Litosol,250 - 500 m (Jauh),1000 - 2000 mm/th (Sedang),15-25% (Agak Curam),Sedang,Gamping
2546,Permukiman,">3,10 km/km2",Litosol,250 - 500 m (Jauh),1000 - 2000 mm/th (Sedang),25-40% (Curam),Sedang,Gamping
2547,Permukiman,">3,10 km/km2",Litosol,250 - 500 m (Jauh),1000 - 2000 mm/th (Sedang),>40% (Sangat Curam),Sedang,Girimulyo
2548,Permukiman,">3,10 km/km2",Litosol,250 - 500 m (Jauh),500 - 1000 mm/th (Agak Rendah),0-8% (Datar),Sedang,Bambanglipuro
2549,Permukiman,">3,10 km/km2",Litosol,250 - 500 m (Jauh),500 - 1000 mm/th (Agak Rendah),8-15% (Landai),Rendah,Bambanglipuro
2550,Permukiman,">3,10 km/km2",Litosol,250 - 500 m (Jauh),500 - 1000 mm/th (Agak Rendah),15-25% (Agak Curam),Rendah,Dlingo
2551,Permukiman,">3,10 km/km2",Litosol,250 - 500 m (Jauh),500 - 1000 mm/th (Agak Rendah),25-40% (Curam),Rendah,Gamping
2552,Permukiman,">3,10 km/km2",Litosol,250 - 500 m (Jauh),500 - 1000 mm/th (Agak Rendah),>40% (Sangat Curam),Rendah,Gedangsari
2553,Permukiman,">3,10 km/km2",Gleisol,>500 m (Sangat Jauh),1000 - 2000 mm/th (Sedang),0-8% (Datar),Sedang,Gamping
2554,Permukiman,">3,10 km/km2",Gleisol,>500 m (Sangat Jauh),1000 - 2000 mm/th (Sedang),8-15% (Landai),Sedang,Cangkringan
2555,Permukiman,">3,10 km/km2",Gleisol,>500 m (Sangat Jauh),1000 - 2000 mm/th (Sedang),15-25% (Agak Curam),Sedang,Kasihan
2556,Permukiman,">3,10 km/km2",Gleisol,>500 m (Sangat Jauh),500 - 1000 mm/th (Agak Rendah),0-8% (Datar),Rendah,Banguntapan
2557,Permukiman,">3,10 km/km2",Gleisol,>500 m (Sangat Jauh),500 - 1000 mm/th (Agak Rendah),8-15% (Landai),Rendah,Banguntapan
2558,Permukiman,">3,10 km/km2",Gleisol,>500 m (Sangat Jauh),500 - 1000 mm/th (Agak Rendah),15-25% (Agak Curam),Rendah,Berbah
2559,Permukiman,">3,10 km/km2",Gleisol,>500 m (Sangat Jauh),500 - 1000 mm/th (Agak Rendah),25-40% (Curam),Rendah,Imogiri
2560,Permukiman,">3,10 km/km2",Gleisol,>500 m (Sangat Jauh),500 - 1000 mm/th (Agak Rendah),>40% (Sangat Curam),Rendah,Depok
2561,Permukiman,">3,10 km/km2",Gleisol,0 - 50 m (Sangat Dekat),1000 - 2000 mm/th (Sedang),0-8% (Datar),Tinggi,Cangkringan
2562,Permukiman,">3,10 km/km2",Gleisol,0 - 50 m (Sangat Dekat),1000 - 2000 mm/th (Sedang),8-15% (Landai),Tinggi,Cangkringan
2563,Permukiman,">3,10 km/km2",Gleisol,0 - 50 m (Sangat Dekat),1000 - 2000 mm/th (Sedang),15-25% (Agak Curam),Tinggi,Cangkringan
2564,Permukiman,">3,10 km/km2",Gleisol,0 - 50 m (Sangat Dekat),1000 - 2000 mm/th (Sedang),25-40% (Curam),Tinggi,Cangkringan
2565,Permukiman,">3,10 km/km2",Gleisol,0 - 50 m (Sangat Dekat),1000 - 2000 mm/th (Sedang),>40% (Sangat Curam),Tinggi,Cangkringan
2566,Permukiman,">3,10 km/km2",Gleisol,0 - 50 m (Sangat Dekat),500 - 1000 mm/th (Agak Rendah),0-8% (Datar),Tinggi,Bambanglipuro
2567,Permukiman,">3,10 km/km2",Gleisol,0 - 50 m (Sangat Dekat),500 - 1000 mm/th (Agak Rendah),8-15% (Landai),Sedang,Bambanglipuro
2568,Permukiman,">3,10 km/km2",Gleisol,0 - 50 m (Sangat Dekat),500 - 1000 mm/th (Agak Rendah),15-25% (Agak Curam),Sedang,Banguntapan
2569,Permukiman,">3,10 km/km2",Gleisol,0 - 50 m (Sangat Dekat),500 - 1000 mm/th (Agak Rendah),25-40% (Curam),Sedang,Bantul
2570,Permukiman,">3,10 km/km2",Gleisol,0 - 50 m (Sangat Dekat),500 - 1000 mm/th (Agak Rendah),>40% (Sangat Curam),Sedang,Bantul
2571,Permukiman,">3,10 km/km2",Gleisol,50 - 100 m (Dekat),1000 - 2000 mm/th (Sedang),0-8% (Datar),Tinggi,Cangkringan
2572,Permukiman,">3,10 km/km2",Gleisol,50 - 100 m (Dekat),1000 - 2000 mm/th (Sedang),8-15% (Landai),Tinggi,Cangkringan
2573,Permukiman,">3,10 km/km2",Gleisol,50 - 100 m (Dekat),1000 - 2000 mm/th (Sedang),15-25% (Agak Curam),Tinggi,Cangkringan
2574,Permukiman,">3,10 km/km2",Gleisol,50 - 100 m (Dekat),1000 - 2000 mm/th (Sedang),25-40% (Curam),Sedang,Cangkringan
2575,Permukiman,">3,10 km/km2",Gleisol,50 - 100 m (Dekat),1000 - 2000 mm/th (Sedang),>40% (Sangat Curam),Sedang,Cangkringan
2576,Permukiman,">3,10 km/km2",Gleisol,50 - 100 m (Dekat),500 - 1000 mm/th (Agak Rendah),0-8% (Datar),Sedang,Bambanglipuro
2577,Permukiman,">3,10 km/km2",Gleisol,50 - 100 m (Dekat),500 - 1000 mm/th (Agak Rendah),8-15% (Landai),Sedang,Bambanglipuro
2578,Permukiman,">3,10 km/km2",Gleisol,50 - 100 m (Dekat),500 - 1000 mm/th (Agak Rendah),15-25% (Agak Curam),Sedang,Banguntapan
2579,Permukiman,">3,10 km/km2",Gleisol,50 - 100 m (Dekat),500 - 1000 mm/th (Agak Rendah),25-40% (Curam),Sedang,Banguntapan
2580,Permukiman,">3,10 km/km2",Gleisol,50 - 100 m (Dekat),500 - 1000 mm/th (Agak Rendah),>40% (Sangat Curam),Sedang,Bantul
2581,Permukiman,">3,10 km/km2",Gleisol,100 - 250 m (Sedang),1000 - 2000 mm/th (Sedang),0-8% (Datar),Sedang,Cangkringan
2582,Permukiman,">3,10 km/km2",Gleisol,100 - 250 m (Sedang),1000 - 2000 mm/th (Sedang),8-15% (Landai),Sedang,Cangkringan
2583,Permukiman,">3,10 km/km2",Gleisol,100 - 250 m (Sedang),1000 - 2000 mm/th (Sedang),15-25% (Agak Curam),Sedang,Cangkringan
2584,Permukiman,">3,10 km/km2",Gleisol,100 - 250 m (Sedang),1000 - 2000 mm/th (Sedang),25-40% (Curam),Sedang,Cangkringan
2585,Permukiman,">3,10 km/km2",Gleisol,100 - 250 m (Sedang),1000 - 2000 mm/th (Sedang),>40% (Sangat Curam),Sedang,Cangkringan
2586,Permukiman,">3,10 km/km2",Gleisol,100 - 250 m (Sedang),500 - 1000 mm/th (Agak Rendah),0-8% (Datar),Sedang,Bambanglipuro
2587,Permukiman,">3,10 km/km2",Gleisol,100 - 250 m (Sedang),500 - 1000 mm/th (Agak Rendah),8-15% (Landai),Sedang,Bambanglipuro
2588,Permukiman,">3,10 km/km2",Gleisol,100 - 250 m (Sedang),500 - 1000 mm/th (Agak Rendah),15-25% (Agak Curam),Sedang,Banguntapan
2589,Permukiman,">3,10 km/km2",Gleisol,100 - 250 m (Sedang),500 - 1000 mm/th (Agak Rendah),25-40% (Curam),Sedang,Banguntapan
2590,Permukiman,">3,10 km/km2",Gleisol,100 - 250 m (Sedang),500 - 1000 mm/th (Agak Rendah),>40% (Sangat Curam),Sedang,Dlingo
2591,Permukiman,">3,10 km/km2",Gleisol,250 - 500 m (Jauh),1000 - 2000 mm/th (Sedang),0-8% (Datar),Sedang,Cangkringan
2592,Permukiman,">3,10 km/km2",Gleisol,250 - 500 m (Jauh),1000 - 2000 mm/th (Sedang),8-15% (Landai),Sedang,Cangkringan
2593,Permukiman,">3,10 km/km2",Gleisol,250 - 500 m (Jauh),1000 - 2000 mm/th (Sedang),15-25% (Agak Curam),Sedang,Cangkringan
2594,Permukiman,">3,10 km/km2",Gleisol,250 - 500 m (Jauh),1000 - 2000 mm/th (Sedang),25-40% (Curam),Sedang,Cangkringan
2595,Permukiman,">3,10 km/km2",Gleisol,250 - 500 m (Jauh),1000 - 2000 mm/th (Sedang),>40% (Sangat Curam),Sedang,Seyegan
2596,Permukiman,">3,10 km/km2",Gleisol,250 - 500 m (Jauh),500 - 1000 mm/th (Agak Rendah),0-8% (Datar),Sedang,Bambanglipuro
2597,Permukiman,">3,10 km/km2",Gleisol,250 - 500 m (Jauh),500 - 1000 mm/th (Agak Rendah),8-15% (Landai),Sedang,Bambanglipuro
2598,Permukiman,">3,10 km/km2",Gleisol,250 - 500 m (Jauh),500 - 1000 mm/th (Agak Rendah),15-25% (Agak Curam),Sedang,Banguntapan
2599,Permukiman,">3,10 km/km2",Gleisol,250 - 500 m (Jauh),500 - 1000 mm/th (Agak Rendah),25-40% (Curam),Sedang,Berbah
2600,Permukiman,">3,10 km/km2",Gleisol,250 - 500 m (Jauh),500 - 1000 mm/th (Agak Rendah),>40% (Sangat Curam),Rendah,Imogiri
2601,Permukiman,">3,10 km/km2",Fluvisol,>500 m (Sangat Jauh),500 - 1000 mm/th (Agak Rendah),0-8% (Datar),Rendah,Bambanglipuro
2602,Permukiman,">3,10 km/km2",Fluvisol,>500 m (Sangat Jauh),500 - 1000 mm/th (Agak Rendah),8-15% (Landai),Rendah,Bambanglipuro
2603,Permukiman,">3,10 km/km2",Fluvisol,>500 m (Sangat Jauh),500 - 1000 mm/th (Agak Rendah),15-25% (Agak Curam),Rendah,Bambanglipuro
2604,Permukiman,">3,10 km/km2",Fluvisol,>500 m (Sangat Jauh),500 - 1000 mm/th (Agak Rendah),25-40% (Curam),Rendah,Kretek
2605,Permukiman,">3,10 km/km2",Fluvisol,>500 m (Sangat Jauh),500 - 1000 mm/th (Agak Rendah),>40% (Sangat Curam),Rendah,Pundong
2606,Permukiman,">3,10 km/km2",Fluvisol,0 - 50 m (Sangat Dekat),1000 - 2000 mm/th (Sedang),0-8% (Datar),Tinggi,Temon
2607,Permukiman,">3,10 km/km2",Fluvisol,0 - 50 m (Sangat Dekat),1000 - 2000 mm/th (Sedang),8-15% (Landai),Tinggi,Temon
2608,Permukiman,">3,10 km/km2",Fluvisol,0 - 50 m (Sangat Dekat),1000 - 2000 mm/th (Sedang),15-25% (Agak Curam),Tinggi,Temon
2609,Permukiman,">3,10 km/km2",Fluvisol,0 - 50 m (Sangat Dekat),500 - 1000 mm/th (Agak Rendah),0-8% (Datar),Tinggi,Bambanglipuro
2610,Permukiman,">3,10 km/km2",Fluvisol,0 - 50 m (Sangat Dekat),500 - 1000 mm/th (Agak Rendah),8-15% (Landai),Sedang,Bambanglipuro
2611,Permukiman,">3,10 km/km2",Fluvisol,0 - 50 m (Sangat Dekat),500 - 1000 mm/th (Agak Rendah),15-25% (Agak Curam),Sedang,Bambanglipuro
2612,Permukiman,">3,10 km/km2",Fluvisol,0 - 50 m (Sangat Dekat),500 - 1000 mm/th (Agak Rendah),25-40% (Curam),Sedang,Lendah
2613,Permukiman,">3,10 km/km2",Fluvisol,0 - 50 m (Sangat Dekat),500 - 1000 mm/th (Agak Rendah),>40% (Sangat Curam),Sedang,Pundong
2614,Permukiman,">3,10 km/km2",Fluvisol,50 - 100 m (Dekat),1000 - 2000 mm/th (Sedang),0-8% (Datar),Tinggi,Temon
2615,Permukiman,">3,10 km/km2",Fluvisol,50 - 100 m (Dekat),1000 - 2000 mm/th (Sedang),8-15% (Landai),Tinggi,Temon
2616,Permukiman,">3,10 km/km2",Fluvisol,50 - 100 m (Dekat),1000 - 2000 mm/th (Sedang),15-25% (Agak Curam),Tinggi,Temon
2617,Permukiman,">3,10 km/km2",Fluvisol,50 - 100 m (Dekat),500 - 1000 mm/th (Agak Rendah),0-8% (Datar),Sedang,Bambanglipuro
2618,Permukiman,">3,10 km/km2",Fluvisol,50 - 100 m (Dekat),500 - 1000 mm/th (Agak Rendah),8-15% (Landai),Sedang,Bambanglipuro
2619,Permukiman,">3,10 km/km2",Fluvisol,50 - 100 m (Dekat),500 - 1000 mm/th (Agak Rendah),15-25% (Agak Curam),Sedang,Bambanglipuro
2620,Permukiman,">3,10 km/km2",Fluvisol,50 - 100 m (Dekat),500 - 1000 mm/th (Agak Rendah),25-40% (Curam),Sedang,Lendah
2621,Permukiman,">3,10 km/km2",Fluvisol,50 - 100 m (Dekat),500 - 1000 mm/th (Agak Rendah),>40% (Sangat Curam),Sedang,Pundong
2622,Permukiman,">3,10 km/km2",Fluvisol,100 - 250 m (Sedang),1000 - 2000 mm/th (Sedang),0-8% (Datar),Sedang,Temon
2623,Permukiman,">3,10 km/km2",Fluvisol,100 - 250 m (Sedang),1000 - 2000 mm/th (Sedang),8-15% (Landai),Sedang,Temon
2624,Permukiman,">3,10 km/km2",Fluvisol,100 - 250 m (Sedang),1000 - 2000 mm/th (Sedang),15-25% (Agak Curam),Sedang,Temon
2625,Permukiman,">3,10 km/km2",Fluvisol,100 - 250 m (Sedang),500 - 1000 mm/th (Agak Rendah),0-8% (Datar),Sedang,Bambanglipuro
2626,Permukiman,">3,10 km/km2",Fluvisol,100 - 250 m (Sedang),500 - 1000 mm/th (Agak Rendah),8-15% (Landai),Sedang,Bambanglipuro
2627,Permukiman,">3,10 km/km2",Fluvisol,100 - 250 m (Sedang),500 - 1000 mm/th (Agak Rendah),15-25% (Agak Curam),Sedang,Bambanglipuro
2628,Permukiman,">3,10 km/km2",Fluvisol,100 - 250 m (Sedang),500 - 1000 mm/th (Agak Rendah),25-40% (Curam),Sedang,Lendah
2629,Permukiman,">3,10 km/km2",Fluvisol,100 - 250 m (Sedang),500 - 1000 mm/th (Agak Rendah),>40% (Sangat Curam),Sedang,Pundong
2630,Permukiman,">3,10 km/km2",Fluvisol,250 - 500 m (Jauh),1000 - 2000 mm/th (Sedang),8-15% (Landai),Sedang,Temon
2631,Permukiman,">3,10 km/km2",Fluvisol,250 - 500 m (Jauh),500 - 1000 mm/th (Agak Rendah),0-8% (Datar),Sedang,Bambanglipuro
2632,Permukiman,">3,10 km/km2",Fluvisol,250 - 500 m (Jauh),500 - 1000 mm/th (Agak Rendah),8-15% (Landai),Sedang,Bambanglipuro
2633,Permukiman,">3,10 km/km2",Fluvisol,250 - 500 m (Jauh),500 - 1000 mm/th (Agak Rendah),15-25% (Agak Curam),Sedang,Bambanglipuro
2634,Permukiman,">3,10 km/km2",Fluvisol,250 - 500 m (Jauh),500 - 1000 mm/th (Agak Rendah),25-40% (Curam),Sedang,Kretek
2635,Permukiman,">3,10 km/km2",Fluvisol,250 - 500 m (Jauh),500 - 1000 mm/th (Agak Rendah),>40% (Sangat Curam),Rendah,Pundong
2636,Permukiman,">3,10 km/km2",Nitosol,>500 m (Sangat Jauh),1000 - 2000 mm/th (Sedang),0-8% (Datar),Sedang,Pengasih
2637,Permukiman,">3,10 km/km2",Nitosol,>500 m (Sangat Jauh),1000 - 2000 mm/th (Sedang),8-15% (Landai),Sedang,Pengasih
2638,Permukiman,">3,10 km/km2",Nitosol,>500 m (Sangat Jauh),1000 - 2000 mm/th (Sedang),15-25% (Agak Curam),Sedang,Pengasih
2639,Permukiman,">3,10 km/km2",Nitosol,>500 m (Sangat Jauh),1000 - 2000 mm/th (Sedang),25-40% (Curam),Sedang,Pengasih
2640,Permukiman,">3,10 km/km2",Nitosol,0 - 50 m (Sangat Dekat),1000 - 2000 mm/th (Sedang),0-8% (Datar),Tinggi,Kokap
2641,Permukiman,">3,10 km/km2",Nitosol,0 - 50 m (Sangat Dekat),1000 - 2000 mm/th (Sedang),8-15% (Landai),Tinggi,Kokap
2642,Permukiman,">3,10 km/km2",Nitosol,0 - 50 m (Sangat Dekat),1000 - 2000 mm/th (Sedang),15-25% (Agak Curam),Tinggi,Kokap
2643,Permukiman,">3,10 km/km2",Nitosol,0 - 50 m (Sangat Dekat),1000 - 2000 mm/th (Sedang),25-40% (Curam),Tinggi,Kokap
2644,Permukiman,">3,10 km/km2",Nitosol,0 - 50 m (Sangat Dekat),1000 - 2000 mm/th (Sedang),>40% (Sangat Curam),Tinggi,Kokap
2645,Permukiman,">3,10 km/km2",Nitosol,50 - 100 m (Dekat),1000 - 2000 mm/th (Sedang),0-8% (Datar),Tinggi,Nanggulan
2646,Permukiman,">3,10 km/km2",Nitosol,50 - 100 m (Dekat),1000 - 2000 mm/th (Sedang),8-15% (Landai),Sedang,Kokap
2647,Permukiman,">3,10 km/km2",Nitosol,50 - 100 m (Dekat),1000 - 2000 mm/th (Sedang),15-25% (Agak Curam),Sedang,Kokap
2648,Permukiman,">3,10 km/km2",Nitosol,50 - 100 m (Dekat),1000 - 2000 mm/th (Sedang),25-40% (Curam),Sedang,Girimulyo
2649,Permukiman,">3,10 km/km2",Nitosol,50 - 100 m (Dekat),1000 - 2000 mm/th (Sedang),>40% (Sangat Curam),Sedang,Girimulyo
2650,Permukiman,">3,10 km/km2",Nitosol,100 - 250 m (Sedang),1000 - 2000 mm/th (Sedang),0-8% (Datar),Sedang,Nanggulan
2651,Permukiman,">3,10 km/km2",Nitosol,100 - 250 m (Sedang),1000 - 2000 mm/th (Sedang),8-15% (Landai),Sedang,Kokap
2652,Permukiman,">3,10 km/km2",Nitosol,100 - 250 m (Sedang),1000 - 2000 mm/th (Sedang),15-25% (Agak Curam),Sedang,Kokap
2653,Permukiman,">3,10 km/km2",Nitosol,100 - 250 m (Sedang),1000 - 2000 mm/th (Sedang),25-40% (Curam),Sedang,Girimulyo
2654,Permukiman,">3,10 km/km2",Nitosol,100 - 250 m (Sedang),1000 - 2000 mm/th (Sedang),>40% (Sangat Curam),Sedang,Girimulyo
2655,Permukiman,">3,10 km/km2",Nitosol,250 - 500 m (Jauh),1000 - 2000 mm/th (Sedang),0-8% (Datar),Sedang,Nanggulan
2656,Permukiman,">3,10 km/km2",Nitosol,250 - 500 m (Jauh),1000 - 2000 mm/th (Sedang),8-15% (Landai),Sedang,Nanggulan
2657,Permukiman,">3,10 km/km2",Nitosol,250 - 500 m (Jauh),1000 - 2000 mm/th (Sedang),15-25% (Agak Curam),Sedang,Nanggulan
2658,Permukiman,">3,10 km/km2",Nitosol,250 - 500 m (Jauh),1000 - 2000 mm/th (Sedang),25-40% (Curam),Sedang,Kokap
2659,Permukiman,">3,10 km/km2",Nitosol,250 - 500 m (Jauh),1000 - 2000 mm/th (Sedang),>40% (Sangat Curam),Sedang,Kokap
2660,Permukiman,">3,10 km/km2",Vertisol,0 - 50 m (Sangat Dekat),500 - 1000 mm/th (Agak Rendah),0-8% (Datar),Sedang,Nglipar
2661,Permukiman,">3,10 km/km2",Vertisol,0 - 50 m (Sangat Dekat),500 - 1000 mm/th (Agak Rendah),8-15% (Landai),Sedang,Nglipar
2662,Permukiman,">3,10 km/km2",Vertisol,0 - 50 m (Sangat Dekat),500 - 1000 mm/th (Agak Rendah),15-25% (Agak Curam),Sedang,Nglipar
2663,Permukiman,">3,10 km/km2",Vertisol,50 - 100 m (Dekat),500 - 1000 mm/th (Agak Rendah),0-8% (Datar),Sedang,Nglipar
2664,Permukiman,">3,10 km/km2",Vertisol,50 - 100 m (Dekat),500 - 1000 mm/th (Agak Rendah),8-15% (Landai),Sedang,Nglipar
2665,Permukiman,">3,10 km/km2",Vertisol,50 - 100 m (Dekat),500 - 1000 mm/th (Agak Rendah),15-25% (Agak Curam),Sedang,Nglipar
2666,Permukiman,">3,10 km/km2",Vertisol,100 - 250 m (Sedang),500 - 1000 mm/th (Agak Rendah),0-8% (Datar),Sedang,Nglipar
2667,Permukiman,">3,10 km/km2",Vertisol,100 - 250 m (Sedang),500 - 1000 mm/th (Agak Rendah),8-15% (Landai),Sedang,Nglipar
2668,Permukiman,">3,10 km/km2",Vertisol,100 - 250 m (Sedang),500 - 1000 mm/th (Agak Rendah),15-25% (Agak Curam),Sedang,Nglipar
2669,Permukiman,">3,10 km/km2",Vertisol,250 - 500 m (Jauh),500 - 1000 mm/th (Agak Rendah),0-8% (Datar),Sedang,Nglipar
2670,Permukiman,">3,10 km/km2",Vertisol,250 - 500 m (Jauh),500 - 1000 mm/th (Agak Rendah),8-15% (Landai),Sedang,Nglipar
2671,Permukiman,">3,10 km/km2",Vertisol,250 - 500 m (Jauh),500 - 1000 mm/th (Agak Rendah),15-25% (Agak Curam),Sedang,Nglipar
2672,Lahan Terbuka,"<0,62 km/km2",Litosol,>500 m (Sangat Jauh),500 - 1000 mm/th (Agak Rendah),0-8% (Datar),Rendah,Kretek
2673,Lahan Terbuka,"<0,62 km/km2",Litosol,>500 m (Sangat Jauh),500 - 1000 mm/th (Agak Rendah),8-15% (Landai),Rendah,Girisubo
2674,Lahan Terbuka,"<0,62 km/km2",Litosol,>500 m (Sangat Jauh),500 - 1000 mm/th (Agak Rendah),15-25% (Agak Curam),Rendah,Girisubo
2675,Lahan Terbuka,"<0,62 km/km2",Litosol,>500 m (Sangat Jauh),500 - 1000 mm/th (Agak Rendah),25-40% (Curam),Rendah,Girisubo
2676,Lahan Terbuka,"<0,62 km/km2",Litosol,>500 m (Sangat Jauh),500 - 1000 mm/th (Agak Rendah),>40% (Sangat Curam),Rendah,Semanu
2677,Lahan Terbuka,"<0,62 km/km2",Litosol,100 - 250 m (Sedang),500 - 1000 mm/th (Agak Rendah),0-8% (Datar),Sedang,Tanjungsari
2678,Lahan Terbuka,"<0,62 km/km2",Litosol,100 - 250 m (Sedang),500 - 1000 mm/th (Agak Rendah),15-25% (Agak Curam),Sedang,Tanjungsari
2679,Lahan Terbuka,"<0,62 km/km2",Litosol,100 - 250 m (Sedang),500 - 1000 mm/th (Agak Rendah),25-40% (Curam),Sedang,Ponjong
2680,Lahan Terbuka,"<0,62 km/km2",Litosol,250 - 500 m (Jauh),500 - 1000 mm/th (Agak Rendah),0-8% (Datar),Sedang,Kretek
2681,Lahan Terbuka,"<0,62 km/km2",Litosol,250 - 500 m (Jauh),500 - 1000 mm/th (Agak Rendah),8-15% (Landai),Sedang,Kretek
2682,Lahan Terbuka,"<0,62 km/km2",Litosol,250 - 500 m (Jauh),500 - 1000 mm/th (Agak Rendah),15-25% (Agak Curam),Rendah,Ponjong
2683,Lahan Terbuka,"<0,62 km/km2",Litosol,250 - 500 m (Jauh),500 - 1000 mm/th (Agak Rendah),25-40% (Curam),Rendah,Ponjong
2684,Lahan Terbuka,"<0,62 km/km2",Fluvisol,>500 m (Sangat Jauh),500 - 1000 mm/th (Agak Rendah),0-8% (Datar),Sedang,Galur
2685,Lahan Terbuka,"<0,62 km/km2",Fluvisol,>500 m (Sangat Jauh),500 - 1000 mm/th (Agak Rendah),8-15% (Landai),Rendah,Kretek
2686,Lahan Terbuka,"0,62 - 1.44 km/km2",Luvisol,100 - 250 m (Sedang),1000 - 2000 mm/th (Sedang),>40% (Sangat Curam),Sedang,Pakem
2687,Lahan Terbuka,"0,62 - 1.44 km/km2",Luvisol,250 - 500 m (Jauh),1000 - 2000 mm/th (Sedang),>40% (Sangat Curam),Sedang,Pakem
2688,Lahan Terbuka,"0,62 - 1.44 km/km2",Andosol,0 - 50 m (Sangat Dekat),1000 - 2000 mm/th (Sedang),>40% (Sangat Curam),Sedang,Cangkringan
2689,Lahan Terbuka,"0,62 - 1.44 km/km2",Andosol,50 - 100 m (Dekat),1000 - 2000 mm/th (Sedang),>40% (Sangat Curam),Sedang,Cangkringan
2690,Lahan Terbuka,"0,62 - 1.44 km/km2",Andosol,100 - 250 m (Sedang),1000 - 2000 mm/th (Sedang),>40% (Sangat Curam),Sedang,Cangkringan
2691,Lahan Terbuka,"0,62 - 1.44 km/km2",Andosol,250 - 500 m (Jauh),1000 - 2000 mm/th (Sedang),>40% (Sangat Curam),Sedang,Cangkringan
2692,Lahan Terbuka,"0,62 - 1.44 km/km2",Litosol,50 - 100 m (Dekat),500 - 1000 mm/th (Agak Rendah),8-15% (Landai),Sedang,Paliyan
2693,Lahan Terbuka,"0,62 - 1.44 km/km2",Litosol,50 - 100 m (Dekat),500 - 1000 mm/th (Agak Rendah),15-25% (Agak Curam),Sedang,Paliyan
2694,Lahan Terbuka,"0,62 - 1.44 km/km2",Litosol,50 - 100 m (Dekat),500 - 1000 mm/th (Agak Rendah),25-40% (Curam),Sedang,Paliyan
2695,Lahan Terbuka,"0,62 - 1.44 km/km2",Litosol,50 - 100 m (Dekat),500 - 1000 mm/th (Agak Rendah),>40% (Sangat Curam),Sedang,Paliyan
2696,Lahan Terbuka,"0,62 - 1.44 km/km2",Litosol,100 - 250 m (Sedang),500 - 1000 mm/th (Agak Rendah),8-15% (Landai),Sedang,Paliyan
2697,Lahan Terbuka,"0,62 - 1.44 km/km2",Litosol,100 - 250 m (Sedang),500 - 1000 mm/th (Agak Rendah),15-25% (Agak Curam),Sedang,Paliyan
2698,Lahan Terbuka,"0,62 - 1.44 km/km2",Litosol,100 - 250 m (Sedang),500 - 1000 mm/th (Agak Rendah),25-40% (Curam),Sedang,Paliyan
2699,Lahan Terbuka,"0,62 - 1.44 km/km2",Gleisol,0 - 50 m (Sangat Dekat),1000 - 2000 mm/th (Sedang),>40% (Sangat Curam),Tinggi,Cangkringan
2700,Lahan Terbuka,"0,62 - 1.44 km/km2",Gleisol,50 - 100 m (Dekat),1000 - 2000 mm/th (Sedang),>40% (Sangat Curam),Sedang,Cangkringan
2701,Lahan Terbuka,"0,62 - 1.44 km/km2",Gleisol,100 - 250 m (Sedang),1000 - 2000 mm/th (Sedang),>40% (Sangat Curam),Sedang,Cangkringan
2702,Lahan Terbuka,"0,62 - 1.44 km/km2",Fluvisol,>500 m (Sangat Jauh),1000 - 2000 mm/th (Sedang),0-8% (Datar),Sedang,Temon
2703,Lahan Terbuka,"0,62 - 1.44 km/km2",Fluvisol,>500 m (Sangat Jauh),1000 - 2000 mm/th (Sedang),8-15% (Landai),Sedang,Temon
2704,Lahan Terbuka,"0,62 - 1.44 km/km2",Fluvisol,>500 m (Sangat Jauh),500 - 1000 mm/th (Agak Rendah),0-8% (Datar),Rendah,Galur
2705,Lahan Terbuka,"0,62 - 1.44 km/km2",Fluvisol,250 - 500 m (Jauh),500 - 1000 mm/th (Agak Rendah),0-8% (Datar),Sedang,Galur
2706,Lahan Terbuka,"1,44 - 2,27 km/km2",Luvisol,100 - 250 m (Sedang),1000 - 2000 mm/th (Sedang),>40% (Sangat Curam),Sedang,Pakem
2707,Lahan Terbuka,"1,44 - 2,27 km/km2",Luvisol,250 - 500 m (Jauh),1000 - 2000 mm/th (Sedang),>40% (Sangat Curam),Sedang,Pakem
2708,Lahan Terbuka,"1,44 - 2,27 km/km2",Andosol,50 - 100 m (Dekat),1000 - 2000 mm/th (Sedang),>40% (Sangat Curam),Sedang,Cangkringan
2709,Lahan Terbuka,"1,44 - 2,27 km/km2",Gleisol,0 - 50 m (Sangat Dekat),1000 - 2000 mm/th (Sedang),15-25% (Agak Curam),Tinggi,Cangkringan
2710,Lahan Terbuka,"1,44 - 2,27 km/km2",Gleisol,0 - 50 m (Sangat Dekat),1000 - 2000 mm/th (Sedang),25-40% (Curam),Tinggi,Cangkringan
2711,Lahan Terbuka,"1,44 - 2,27 km/km2",Gleisol,0 - 50 m (Sangat Dekat),1000 - 2000 mm/th (Sedang),>40% (Sangat Curam),Tinggi,Cangkringan
2712,Lahan Terbuka,"1,44 - 2,27 km/km2",Gleisol,50 - 100 m (Dekat),1000 - 2000 mm/th (Sedang),8-15% (Landai),Sedang,Cangkringan
2713,Lahan Terbuka,"1,44 - 2,27 km/km2",Gleisol,50 - 100 m (Dekat),1000 - 2000 mm/th (Sedang),15-25% (Agak Curam),Sedang,Cangkringan
2714,Lahan Terbuka,"1,44 - 2,27 km/km2",Gleisol,50 - 100 m (Dekat),1000 - 2000 mm/th (Sedang),25-40% (Curam),Sedang,Cangkringan
2715,Lahan Terbuka,"1,44 - 2,27 km/km2",Gleisol,50 - 100 m (Dekat),1000 - 2000 mm/th (Sedang),>40% (Sangat Curam),Sedang,Cangkringan
2716,Lahan Terbuka,"1,44 - 2,27 km/km2",Gleisol,100 - 250 m (Sedang),1000 - 2000 mm/th (Sedang),15-25% (Agak Curam),Sedang,Cangkringan
2717,Lahan Terbuka,"1,44 - 2,27 km/km2",Gleisol,100 - 250 m (Sedang),1000 - 2000 mm/th (Sedang),25-40% (Curam),Sedang,Cangkringan
2718,Lahan Terbuka,"1,44 - 2,27 km/km2",Gleisol,100 - 250 m (Sedang),1000 - 2000 mm/th (Sedang),>40% (Sangat Curam),Sedang,Cangkringan
2719,Lahan Terbuka,"1,44 - 2,27 km/km2",Gleisol,250 - 500 m (Jauh),1000 - 2000 mm/th (Sedang),>40% (Sangat Curam),Sedang,Pakem
2720,Lahan Terbuka,"1,44 - 2,27 km/km2",Fluvisol,100 - 250 m (Sedang),1000 - 2000 mm/th (Sedang),25-40% (Curam),Sedang,Kokap
2721,Lahan Terbuka,"1,44 - 2,27 km/km2",Fluvisol,250 - 500 m (Jauh),1000 - 2000 mm/th (Sedang),25-40% (Curam),Sedang,Kokap
2722,Lahan Terbuka,"2,27 - 3,10 km/km2",Litosol,100 - 250 m (Sedang),500 - 1000 mm/th (Agak Rendah),8-15% (Landai),Rendah,Sedayu
2723,Lahan Terbuka,"2,27 - 3,10 km/km2",Gleisol,0 - 50 m (Sangat Dekat),1000 - 2000 mm/th (Sedang),25-40% (Curam),Sedang,Cangkringan
2724,Lahan Terbuka,"2,27 - 3,10 km/km2",Gleisol,0 - 50 m (Sangat Dekat),1000 - 2000 mm/th (Sedang),>40% (Sangat Curam),Sedang,Cangkringan
2725,Lahan Terbuka,"2,27 - 3,10 km/km2",Gleisol,50 - 100 m (Dekat),1000 - 2000 mm/th (Sedang),>40% (Sangat Curam),Sedang,Cangkringan
2726,Lahan Terbuka,"2,27 - 3,10 km/km2",Fluvisol,250 - 500 m (Jauh),1000 - 2000 mm/th (Sedang),15-25% (Agak Curam),Sedang,Kokap
2727,Lahan Terbuka,"2,27 - 3,10 km/km2",Fluvisol,250 - 500 m (Jauh),1000 - 2000 mm/th (Sedang),25-40% (Curam),Sedang,Kokap
2728,Lahan Terbuka,">3,10 km/km2",Gleisol,0 - 50 m (Sangat Dekat),1000 - 2000 mm/th (Sedang),8-15% (Landai),Tinggi,Cangkringan
2729,Lahan Terbuka,">3,10 km/km2",Gleisol,0 - 50 m (Sangat Dekat),1000 - 2000 mm/th (Sedang),15-25% (Agak Curam),Sedang,Cangkringan
2730,Lahan Terbuka,">3,10 km/km2",Gleisol,0 - 50 m (Sangat Dekat),1000 - 2000 mm/th (Sedang),25-40% (Curam),Sedang,Cangkringan
2731,Lahan Terbuka,">3,10 km/km2",Gleisol,50 - 100 m (Dekat),1000 - 2000 mm/th (Sedang),0-8% (Datar),Sedang,Mlati
2732,Lahan Terbuka,">3,10 km/km2",Gleisol,50 - 100 m (Dekat),1000 - 2000 mm/th (Sedang),8-15% (Landai),Sedang,Cangkringan
2733,Lahan Terbuka,">3,10 km/km2",Gleisol,50 - 100 m (Dekat),1000 - 2000 mm/th (Sedang),15-25% (Agak Curam),Sedang,Cangkringan
2734,Lahan Terbuka,">3,10 km/km2",Gleisol,50 - 100 m (Dekat),1000 - 2000 mm/th (Sedang),25-40% (Curam),Sedang,Cangkringan
2735,Lahan Terbuka,">3,10 km/km2",Gleisol,50 - 100 m (Dekat),1000 - 2000 mm/th (Sedang),>40% (Sangat Curam),Sedang,Cangkringan
2736,Lahan Terbuka,">3,10 km/km2",Gleisol,100 - 250 m (Sedang),1000 - 2000 mm/th (Sedang),0-8% (Datar),Sedang,Mlati
2737,Lahan Terbuka,">3,10 km/km2",Gleisol,250 - 500 m (Jauh),1000 - 2000 mm/th (Sedang),0-8% (Datar),Sedang,Mlati
2738,Lahan Terbuka,">3,10 km/km2",Nitosol,100 - 250 m (Sedang),1000 - 2000 mm/th (Sedang),>40% (Sangat Curam),Sedang,Kokap
2739,Padang Rumput,"<0,62 km/km2",Litosol,>500 m (Sangat Jauh),500 - 1000 mm/th (Agak Rendah),0-8% (Datar),Sedang,Girisubo
2740,Padang Rumput,"<0,62 km/km2",Litosol,>500 m (Sangat Jauh),500 - 1000 mm/th (Agak Rendah),8-15% (Landai),Rendah,Girisubo
2741,Padang Rumput,"<0,62 km/km2",Litosol,>500 m (Sangat Jauh),500 - 1000 mm/th (Agak Rendah),15-25% (Agak Curam),Rendah,Girisubo
2742,Padang Rumput,"<0,62 km/km2",Litosol,>500 m (Sangat Jauh),500 - 1000 mm/th (Agak Rendah),25-40% (Curam),Rendah,Girisubo
2743,Padang Rumput,"<0,62 km/km2",Litosol,>500 m (Sangat Jauh),500 - 1000 mm/th (Agak Rendah),>40% (Sangat Curam),Rendah,Girisubo
2744,Padang Rumput,"<0,62 km/km2",Litosol,0 - 50 m (Sangat Dekat),500 - 1000 mm/th (Agak Rendah),0-8% (Datar),Tinggi,Girisubo
2745,Padang Rumput,"<0,62 km/km2",Litosol,0 - 50 m (Sangat Dekat),500 - 1000 mm/th (Agak Rendah),8-15% (Landai),Sedang,Girisubo
2746,Padang Rumput,"<0,62 km/km2",Litosol,0 - 50 m (Sangat Dekat),500 - 1000 mm/th (Agak Rendah),15-25% (Agak Curam),Sedang,Girisubo
2747,Padang Rumput,"<0,62 km/km2",Litosol,0 - 50 m (Sangat Dekat),500 - 1000 mm/th (Agak Rendah),25-40% (Curam),Sedang,Girisubo
2748,Padang Rumput,"<0,62 km/km2",Litosol,0 - 50 m (Sangat Dekat),500 - 1000 mm/th (Agak Rendah),>40% (Sangat Curam),Sedang,Girisubo
2749,Padang Rumput,"<0,62 km/km2",Litosol,50 - 100 m (Dekat),500 - 1000 mm/th (Agak Rendah),0-8% (Datar),Sedang,Girisubo
2750,Padang Rumput,"<0,62 km/km2",Litosol,50 - 100 m (Dekat),500 - 1000 mm/th (Agak Rendah),8-15% (Landai),Sedang,Girisubo
2751,Padang Rumput,"<0,62 km/km2",Litosol,50 - 100 m (Dekat),500 - 1000 mm/th (Agak Rendah),15-25% (Agak Curam),Sedang,Girisubo
2752,Padang Rumput,"<0,62 km/km2",Litosol,50 - 100 m (Dekat),500 - 1000 mm/th (Agak Rendah),25-40% (Curam),Sedang,Girisubo
2753,Padang Rumput,"<0,62 km/km2",Litosol,50 - 100 m (Dekat),500 - 1000 mm/th (Agak Rendah),>40% (Sangat Curam),Sedang,Girisubo
2754,Padang Rumput,"<0,62 km/km2",Litosol,100 - 250 m (Sedang),500 - 1000 mm/th (Agak Rendah),0-8% (Datar),Sedang,Girisubo
2755,Padang Rumput,"<0,62 km/km2",Litosol,100 - 250 m (Sedang),500 - 1000 mm/th (Agak Rendah),8-15% (Landai),Sedang,Girisubo
2756,Padang Rumput,"<0,62 km/km2",Litosol,100 - 250 m (Sedang),500 - 1000 mm/th (Agak Rendah),15-25% (Agak Curam),Sedang,Girisubo
2757,Padang Rumput,"<0,62 km/km2",Litosol,100 - 250 m (Sedang),500 - 1000 mm/th (Agak Rendah),25-40% (Curam),Sedang,Girisubo
2758,Padang Rumput,"<0,62 km/km2",Litosol,100 - 250 m (Sedang),500 - 1000 mm/th (Agak Rendah),>40% (Sangat Curam),Sedang,Girisubo
2759,Padang Rumput,"<0,62 km/km2",Litosol,250 - 500 m (Jauh),500 - 1000 mm/th (Agak Rendah),0-8% (Datar),Sedang,Girisubo
2760,Padang Rumput,"<0,62 km/km2",Litosol,250 - 500 m (Jauh),500 - 1000 mm/th (Agak Rendah),8-15% (Landai),Sedang,Girisubo
2761,Padang Rumput,"<0,62 km/km2",Litosol,250 - 500 m (Jauh),500 - 1000 mm/th (Agak Rendah),15-25% (Agak Curam),Sedang,Girisubo
2762,Padang Rumput,"<0,62 km/km2",Litosol,250 - 500 m (Jauh),500 - 1000 mm/th (Agak Rendah),25-40% (Curam),Sedang,Girisubo
2763,Padang Rumput,"<0,62 km/km2",Litosol,250 - 500 m (Jauh),500 - 1000 mm/th (Agak Rendah),>40% (Sangat Curam),Sedang,Girisubo
2764,Padang Rumput,"<0,62 km/km2",Fluvisol,>500 m (Sangat Jauh),1000 - 2000 mm/th (Sedang),0-8% (Datar),Sedang,Temon
2765,Padang Rumput,"<0,62 km/km2",Fluvisol,>500 m (Sangat Jauh),1000 - 2000 mm/th (Sedang),8-15% (Landai),Sedang,Temon
2766,Padang Rumput,"<0,62 km/km2",Fluvisol,>500 m (Sangat Jauh),500 - 1000 mm/th (Agak Rendah),0-8% (Datar),Sedang,Galur
2767,Padang Rumput,"<0,62 km/km2",Fluvisol,>500 m (Sangat Jauh),500 - 1000 mm/th (Agak Rendah),8-15% (Landai),Sedang,Kretek
2768,Padang Rumput,"<0,62 km/km2",Fluvisol,>500 m (Sangat Jauh),500 - 1000 mm/th (Agak Rendah),15-25% (Agak Curam),Sedang,Kretek
2769,Padang Rumput,"<0,62 km/km2",Fluvisol,100 - 250 m (Sedang),1000 - 2000 mm/th (Sedang),0-8% (Datar),Tinggi,Temon
2770,Padang Rumput,"<0,62 km/km2",Fluvisol,250 - 500 m (Jauh),1000 - 2000 mm/th (Sedang),0-8% (Datar),Sedang,Temon
2771,Padang Rumput,"<0,62 km/km2",Fluvisol,250 - 500 m (Jauh),1000 - 2000 mm/th (Sedang),8-15% (Landai),Sedang,Temon
2772,Padang Rumput,"<0,62 km/km2",Vertisol,>500 m (Sangat Jauh),500 - 1000 mm/th (Agak Rendah),0-8% (Datar),Sedang,Semanu
2773,Padang Rumput,"<0,62 km/km2",Vertisol,>500 m (Sangat Jauh),500 - 1000 mm/th (Agak Rendah),8-15% (Landai),Sedang,Semanu
2774,Padang Rumput,"<0,62 km/km2",Vertisol,>500 m (Sangat Jauh),500 - 1000 mm/th (Agak Rendah),15-25% (Agak Curam),Sedang,Semanu
2775,Padang Rumput,"<0,62 km/km2",Vertisol,>500 m (Sangat Jauh),500 - 1000 mm/th (Agak Rendah),25-40% (Curam),Rendah,Semanu
2776,Padang Rumput,"<0,62 km/km2",Vertisol,>500 m (Sangat Jauh),500 - 1000 mm/th (Agak Rendah),>40% (Sangat Curam),Rendah,Semanu
2777,Padang Rumput,"<0,62 km/km2",Vertisol,250 - 500 m (Jauh),500 - 1000 mm/th (Agak Rendah),0-8% (Datar),Sedang,Semanu
2778,Padang Rumput,"<0,62 km/km2",Vertisol,250 - 500 m (Jauh),500 - 1000 mm/th (Agak Rendah),>40% (Sangat Curam),Sedang,Semanu
2779,Padang Rumput,"0,62 - 1.44 km/km2",Andosol,100 - 250 m (Sedang),1000 - 2000 mm/th (Sedang),>40% (Sangat Curam),Sedang,Cangkringan
2780,Padang Rumput,"0,62 - 1.44 km/km2",Andosol,250 - 500 m (Jauh),1000 - 2000 mm/th (Sedang),>40% (Sangat Curam),Sedang,Cangkringan
2781,Padang Rumput,"0,62 - 1.44 km/km2",Litosol,>500 m (Sangat Jauh),500 - 1000 mm/th (Agak Rendah),0-8% (Datar),Rendah,Dlingo
2782,Padang Rumput,"0,62 - 1.44 km/km2",Litosol,>500 m (Sangat Jauh),500 - 1000 mm/th (Agak Rendah),8-15% (Landai),Rendah,Dlingo
2783,Padang Rumput,"0,62 - 1.44 km/km2",Litosol,>500 m (Sangat Jauh),500 - 1000 mm/th (Agak Rendah),15-25% (Agak Curam),Rendah,Dlingo
2784,Padang Rumput,"0,62 - 1.44 km/km2",Litosol,>500 m (Sangat Jauh),500 - 1000 mm/th (Agak Rendah),25-40% (Curam),Rendah,Imogiri
2785,Padang Rumput,"0,62 - 1.44 km/km2",Litosol,>500 m (Sangat Jauh),500 - 1000 mm/th (Agak Rendah),>40% (Sangat Curam),Rendah,Imogiri
2786,Padang Rumput,"0,62 - 1.44 km/km2",Litosol,0 - 50 m (Sangat Dekat),500 - 1000 mm/th (Agak Rendah),0-8% (Datar),Sedang,Dlingo
2787,Padang Rumput,"0,62 - 1.44 km/km2",Litosol,0 - 50 m (Sangat Dekat),500 - 1000 mm/th (Agak Rendah),8-15% (Landai),Sedang,Dlingo
2788,Padang Rumput,"0,62 - 1.44 km/km2",Litosol,0 - 50 m (Sangat Dekat),500 - 1000 mm/th (Agak Rendah),15-25% (Agak Curam),Sedang,Dlingo
2789,Padang Rumput,"0,62 - 1.44 km/km2",Litosol,0 - 50 m (Sangat Dekat),500 - 1000 mm/th (Agak Rendah),25-40% (Curam),Sedang,Dlingo
2790,Padang Rumput,"0,62 - 1.44 km/km2",Litosol,0 - 50 m (Sangat Dekat),500 - 1000 mm/th (Agak Rendah),>40% (Sangat Curam),Sedang,Dlingo
2791,Padang Rumput,"0,62 - 1.44 km/km2",Litosol,50 - 100 m (Dekat),500 - 1000 mm/th (Agak Rendah),0-8% (Datar),Sedang,Dlingo
2792,Padang Rumput,"0,62 - 1.44 km/km2",Litosol,50 - 100 m (Dekat),500 - 1000 mm/th (Agak Rendah),8-15% (Landai),Sedang,Dlingo
2793,Padang Rumput,"0,62 - 1.44 km/km2",Litosol,50 - 100 m (Dekat),500 - 1000 mm/th (Agak Rendah),15-25% (Agak Curam),Sedang,Dlingo
2794,Padang Rumput,"0,62 - 1.44 km/km2",Litosol,50 - 100 m (Dekat),500 - 1000 mm/th (Agak Rendah),25-40% (Curam),Sedang,Dlingo
2795,Padang Rumput,"0,62 - 1.44 km/km2",Litosol,50 - 100 m (Dekat),500 - 1000 mm/th (Agak Rendah),>40% (Sangat Curam),Sedang,Dlingo
2796,Padang Rumput,"0,62 - 1.44 km/km2",Litosol,100 - 250 m (Sedang),500 - 1000 mm/th (Agak Rendah),0-8% (Datar),Sedang,Dlingo
2797,Padang Rumput,"0,62 - 1.44 km/km2",Litosol,100 - 250 m (Sedang),500 - 1000 mm/th (Agak Rendah),8-15% (Landai),Sedang,Dlingo
2798,Padang Rumput,"0,62 - 1.44 km/km2",Litosol,100 - 250 m (Sedang),500 - 1000 mm/th (Agak Rendah),15-25% (Agak Curam),Sedang,Dlingo
2799,Padang Rumput,"0,62 - 1.44 km/km2",Litosol,100 - 250 m (Sedang),500 - 1000 mm/th (Agak Rendah),25-40% (Curam),Sedang,Dlingo
2800,Padang Rumput,"0,62 - 1.44 km/km2",Litosol,100 - 250 m (Sedang),500 - 1000 mm/th (Agak Rendah),>40% (Sangat Curam),Sedang,Dlingo
2801,Padang Rumput,"0,62 - 1.44 km/km2",Litosol,250 - 500 m (Jauh),500 - 1000 mm/th (Agak Rendah),0-8% (Datar),Sedang,Dlingo
2802,Padang Rumput,"0,62 - 1.44 km/km2",Litosol,250 - 500 m (Jauh),500 - 1000 mm/th (Agak Rendah),8-15% (Landai),Sedang,Dlingo
2803,Padang Rumput,"0,62 - 1.44 km/km2",Litosol,250 - 500 m (Jauh),500 - 1000 mm/th (Agak Rendah),15-25% (Agak Curam),Sedang,Dlingo
2804,Padang Rumput,"0,62 - 1.44 km/km2",Litosol,250 - 500 m (Jauh),500 - 1000 mm/th (Agak Rendah),25-40% (Curam),Rendah,Dlingo
2805,Padang Rumput,"0,62 - 1.44 km/km2",Litosol,250 - 500 m (Jauh),500 - 1000 mm/th (Agak Rendah),>40% (Sangat Curam),Rendah,Dlingo
2806,Padang Rumput,"0,62 - 1.44 km/km2",Gleisol,50 - 100 m (Dekat),1000 - 2000 mm/th (Sedang),>40% (Sangat Curam),Tinggi,Cangkringan
2807,Padang Rumput,"0,62 - 1.44 km/km2",Gleisol,50 - 100 m (Dekat),500 - 1000 mm/th (Agak Rendah),>40% (Sangat Curam),Sedang,Imogiri
2808,Padang Rumput,"0,62 - 1.44 km/km2",Gleisol,100 - 250 m (Sedang),1000 - 2000 mm/th (Sedang),>40% (Sangat Curam),Sedang,Cangkringan
2809,Padang Rumput,"0,62 - 1.44 km/km2",Gleisol,100 - 250 m (Sedang),500 - 1000 mm/th (Agak Rendah),25-40% (Curam),Sedang,Imogiri
2810,Padang Rumput,"0,62 - 1.44 km/km2",Gleisol,100 - 250 m (Sedang),500 - 1000 mm/th (Agak Rendah),>40% (Sangat Curam),Sedang,Imogiri
2811,Padang Rumput,"0,62 - 1.44 km/km2",Gleisol,250 - 500 m (Jauh),500 - 1000 mm/th (Agak Rendah),25-40% (Curam),Sedang,Imogiri
2812,Padang Rumput,"0,62 - 1.44 km/km2",Gleisol,250 - 500 m (Jauh),500 - 1000 mm/th (Agak Rendah),>40% (Sangat Curam),Sedang,Imogiri
2813,Padang Rumput,"0,62 - 1.44 km/km2",Fluvisol,>500 m (Sangat Jauh),1000 - 2000 mm/th (Sedang),0-8% (Datar),Sedang,Kokap
2814,Padang Rumput,"0,62 - 1.44 km/km2",Fluvisol,>500 m (Sangat Jauh),1000 - 2000 mm/th (Sedang),8-15% (Landai),Sedang,Kokap
2815,Padang Rumput,"0,62 - 1.44 km/km2",Fluvisol,>500 m (Sangat Jauh),1000 - 2000 mm/th (Sedang),15-25% (Agak Curam),Sedang,Kokap
2816,Padang Rumput,"0,62 - 1.44 km/km2",Fluvisol,>500 m (Sangat Jauh),1000 - 2000 mm/th (Sedang),25-40% (Curam),Sedang,Kokap
2817,Padang Rumput,"0,62 - 1.44 km/km2",Fluvisol,>500 m (Sangat Jauh),1000 - 2000 mm/th (Sedang),>40% (Sangat Curam),Sedang,Kokap
2818,Padang Rumput,"0,62 - 1.44 km/km2",Fluvisol,>500 m (Sangat Jauh),500 - 1000 mm/th (Agak Rendah),0-8% (Datar),Sedang,Galur
2819,Padang Rumput,"0,62 - 1.44 km/km2",Fluvisol,>500 m (Sangat Jauh),500 - 1000 mm/th (Agak Rendah),8-15% (Landai),Sedang,Galur
2820,Padang Rumput,"0,62 - 1.44 km/km2",Fluvisol,>500 m (Sangat Jauh),500 - 1000 mm/th (Agak Rendah),15-25% (Agak Curam),Rendah,Kretek
2821,Padang Rumput,"0,62 - 1.44 km/km2",Fluvisol,>500 m (Sangat Jauh),500 - 1000 mm/th (Agak Rendah),25-40% (Curam),Rendah,Kretek
2822,Padang Rumput,"0,62 - 1.44 km/km2",Fluvisol,0 - 50 m (Sangat Dekat),1000 - 2000 mm/th (Sedang),0-8% (Datar),Tinggi,Temon
2823,Padang Rumput,"0,62 - 1.44 km/km2",Fluvisol,0 - 50 m (Sangat Dekat),1000 - 2000 mm/th (Sedang),8-15% (Landai),Tinggi,Temon
2824,Padang Rumput,"0,62 - 1.44 km/km2",Fluvisol,0 - 50 m (Sangat Dekat),1000 - 2000 mm/th (Sedang),25-40% (Curam),Tinggi,Kokap
2825,Padang Rumput,"0,62 - 1.44 km/km2",Fluvisol,0 - 50 m (Sangat Dekat),1000 - 2000 mm/th (Sedang),>40% (Sangat Curam),Tinggi,Kokap
2826,Padang Rumput,"0,62 - 1.44 km/km2",Fluvisol,0 - 50 m (Sangat Dekat),500 - 1000 mm/th (Agak Rendah),0-8% (Datar),Tinggi,Galur
2827,Padang Rumput,"0,62 - 1.44 km/km2",Fluvisol,0 - 50 m (Sangat Dekat),500 - 1000 mm/th (Agak Rendah),8-15% (Landai),Tinggi,Lendah
2828,Padang Rumput,"0,62 - 1.44 km/km2",Fluvisol,0 - 50 m (Sangat Dekat),500 - 1000 mm/th (Agak Rendah),15-25% (Agak Curam),Tinggi,Lendah
2829,Padang Rumput,"0,62 - 1.44 km/km2",Fluvisol,0 - 50 m (Sangat Dekat),500 - 1000 mm/th (Agak Rendah),25-40% (Curam),Sedang,Lendah
2830,Padang Rumput,"0,62 - 1.44 km/km2",Fluvisol,50 - 100 m (Dekat),1000 - 2000 mm/th (Sedang),0-8% (Datar),Tinggi,Temon
2831,Padang Rumput,"0,62 - 1.44 km/km2",Fluvisol,50 - 100 m (Dekat),1000 - 2000 mm/th (Sedang),8-15% (Landai),Tinggi,Temon
2832,Padang Rumput,"0,62 - 1.44 km/km2",Fluvisol,50 - 100 m (Dekat),1000 - 2000 mm/th (Sedang),25-40% (Curam),Tinggi,Kokap
2833,Padang Rumput,"0,62 - 1.44 km/km2",Fluvisol,50 - 100 m (Dekat),1000 - 2000 mm/th (Sedang),>40% (Sangat Curam),Tinggi,Kokap
2834,Padang Rumput,"0,62 - 1.44 km/km2",Fluvisol,50 - 100 m (Dekat),500 - 1000 mm/th (Agak Rendah),0-8% (Datar),Sedang,Galur
2835,Padang Rumput,"0,62 - 1.44 km/km2",Fluvisol,50 - 100 m (Dekat),500 - 1000 mm/th (Agak Rendah),8-15% (Landai),Sedang,Lendah
2836,Padang Rumput,"0,62 - 1.44 km/km2",Fluvisol,50 - 100 m (Dekat),500 - 1000 mm/th (Agak Rendah),15-25% (Agak Curam),Sedang,Lendah
2837,Padang Rumput,"0,62 - 1.44 km/km2",Fluvisol,50 - 100 m (Dekat),500 - 1000 mm/th (Agak Rendah),25-40% (Curam),Sedang,Lendah
2838,Padang Rumput,"0,62 - 1.44 km/km2",Fluvisol,100 - 250 m (Sedang),1000 - 2000 mm/th (Sedang),0-8% (Datar),Tinggi,Temon
2839,Padang Rumput,"0,62 - 1.44 km/km2",Fluvisol,100 - 250 m (Sedang),1000 - 2000 mm/th (Sedang),8-15% (Landai),Sedang,Temon
2840,Padang Rumput,"0,62 - 1.44 km/km2",Fluvisol,100 - 250 m (Sedang),1000 - 2000 mm/th (Sedang),15-25% (Agak Curam),Sedang,Temon
2841,Padang Rumput,"0,62 - 1.44 km/km2",Fluvisol,100 - 250 m (Sedang),1000 - 2000 mm/th (Sedang),25-40% (Curam),Sedang,Kokap
2842,Padang Rumput,"0,62 - 1.44 km/km2",Fluvisol,100 - 250 m (Sedang),1000 - 2000 mm/th (Sedang),>40% (Sangat Curam),Sedang,Kokap
2843,Padang Rumput,"0,62 - 1.44 km/km2",Fluvisol,100 - 250 m (Sedang),500 - 1000 mm/th (Agak Rendah),0-8% (Datar),Sedang,Galur
2844,Padang Rumput,"0,62 - 1.44 km/km2",Fluvisol,100 - 250 m (Sedang),500 - 1000 mm/th (Agak Rendah),8-15% (Landai),Sedang,Lendah
2845,Padang Rumput,"0,62 - 1.44 km/km2",Fluvisol,100 - 250 m (Sedang),500 - 1000 mm/th (Agak Rendah),15-25% (Agak Curam),Sedang,Lendah
2846,Padang Rumput,"0,62 - 1.44 km/km2",Fluvisol,250 - 500 m (Jauh),1000 - 2000 mm/th (Sedang),0-8% (Datar),Sedang,Kokap
2847,Padang Rumput,"0,62 - 1.44 km/km2",Fluvisol,250 - 500 m (Jauh),1000 - 2000 mm/th (Sedang),8-15% (Landai),Sedang,Kokap
2848,Padang Rumput,"0,62 - 1.44 km/km2",Fluvisol,250 - 500 m (Jauh),1000 - 2000 mm/th (Sedang),15-25% (Agak Curam),Sedang,Kokap
2849,Padang Rumput,"0,62 - 1.44 km/km2",Fluvisol,250 - 500 m (Jauh),1000 - 2000 mm/th (Sedang),25-40% (Curam),Sedang,Kokap
2850,Padang Rumput,"0,62 - 1.44 km/km2",Fluvisol,250 - 500 m (Jauh),1000 - 2000 mm/th (Sedang),>40% (Sangat Curam),Sedang,Kokap
2851,Padang Rumput,"0,62 - 1.44 km/km2",Fluvisol,250 - 500 m (Jauh),500 - 1000 mm/th (Agak Rendah),0-8% (Datar),Sedang,Galur
2852,Padang Rumput,"0,62 - 1.44 km/km2",Fluvisol,250 - 500 m (Jauh),500 - 1000 mm/th (Agak Rendah),8-15% (Landai),Sedang,Galur
2853,Padang Rumput,"0,62 - 1.44 km/km2",Fluvisol,250 - 500 m (Jauh),500 - 1000 mm/th (Agak Rendah),15-25% (Agak Curam),Sedang,Lendah
2854,Padang Rumput,"0,62 - 1.44 km/km2",Nitosol,0 - 50 m (Sangat Dekat),1000 - 2000 mm/th (Sedang),0-8% (Datar),Tinggi,Kokap
2855,Padang Rumput,"0,62 - 1.44 km/km2",Nitosol,0 - 50 m (Sangat Dekat),1000 - 2000 mm/th (Sedang),8-15% (Landai),Tinggi,Kokap
2856,Padang Rumput,"0,62 - 1.44 km/km2",Nitosol,0 - 50 m (Sangat Dekat),1000 - 2000 mm/th (Sedang),15-25% (Agak Curam),Tinggi,Kokap
2857,Padang Rumput,"0,62 - 1.44 km/km2",Nitosol,50 - 100 m (Dekat),1000 - 2000 mm/th (Sedang),8-15% (Landai),Tinggi,Kokap
2858,Padang Rumput,"0,62 - 1.44 km/km2",Nitosol,50 - 100 m (Dekat),1000 - 2000 mm/th (Sedang),15-25% (Agak Curam),Tinggi,Kokap
2859,Padang Rumput,"0,62 - 1.44 km/km2",Nitosol,50 - 100 m (Dekat),1000 - 2000 mm/th (Sedang),25-40% (Curam),Tinggi,Kokap
2860,Padang Rumput,"0,62 - 1.44 km/km2",Nitosol,100 - 250 m (Sedang),1000 - 2000 mm/th (Sedang),0-8% (Datar),Sedang,Kokap
2861,Padang Rumput,"0,62 - 1.44 km/km2",Nitosol,100 - 250 m (Sedang),1000 - 2000 mm/th (Sedang),8-15% (Landai),Sedang,Kokap
2862,Padang Rumput,"0,62 - 1.44 km/km2",Nitosol,100 - 250 m (Sedang),1000 - 2000 mm/th (Sedang),15-25% (Agak Curam),Sedang,Kokap
2863,Padang Rumput,"0,62 - 1.44 km/km2",Nitosol,100 - 250 m (Sedang),1000 - 2000 mm/th (Sedang),25-40% (Curam),Sedang,Kokap
2864,Padang Rumput,"0,62 - 1.44 km/km2",Nitosol,100 - 250 m (Sedang),1000 - 2000 mm/th (Sedang),>40% (Sangat Curam),Sedang,Kokap
2865,Padang Rumput,"0,62 - 1.44 km/km2",Vertisol,>500 m (Sangat Jauh),500 - 1000 mm/th (Agak Rendah),0-8% (Datar),Sedang,Karangmojo
2866,Padang Rumput,"0,62 - 1.44 km/km2",Vertisol,>500 m (Sangat Jauh),500 - 1000 mm/th (Agak Rendah),8-15% (Landai),Rendah,Karangmojo
2867,Padang Rumput,"0,62 - 1.44 km/km2",Vertisol,>500 m (Sangat Jauh),500 - 1000 mm/th (Agak Rendah),15-25% (Agak Curam),Rendah,Playen
2868,Padang Rumput,"0,62 - 1.44 km/km2",Vertisol,>500 m (Sangat Jauh),500 - 1000 mm/th (Agak Rendah),25-40% (Curam),Rendah,Semanu
2869,Padang Rumput,"0,62 - 1.44 km/km2",Vertisol,0 - 50 m (Sangat Dekat),500 - 1000 mm/th (Agak Rendah),0-8% (Datar),Tinggi,Karangmojo
2870,Padang Rumput,"0,62 - 1.44 km/km2",Vertisol,0 - 50 m (Sangat Dekat),500 - 1000 mm/th (Agak Rendah),8-15% (Landai),Tinggi,Karangmojo
2871,Padang Rumput,"0,62 - 1.44 km/km2",Vertisol,0 - 50 m (Sangat Dekat),500 - 1000 mm/th (Agak Rendah),15-25% (Agak Curam),Sedang,Paliyan
2872,Padang Rumput,"0,62 - 1.44 km/km2",Vertisol,0 - 50 m (Sangat Dekat),500 - 1000 mm/th (Agak Rendah),25-40% (Curam),Sedang,Paliyan
2873,Padang Rumput,"0,62 - 1.44 km/km2",Vertisol,0 - 50 m (Sangat Dekat),500 - 1000 mm/th (Agak Rendah),>40% (Sangat Curam),Sedang,Ponjong
2874,Padang Rumput,"0,62 - 1.44 km/km2",Vertisol,50 - 100 m (Dekat),500 - 1000 mm/th (Agak Rendah),0-8% (Datar),Sedang,Karangmojo
2875,Padang Rumput,"0,62 - 1.44 km/km2",Vertisol,50 - 100 m (Dekat),500 - 1000 mm/th (Agak Rendah),8-15% (Landai),Sedang,Karangmojo
2876,Padang Rumput,"0,62 - 1.44 km/km2",Vertisol,50 - 100 m (Dekat),500 - 1000 mm/th (Agak Rendah),15-25% (Agak Curam),Sedang,Karangmojo
2877,Padang Rumput,"0,62 - 1.44 km/km2",Vertisol,50 - 100 m (Dekat),500 - 1000 mm/th (Agak Rendah),25-40% (Curam),Sedang,Paliyan
2878,Padang Rumput,"0,62 - 1.44 km/km2",Vertisol,50 - 100 m (Dekat),500 - 1000 mm/th (Agak Rendah),>40% (Sangat Curam),Sedang,Ponjong
2879,Padang Rumput,"0,62 - 1.44 km/km2",Vertisol,100 - 250 m (Sedang),500 - 1000 mm/th (Agak Rendah),0-8% (Datar),Sedang,Karangmojo
2880,Padang Rumput,"0,62 - 1.44 km/km2",Vertisol,100 - 250 m (Sedang),500 - 1000 mm/th (Agak Rendah),8-15% (Landai),Sedang,Karangmojo
2881,Padang Rumput,"0,62 - 1.44 km/km2",Vertisol,100 - 250 m (Sedang),500 - 1000 mm/th (Agak Rendah),15-25% (Agak Curam),Sedang,Paliyan
2882,Padang Rumput,"0,62 - 1.44 km/km2",Vertisol,100 - 250 m (Sedang),500 - 1000 mm/th (Agak Rendah),25-40% (Curam),Sedang,Ponjong
2883,Padang Rumput,"0,62 - 1.44 km/km2",Vertisol,100 - 250 m (Sedang),500 - 1000 mm/th (Agak Rendah),>40% (Sangat Curam),Sedang,Wonosari
2884,Padang Rumput,"0,62 - 1.44 km/km2",Vertisol,250 - 500 m (Jauh),500 - 1000 mm/th (Agak Rendah),0-8% (Datar),Sedang,Karangmojo
2885,Padang Rumput,"0,62 - 1.44 km/km2",Vertisol,250 - 500 m (Jauh),500 - 1000 mm/th (Agak Rendah),8-15% (Landai),Sedang,Karangmojo
2886,Padang Rumput,"0,62 - 1.44 km/km2",Vertisol,250 - 500 m (Jauh),500 - 1000 mm/th (Agak Rendah),15-25% (Agak Curam),Sedang,Karangmojo
2887,Padang Rumput,"0,62 - 1.44 km/km2",Vertisol,250 - 500 m (Jauh),500 - 1000 mm/th (Agak Rendah),25-40% (Curam),Sedang,Ponjong
2888,Padang Rumput,"0,62 - 1.44 km/km2",Vertisol,250 - 500 m (Jauh),500 - 1000 mm/th (Agak Rendah),>40% (Sangat Curam),Sedang,Ponjong
2889,Padang Rumput,"1,44 - 2,27 km/km2",Luvisol,0 - 50 m (Sangat Dekat),500 - 1000 mm/th (Agak Rendah),0-8% (Datar),Sedang,Gedangsari
2890,Padang Rumput,"1,44 - 2,27 km/km2",Luvisol,0 - 50 m (Sangat Dekat),500 - 1000 mm/th (Agak Rendah),8-15% (Landai),Sedang,Gedangsari
2891,Padang Rumput,"1,44 - 2,27 km/km2",Luvisol,0 - 50 m (Sangat Dekat),500 - 1000 mm/th (Agak Rendah),15-25% (Agak Curam),Sedang,Gedangsari
2892,Padang Rumput,"1,44 - 2,27 km/km2",Luvisol,0 - 50 m (Sangat Dekat),500 - 1000 mm/th (Agak Rendah),25-40% (Curam),Sedang,Gedangsari
2893,Padang Rumput,"1,44 - 2,27 km/km2",Luvisol,50 - 100 m (Dekat),500 - 1000 mm/th (Agak Rendah),8-15% (Landai),Sedang,Gedangsari
2894,Padang Rumput,"1,44 - 2,27 km/km2",Luvisol,50 - 100 m (Dekat),500 - 1000 mm/th (Agak Rendah),15-25% (Agak Curam),Sedang,Gedangsari
2895,Padang Rumput,"1,44 - 2,27 km/km2",Luvisol,50 - 100 m (Dekat),500 - 1000 mm/th (Agak Rendah),25-40% (Curam),Sedang,Gedangsari
2896,Padang Rumput,"1,44 - 2,27 km/km2",Luvisol,100 - 250 m (Sedang),500 - 1000 mm/th (Agak Rendah),15-25% (Agak Curam),Sedang,Gedangsari
2897,Padang Rumput,"1,44 - 2,27 km/km2",Luvisol,100 - 250 m (Sedang),500 - 1000 mm/th (Agak Rendah),25-40% (Curam),Sedang,Gedangsari
2898,Padang Rumput,"1,44 - 2,27 km/km2",Litosol,>500 m (Sangat Jauh),1000 - 2000 mm/th (Sedang),0-8% (Datar),Sedang,Sentolo
2899,Padang Rumput,"1,44 - 2,27 km/km2",Litosol,>500 m (Sangat Jauh),1000 - 2000 mm/th (Sedang),8-15% (Landai),Sedang,Sentolo
2900,Padang Rumput,"1,44 - 2,27 km/km2",Litosol,>500 m (Sangat Jauh),1000 - 2000 mm/th (Sedang),15-25% (Agak Curam),Sedang,Sentolo
2901,Padang Rumput,"1,44 - 2,27 km/km2",Litosol,>500 m (Sangat Jauh),1000 - 2000 mm/th (Sedang),25-40% (Curam),Sedang,Sentolo
2902,Padang Rumput,"1,44 - 2,27 km/km2",Litosol,>500 m (Sangat Jauh),500 - 1000 mm/th (Agak Rendah),0-8% (Datar),Rendah,Dlingo
2903,Padang Rumput,"1,44 - 2,27 km/km2",Litosol,>500 m (Sangat Jauh),500 - 1000 mm/th (Agak Rendah),8-15% (Landai),Rendah,Dlingo
2904,Padang Rumput,"1,44 - 2,27 km/km2",Litosol,>500 m (Sangat Jauh),500 - 1000 mm/th (Agak Rendah),15-25% (Agak Curam),Rendah,Dlingo
2905,Padang Rumput,"1,44 - 2,27 km/km2",Litosol,>500 m (Sangat Jauh),500 - 1000 mm/th (Agak Rendah),25-40% (Curam),Rendah,Dlingo
2906,Padang Rumput,"1,44 - 2,27 km/km2",Litosol,>500 m (Sangat Jauh),500 - 1000 mm/th (Agak Rendah),>40% (Sangat Curam),Rendah,Playen
2907,Padang Rumput,"1,44 - 2,27 km/km2",Litosol,0 - 50 m (Sangat Dekat),500 - 1000 mm/th (Agak Rendah),0-8% (Datar),Sedang,Dlingo
2908,Padang Rumput,"1,44 - 2,27 km/km2",Litosol,0 - 50 m (Sangat Dekat),500 - 1000 mm/th (Agak Rendah),8-15% (Landai),Sedang,Dlingo
2909,Padang Rumput,"1,44 - 2,27 km/km2",Litosol,0 - 50 m (Sangat Dekat),500 - 1000 mm/th (Agak Rendah),15-25% (Agak Curam),Sedang,Dlingo
2910,Padang Rumput,"1,44 - 2,27 km/km2",Litosol,0 - 50 m (Sangat Dekat),500 - 1000 mm/th (Agak Rendah),25-40% (Curam),Sedang,Dlingo
2911,Padang Rumput,"1,44 - 2,27 km/km2",Litosol,0 - 50 m (Sangat Dekat),500 - 1000 mm/th (Agak Rendah),>40% (Sangat Curam),Sedang,Dlingo
2912,Padang Rumput,"1,44 - 2,27 km/km2",Litosol,50 - 100 m (Dekat),500 - 1000 mm/th (Agak Rendah),0-8% (Datar),Sedang,Dlingo
2913,Padang Rumput,"1,44 - 2,27 km/km2",Litosol,50 - 100 m (Dekat),500 - 1000 mm/th (Agak Rendah),8-15% (Landai),Sedang,Dlingo
2914,Padang Rumput,"1,44 - 2,27 km/km2",Litosol,50 - 100 m (Dekat),500 - 1000 mm/th (Agak Rendah),15-25% (Agak Curam),Sedang,Dlingo
2915,Padang Rumput,"1,44 - 2,27 km/km2",Litosol,50 - 100 m (Dekat),500 - 1000 mm/th (Agak Rendah),25-40% (Curam),Sedang,Dlingo
2916,Padang Rumput,"1,44 - 2,27 km/km2",Litosol,50 - 100 m (Dekat),500 - 1000 mm/th (Agak Rendah),>40% (Sangat Curam),Sedang,Dlingo
2917,Padang Rumput,"1,44 - 2,27 km/km2",Litosol,100 - 250 m (Sedang),500 - 1000 mm/th (Agak Rendah),0-8% (Datar),Sedang,Dlingo
2918,Padang Rumput,"1,44 - 2,27 km/km2",Litosol,100 - 250 m (Sedang),500 - 1000 mm/th (Agak Rendah),8-15% (Landai),Sedang,Dlingo
2919,Padang Rumput,"1,44 - 2,27 km/km2",Litosol,100 - 250 m (Sedang),500 - 1000 mm/th (Agak Rendah),15-25% (Agak Curam),Sedang,Dlingo
2920,Padang Rumput,"1,44 - 2,27 km/km2",Litosol,100 - 250 m (Sedang),500 - 1000 mm/th (Agak Rendah),25-40% (Curam),Sedang,Dlingo
2921,Padang Rumput,"1,44 - 2,27 km/km2",Litosol,100 - 250 m (Sedang),500 - 1000 mm/th (Agak Rendah),>40% (Sangat Curam),Sedang,Dlingo
2922,Padang Rumput,"1,44 - 2,27 km/km2",Litosol,250 - 500 m (Jauh),1000 - 2000 mm/th (Sedang),0-8% (Datar),Sedang,Sentolo
2923,Padang Rumput,"1,44 - 2,27 km/km2",Litosol,250 - 500 m (Jauh),1000 - 2000 mm/th (Sedang),8-15% (Landai),Sedang,Sentolo
2924,Padang Rumput,"1,44 - 2,27 km/km2",Litosol,250 - 500 m (Jauh),1000 - 2000 mm/th (Sedang),15-25% (Agak Curam),Sedang,Sentolo
2925,Padang Rumput,"1,44 - 2,27 km/km2",Litosol,250 - 500 m (Jauh),1000 - 2000 mm/th (Sedang),25-40% (Curam),Sedang,Sentolo
2926,Padang Rumput,"1,44 - 2,27 km/km2",Litosol,250 - 500 m (Jauh),500 - 1000 mm/th (Agak Rendah),0-8% (Datar),Sedang,Dlingo
2927,Padang Rumput,"1,44 - 2,27 km/km2",Litosol,250 - 500 m (Jauh),500 - 1000 mm/th (Agak Rendah),8-15% (Landai),Rendah,Dlingo
2928,Padang Rumput,"1,44 - 2,27 km/km2",Litosol,250 - 500 m (Jauh),500 - 1000 mm/th (Agak Rendah),15-25% (Agak Curam),Rendah,Dlingo
2929,Padang Rumput,"1,44 - 2,27 km/km2",Litosol,250 - 500 m (Jauh),500 - 1000 mm/th (Agak Rendah),25-40% (Curam),Rendah,Dlingo
2930,Padang Rumput,"1,44 - 2,27 km/km2",Litosol,250 - 500 m (Jauh),500 - 1000 mm/th (Agak Rendah),>40% (Sangat Curam),Rendah,Dlingo
2931,Padang Rumput,"1,44 - 2,27 km/km2",Gleisol,>500 m (Sangat Jauh),500 - 1000 mm/th (Agak Rendah),0-8% (Datar),Sedang,Imogiri
2932,Padang Rumput,"1,44 - 2,27 km/km2",Gleisol,>500 m (Sangat Jauh),500 - 1000 mm/th (Agak Rendah),8-15% (Landai),Rendah,Imogiri
2933,Padang Rumput,"1,44 - 2,27 km/km2",Gleisol,>500 m (Sangat Jauh),500 - 1000 mm/th (Agak Rendah),15-25% (Agak Curam),Rendah,Imogiri
2934,Padang Rumput,"1,44 - 2,27 km/km2",Gleisol,>500 m (Sangat Jauh),500 - 1000 mm/th (Agak Rendah),25-40% (Curam),Rendah,Imogiri
2935,Padang Rumput,"1,44 - 2,27 km/km2",Gleisol,>500 m (Sangat Jauh),500 - 1000 mm/th (Agak Rendah),>40% (Sangat Curam),Rendah,Imogiri
2936,Padang Rumput,"1,44 - 2,27 km/km2",Gleisol,0 - 50 m (Sangat Dekat),1000 - 2000 mm/th (Sedang),0-8% (Datar),Tinggi,Turi
2937,Padang Rumput,"1,44 - 2,27 km/km2",Gleisol,0 - 50 m (Sangat Dekat),1000 - 2000 mm/th (Sedang),8-15% (Landai),Tinggi,Turi
2938,Padang Rumput,"1,44 - 2,27 km/km2",Gleisol,0 - 50 m (Sangat Dekat),1000 - 2000 mm/th (Sedang),15-25% (Agak Curam),Tinggi,Cangkringan
2939,Padang Rumput,"1,44 - 2,27 km/km2",Gleisol,0 - 50 m (Sangat Dekat),1000 - 2000 mm/th (Sedang),25-40% (Curam),Tinggi,Cangkringan
2940,Padang Rumput,"1,44 - 2,27 km/km2",Gleisol,0 - 50 m (Sangat Dekat),1000 - 2000 mm/th (Sedang),>40% (Sangat Curam),Tinggi,Cangkringan
2941,Padang Rumput,"1,44 - 2,27 km/km2",Gleisol,0 - 50 m (Sangat Dekat),500 - 1000 mm/th (Agak Rendah),0-8% (Datar),Tinggi,Dlingo
2942,Padang Rumput,"1,44 - 2,27 km/km2",Gleisol,0 - 50 m (Sangat Dekat),500 - 1000 mm/th (Agak Rendah),8-15% (Landai),Sedang,Dlingo
2943,Padang Rumput,"1,44 - 2,27 km/km2",Gleisol,0 - 50 m (Sangat Dekat),500 - 1000 mm/th (Agak Rendah),15-25% (Agak Curam),Sedang,Dlingo
2944,Padang Rumput,"1,44 - 2,27 km/km2",Gleisol,0 - 50 m (Sangat Dekat),500 - 1000 mm/th (Agak Rendah),25-40% (Curam),Sedang,Imogiri
2945,Padang Rumput,"1,44 - 2,27 km/km2",Gleisol,0 - 50 m (Sangat Dekat),500 - 1000 mm/th (Agak Rendah),>40% (Sangat Curam),Sedang,Imogiri
2946,Padang Rumput,"1,44 - 2,27 km/km2",Gleisol,50 - 100 m (Dekat),1000 - 2000 mm/th (Sedang),0-8% (Datar),Tinggi,Tempel
2947,Padang Rumput,"1,44 - 2,27 km/km2",Gleisol,50 - 100 m (Dekat),1000 - 2000 mm/th (Sedang),8-15% (Landai),Tinggi,Cangkringan
2948,Padang Rumput,"1,44 - 2,27 km/km2",Gleisol,50 - 100 m (Dekat),1000 - 2000 mm/th (Sedang),15-25% (Agak Curam),Tinggi,Cangkringan
2949,Padang Rumput,"1,44 - 2,27 km/km2",Gleisol,50 - 100 m (Dekat),1000 - 2000 mm/th (Sedang),25-40% (Curam),Tinggi,Cangkringan
2950,Padang Rumput,"1,44 - 2,27 km/km2",Gleisol,50 - 100 m (Dekat),1000 - 2000 mm/th (Sedang),>40% (Sangat Curam),Sedang,Cangkringan
2951,Padang Rumput,"1,44 - 2,27 km/km2",Gleisol,50 - 100 m (Dekat),500 - 1000 mm/th (Agak Rendah),0-8% (Datar),Sedang,Imogiri
2952,Padang Rumput,"1,44 - 2,27 km/km2",Gleisol,50 - 100 m (Dekat),500 - 1000 mm/th (Agak Rendah),8-15% (Landai),Sedang,Imogiri
2953,Padang Rumput,"1,44 - 2,27 km/km2",Gleisol,50 - 100 m (Dekat),500 - 1000 mm/th (Agak Rendah),15-25% (Agak Curam),Sedang,Imogiri
2954,Padang Rumput,"1,44 - 2,27 km/km2",Gleisol,50 - 100 m (Dekat),500 - 1000 mm/th (Agak Rendah),25-40% (Curam),Sedang,Imogiri
2955,Padang Rumput,"1,44 - 2,27 km/km2",Gleisol,50 - 100 m (Dekat),500 - 1000 mm/th (Agak Rendah),>40% (Sangat Curam),Sedang,Imogiri
2956,Padang Rumput,"1,44 - 2,27 km/km2",Gleisol,100 - 250 m (Sedang),1000 - 2000 mm/th (Sedang),0-8% (Datar),Sedang,Tempel
2957,Padang Rumput,"1,44 - 2,27 km/km2",Gleisol,100 - 250 m (Sedang),1000 - 2000 mm/th (Sedang),8-15% (Landai),Sedang,Cangkringan
2958,Padang Rumput,"1,44 - 2,27 km/km2",Gleisol,100 - 250 m (Sedang),1000 - 2000 mm/th (Sedang),15-25% (Agak Curam),Sedang,Cangkringan
2959,Padang Rumput,"1,44 - 2,27 km/km2",Gleisol,100 - 250 m (Sedang),1000 - 2000 mm/th (Sedang),25-40% (Curam),Sedang,Cangkringan
2960,Padang Rumput,"1,44 - 2,27 km/km2",Gleisol,100 - 250 m (Sedang),1000 - 2000 mm/th (Sedang),>40% (Sangat Curam),Sedang,Cangkringan
2961,Padang Rumput,"1,44 - 2,27 km/km2",Gleisol,100 - 250 m (Sedang),500 - 1000 mm/th (Agak Rendah),0-8% (Datar),Sedang,Imogiri
2962,Padang Rumput,"1,44 - 2,27 km/km2",Gleisol,100 - 250 m (Sedang),500 - 1000 mm/th (Agak Rendah),8-15% (Landai),Sedang,Imogiri
2963,Padang Rumput,"1,44 - 2,27 km/km2",Gleisol,100 - 250 m (Sedang),500 - 1000 mm/th (Agak Rendah),15-25% (Agak Curam),Sedang,Imogiri
2964,Padang Rumput,"1,44 - 2,27 km/km2",Gleisol,100 - 250 m (Sedang),500 - 1000 mm/th (Agak Rendah),25-40% (Curam),Sedang,Imogiri
2965,Padang Rumput,"1,44 - 2,27 km/km2",Gleisol,100 - 250 m (Sedang),500 - 1000 mm/th (Agak Rendah),>40% (Sangat Curam),Sedang,Imogiri
2966,Padang Rumput,"1,44 - 2,27 km/km2",Gleisol,250 - 500 m (Jauh),1000 - 2000 mm/th (Sedang),0-8% (Datar),Sedang,Tempel
2967,Padang Rumput,"1,44 - 2,27 km/km2",Gleisol,250 - 500 m (Jauh),1000 - 2000 mm/th (Sedang),>40% (Sangat Curam),Sedang,Pakem
2968,Padang Rumput,"1,44 - 2,27 km/km2",Gleisol,250 - 500 m (Jauh),500 - 1000 mm/th (Agak Rendah),0-8% (Datar),Sedang,Imogiri
2969,Padang Rumput,"1,44 - 2,27 km/km2",Gleisol,250 - 500 m (Jauh),500 - 1000 mm/th (Agak Rendah),8-15% (Landai),Sedang,Imogiri
2970,Padang Rumput,"1,44 - 2,27 km/km2",Gleisol,250 - 500 m (Jauh),500 - 1000 mm/th (Agak Rendah),15-25% (Agak Curam),Sedang,Imogiri
2971,Padang Rumput,"1,44 - 2,27 km/km2",Gleisol,250 - 500 m (Jauh),500 - 1000 mm/th (Agak Rendah),25-40% (Curam),Sedang,Imogiri
2972,Padang Rumput,"1,44 - 2,27 km/km2",Gleisol,250 - 500 m (Jauh),500 - 1000 mm/th (Agak Rendah),>40% (Sangat Curam),Sedang,Imogiri
2973,Padang Rumput,"1,44 - 2,27 km/km2",Fluvisol,>500 m (Sangat Jauh),1000 - 2000 mm/th (Sedang),0-8% (Datar),Sedang,Temon
2974,Padang Rumput,"1,44 - 2,27 km/km2",Fluvisol,>500 m (Sangat Jauh),1000 - 2000 mm/th (Sedang),15-25% (Agak Curam),Sedang,Kokap
2975,Padang Rumput,"1,44 - 2,27 km/km2",Fluvisol,>500 m (Sangat Jauh),1000 - 2000 mm/th (Sedang),25-40% (Curam),Sedang,Kokap
2976,Padang Rumput,"1,44 - 2,27 km/km2",Fluvisol,>500 m (Sangat Jauh),1000 - 2000 mm/th (Sedang),>40% (Sangat Curam),Sedang,Kokap
2977,Padang Rumput,"1,44 - 2,27 km/km2",Fluvisol,>500 m (Sangat Jauh),500 - 1000 mm/th (Agak Rendah),0-8% (Datar),Sedang,Galur
2978,Padang Rumput,"1,44 - 2,27 km/km2",Fluvisol,>500 m (Sangat Jauh),500 - 1000 mm/th (Agak Rendah),8-15% (Landai),Rendah,Galur
2979,Padang Rumput,"1,44 - 2,27 km/km2",Fluvisol,>500 m (Sangat Jauh),500 - 1000 mm/th (Agak Rendah),15-25% (Agak Curam),Rendah,Galur
2980,Padang Rumput,"1,44 - 2,27 km/km2",Fluvisol,>500 m (Sangat Jauh),500 - 1000 mm/th (Agak Rendah),25-40% (Curam),Rendah,Kretek
2981,Padang Rumput,"1,44 - 2,27 km/km2",Fluvisol,>500 m (Sangat Jauh),500 - 1000 mm/th (Agak Rendah),>40% (Sangat Curam),Rendah,Kretek
2982,Padang Rumput,"1,44 - 2,27 km/km2",Fluvisol,0 - 50 m (Sangat Dekat),1000 - 2000 mm/th (Sedang),0-8% (Datar),Tinggi,Temon
2983,Padang Rumput,"1,44 - 2,27 km/km2",Fluvisol,0 - 50 m (Sangat Dekat),1000 - 2000 mm/th (Sedang),8-15% (Landai),Tinggi,Kokap
2984,Padang Rumput,"1,44 - 2,27 km/km2",Fluvisol,0 - 50 m (Sangat Dekat),1000 - 2000 mm/th (Sedang),15-25% (Agak Curam),Tinggi,Kokap
2985,Padang Rumput,"1,44 - 2,27 km/km2",Fluvisol,0 - 50 m (Sangat Dekat),1000 - 2000 mm/th (Sedang),25-40% (Curam),Tinggi,Kokap
2986,Padang Rumput,"1,44 - 2,27 km/km2",Fluvisol,0 - 50 m (Sangat Dekat),1000 - 2000 mm/th (Sedang),>40% (Sangat Curam),Tinggi,Kokap
2987,Padang Rumput,"1,44 - 2,27 km/km2",Fluvisol,0 - 50 m (Sangat Dekat),500 - 1000 mm/th (Agak Rendah),0-8% (Datar),Tinggi,Galur
2988,Padang Rumput,"1,44 - 2,27 km/km2",Fluvisol,0 - 50 m (Sangat Dekat),500 - 1000 mm/th (Agak Rendah),8-15% (Landai),Sedang,Galur
2989,Padang Rumput,"1,44 - 2,27 km/km2",Fluvisol,0 - 50 m (Sangat Dekat),500 - 1000 mm/th (Agak Rendah),15-25% (Agak Curam),Sedang,Galur
2990,Padang Rumput,"1,44 - 2,27 km/km2",Fluvisol,50 - 100 m (Dekat),1000 - 2000 mm/th (Sedang),0-8% (Datar),Tinggi,Kokap
2991,Padang Rumput,"1,44 - 2,27 km/km2",Fluvisol,50 - 100 m (Dekat),1000 - 2000 mm/th (Sedang),8-15% (Landai),Tinggi,Kokap
2992,Padang Rumput,"1,44 - 2,27 km/km2",Fluvisol,50 - 100 m (Dekat),1000 - 2000 mm/th (Sedang),15-25% (Agak Curam),Tinggi,Kokap
2993,Padang Rumput,"1,44 - 2,27 km/km2",Fluvisol,50 - 100 m (Dekat),1000 - 2000 mm/th (Sedang),25-40% (Curam),Tinggi,Kokap
2994,Padang Rumput,"1,44 - 2,27 km/km2",Fluvisol,50 - 100 m (Dekat),1000 - 2000 mm/th (Sedang),>40% (Sangat Curam),Sedang,Kokap
2995,Padang Rumput,"1,44 - 2,27 km/km2",Fluvisol,50 - 100 m (Dekat),500 - 1000 mm/th (Agak Rendah),0-8% (Datar),Sedang,Galur
2996,Padang Rumput,"1,44 - 2,27 km/km2",Fluvisol,50 - 100 m (Dekat),500 - 1000 mm/th (Agak Rendah),8-15% (Landai),Sedang,Galur
2997,Padang Rumput,"1,44 - 2,27 km/km2",Fluvisol,50 - 100 m (Dekat),500 - 1000 mm/th (Agak Rendah),15-25% (Agak Curam),Sedang,Galur
2998,Padang Rumput,"1,44 - 2,27 km/km2",Fluvisol,50 - 100 m (Dekat),500 - 1000 mm/th (Agak Rendah),25-40% (Curam),Sedang,Galur
2999,Padang Rumput,"1,44 - 2,27 km/km2",Fluvisol,100 - 250 m (Sedang),1000 - 2000 mm/th (Sedang),0-8% (Datar),Sedang,Kokap
3000,Padang Rumput,"1,44 - 2,27 km/km2",Fluvisol,100 - 250 m (Sedang),1000 - 2000 mm/th (Sedang),8-15% (Landai),Sedang,Kokap
3001,Padang Rumput,"1,44 - 2,27 km/km2",Fluvisol,100 - 250 m (Sedang),1000 - 2000 mm/th (Sedang),15-25% (Agak Curam),Sedang,Kokap
3002,Padang Rumput,"1,44 - 2,27 km/km2",Fluvisol,100 - 250 m (Sedang),1000 - 2000 mm/th (Sedang),25-40% (Curam),Sedang,Kokap
3003,Padang Rumput,"1,44 - 2,27 km/km2",Fluvisol,100 - 250 m (Sedang),1000 - 2000 mm/th (Sedang),>40% (Sangat Curam),Sedang,Kokap
3004,Padang Rumput,"1,44 - 2,27 km/km2",Fluvisol,100 - 250 m (Sedang),500 - 1000 mm/th (Agak Rendah),0-8% (Datar),Sedang,Galur
3005,Padang Rumput,"1,44 - 2,27 km/km2",Fluvisol,100 - 250 m (Sedang),500 - 1000 mm/th (Agak Rendah),8-15% (Landai),Sedang,Galur
3006,Padang Rumput,"1,44 - 2,27 km/km2",Fluvisol,100 - 250 m (Sedang),500 - 1000 mm/th (Agak Rendah),15-25% (Agak Curam),Sedang,Galur
3007,Padang Rumput,"1,44 - 2,27 km/km2",Fluvisol,250 - 500 m (Jauh),1000 - 2000 mm/th (Sedang),0-8% (Datar),Sedang,Kokap
3008,Padang Rumput,"1,44 - 2,27 km/km2",Fluvisol,250 - 500 m (Jauh),1000 - 2000 mm/th (Sedang),8-15% (Landai),Sedang,Kokap
3009,Padang Rumput,"1,44 - 2,27 km/km2",Fluvisol,250 - 500 m (Jauh),1000 - 2000 mm/th (Sedang),15-25% (Agak Curam),Sedang,Kokap
3010,Padang Rumput,"1,44 - 2,27 km/km2",Fluvisol,250 - 500 m (Jauh),1000 - 2000 mm/th (Sedang),25-40% (Curam),Sedang,Kokap
3011,Padang Rumput,"1,44 - 2,27 km/km2",Fluvisol,250 - 500 m (Jauh),1000 - 2000 mm/th (Sedang),>40% (Sangat Curam),Sedang,Kokap
3012,Padang Rumput,"1,44 - 2,27 km/km2",Fluvisol,250 - 500 m (Jauh),500 - 1000 mm/th (Agak Rendah),0-8% (Datar),Sedang,Galur
3013,Padang Rumput,"1,44 - 2,27 km/km2",Fluvisol,250 - 500 m (Jauh),500 - 1000 mm/th (Agak Rendah),8-15% (Landai),Sedang,Galur
3014,Padang Rumput,"1,44 - 2,27 km/km2",Fluvisol,250 - 500 m (Jauh),500 - 1000 mm/th (Agak Rendah),15-25% (Agak Curam),Sedang,Galur
3015,Padang Rumput,"1,44 - 2,27 km/km2",Nitosol,>500 m (Sangat Jauh),1000 - 2000 mm/th (Sedang),0-8% (Datar),Sedang,Kokap
3016,Padang Rumput,"1,44 - 2,27 km/km2",Nitosol,>500 m (Sangat Jauh),1000 - 2000 mm/th (Sedang),8-15% (Landai),Sedang,Kokap
3017,Padang Rumput,"1,44 - 2,27 km/km2",Nitosol,>500 m (Sangat Jauh),1000 - 2000 mm/th (Sedang),15-25% (Agak Curam),Sedang,Kokap
3018,Padang Rumput,"1,44 - 2,27 km/km2",Nitosol,>500 m (Sangat Jauh),1000 - 2000 mm/th (Sedang),25-40% (Curam),Sedang,Kokap
3019,Padang Rumput,"1,44 - 2,27 km/km2",Nitosol,0 - 50 m (Sangat Dekat),1000 - 2000 mm/th (Sedang),0-8% (Datar),Tinggi,Kokap
3020,Padang Rumput,"1,44 - 2,27 km/km2",Nitosol,0 - 50 m (Sangat Dekat),1000 - 2000 mm/th (Sedang),8-15% (Landai),Tinggi,Kokap
3021,Padang Rumput,"1,44 - 2,27 km/km2",Nitosol,0 - 50 m (Sangat Dekat),1000 - 2000 mm/th (Sedang),15-25% (Agak Curam),Tinggi,Kokap
3022,Padang Rumput,"1,44 - 2,27 km/km2",Nitosol,0 - 50 m (Sangat Dekat),1000 - 2000 mm/th (Sedang),25-40% (Curam),Tinggi,Kokap
3023,Padang Rumput,"1,44 - 2,27 km/km2",Nitosol,0 - 50 m (Sangat Dekat),1000 - 2000 mm/th (Sedang),>40% (Sangat Curam),Tinggi,Kokap
3024,Padang Rumput,"1,44 - 2,27 km/km2",Nitosol,50 - 100 m (Dekat),1000 - 2000 mm/th (Sedang),0-8% (Datar),Tinggi,Kokap
3025,Padang Rumput,"1,44 - 2,27 km/km2",Nitosol,50 - 100 m (Dekat),1000 - 2000 mm/th (Sedang),8-15% (Landai),Tinggi,Kokap
3026,Padang Rumput,"1,44 - 2,27 km/km2",Nitosol,50 - 100 m (Dekat),1000 - 2000 mm/th (Sedang),15-25% (Agak Curam),Sedang,Kokap
3027,Padang Rumput,"1,44 - 2,27 km/km2",Nitosol,50 - 100 m (Dekat),1000 - 2000 mm/th (Sedang),25-40% (Curam),Sedang,Kokap
3028,Padang Rumput,"1,44 - 2,27 km/km2",Nitosol,50 - 100 m (Dekat),1000 - 2000 mm/th (Sedang),>40% (Sangat Curam),Sedang,Kokap
3029,Padang Rumput,"1,44 - 2,27 km/km2",Nitosol,100 - 250 m (Sedang),1000 - 2000 mm/th (Sedang),0-8% (Datar),Sedang,Kokap
3030,Padang Rumput,"1,44 - 2,27 km/km2",Nitosol,100 - 250 m (Sedang),1000 - 2000 mm/th (Sedang),8-15% (Landai),Sedang,Kokap
3031,Padang Rumput,"1,44 - 2,27 km/km2",Nitosol,100 - 250 m (Sedang),1000 - 2000 mm/th (Sedang),15-25% (Agak Curam),Sedang,Kokap
3032,Padang Rumput,"1,44 - 2,27 km/km2",Nitosol,100 - 250 m (Sedang),1000 - 2000 mm/th (Sedang),25-40% (Curam),Sedang,Kokap
3033,Padang Rumput,"1,44 - 2,27 km/km2",Nitosol,100 - 250 m (Sedang),1000 - 2000 mm/th (Sedang),>40% (Sangat Curam),Sedang,Kokap
3034,Padang Rumput,"1,44 - 2,27 km/km2",Nitosol,250 - 500 m (Jauh),1000 - 2000 mm/th (Sedang),0-8% (Datar),Sedang,Kokap
3035,Padang Rumput,"1,44 - 2,27 km/km2",Nitosol,250 - 500 m (Jauh),1000 - 2000 mm/th (Sedang),8-15% (Landai),Sedang,Kokap
3036,Padang Rumput,"1,44 - 2,27 km/km2",Nitosol,250 - 500 m (Jauh),1000 - 2000 mm/th (Sedang),15-25% (Agak Curam),Sedang,Kokap
3037,Padang Rumput,"1,44 - 2,27 km/km2",Nitosol,250 - 500 m (Jauh),1000 - 2000 mm/th (Sedang),25-40% (Curam),Sedang,Kokap
3038,Padang Rumput,"1,44 - 2,27 km/km2",Nitosol,250 - 500 m (Jauh),1000 - 2000 mm/th (Sedang),>40% (Sangat Curam),Sedang,Kokap
3039,Padang Rumput,"1,44 - 2,27 km/km2",Vertisol,>500 m (Sangat Jauh),500 - 1000 mm/th (Agak Rendah),0-8% (Datar),Rendah,Karangmojo
3040,Padang Rumput,"1,44 - 2,27 km/km2",Vertisol,>500 m (Sangat Jauh),500 - 1000 mm/th (Agak Rendah),8-15% (Landai),Rendah,Karangmojo
3041,Padang Rumput,"1,44 - 2,27 km/km2",Vertisol,>500 m (Sangat Jauh),500 - 1000 mm/th (Agak Rendah),15-25% (Agak Curam),Rendah,Karangmojo
3042,Padang Rumput,"1,44 - 2,27 km/km2",Vertisol,0 - 50 m (Sangat Dekat),500 - 1000 mm/th (Agak Rendah),0-8% (Datar),Tinggi,Gedangsari
3043,Padang Rumput,"1,44 - 2,27 km/km2",Vertisol,0 - 50 m (Sangat Dekat),500 - 1000 mm/th (Agak Rendah),8-15% (Landai),Sedang,Gedangsari
3044,Padang Rumput,"1,44 - 2,27 km/km2",Vertisol,0 - 50 m (Sangat Dekat),500 - 1000 mm/th (Agak Rendah),15-25% (Agak Curam),Sedang,Gedangsari
3045,Padang Rumput,"1,44 - 2,27 km/km2",Vertisol,0 - 50 m (Sangat Dekat),500 - 1000 mm/th (Agak Rendah),25-40% (Curam),Sedang,Karangmojo
3046,Padang Rumput,"1,44 - 2,27 km/km2",Vertisol,0 - 50 m (Sangat Dekat),500 - 1000 mm/th (Agak Rendah),>40% (Sangat Curam),Sedang,Nglipar
3047,Padang Rumput,"1,44 - 2,27 km/km2",Vertisol,50 - 100 m (Dekat),500 - 1000 mm/th (Agak Rendah),0-8% (Datar),Sedang,Gedangsari
3048,Padang Rumput,"1,44 - 2,27 km/km2",Vertisol,50 - 100 m (Dekat),500 - 1000 mm/th (Agak Rendah),8-15% (Landai),Sedang,Gedangsari
3049,Padang Rumput,"1,44 - 2,27 km/km2",Vertisol,50 - 100 m (Dekat),500 - 1000 mm/th (Agak Rendah),15-25% (Agak Curam),Sedang,Gedangsari
3050,Padang Rumput,"1,44 - 2,27 km/km2",Vertisol,50 - 100 m (Dekat),500 - 1000 mm/th (Agak Rendah),25-40% (Curam),Sedang,Karangmojo
3051,Padang Rumput,"1,44 - 2,27 km/km2",Vertisol,50 - 100 m (Dekat),500 - 1000 mm/th (Agak Rendah),>40% (Sangat Curam),Sedang,Nglipar
3052,Padang Rumput,"1,44 - 2,27 km/km2",Vertisol,100 - 250 m (Sedang),500 - 1000 mm/th (Agak Rendah),0-8% (Datar),Sedang,Gedangsari
3053,Padang Rumput,"1,44 - 2,27 km/km2",Vertisol,100 - 250 m (Sedang),500 - 1000 mm/th (Agak Rendah),8-15% (Landai),Sedang,Gedangsari
3054,Padang Rumput,"1,44 - 2,27 km/km2",Vertisol,100 - 250 m (Sedang),500 - 1000 mm/th (Agak Rendah),15-25% (Agak Curam),Sedang,Gedangsari
3055,Padang Rumput,"1,44 - 2,27 km/km2",Vertisol,100 - 250 m (Sedang),500 - 1000 mm/th (Agak Rendah),25-40% (Curam),Sedang,Karangmojo
3056,Padang Rumput,"1,44 - 2,27 km/km2",Vertisol,100 - 250 m (Sedang),500 - 1000 mm/th (Agak Rendah),>40% (Sangat Curam),Sedang,Nglipar
3057,Padang Rumput,"1,44 - 2,27 km/km2",Vertisol,250 - 500 m (Jauh),500 - 1000 mm/th (Agak Rendah),0-8% (Datar),Sedang,Gedangsari
3058,Padang Rumput,"1,44 - 2,27 km/km2",Vertisol,250 - 500 m (Jauh),500 - 1000 mm/th (Agak Rendah),8-15% (Landai),Sedang,Gedangsari
3059,Padang Rumput,"1,44 - 2,27 km/km2",Vertisol,250 - 500 m (Jauh),500 - 1000 mm/th (Agak Rendah),15-25% (Agak Curam),Sedang,Gedangsari
3060,Padang Rumput,"1,44 - 2,27 km/km2",Vertisol,250 - 500 m (Jauh),500 - 1000 mm/th (Agak Rendah),25-40% (Curam),Sedang,Nglipar
3061,Padang Rumput,"2,27 - 3,10 km/km2",Luvisol,0 - 50 m (Sangat Dekat),500 - 1000 mm/th (Agak Rendah),8-15% (Landai),Sedang,Gedangsari
3062,Padang Rumput,"2,27 - 3,10 km/km2",Luvisol,0 - 50 m (Sangat Dekat),500 - 1000 mm/th (Agak Rendah),15-25% (Agak Curam),Sedang,Gedangsari
3063,Padang Rumput,"2,27 - 3,10 km/km2",Luvisol,0 - 50 m (Sangat Dekat),500 - 1000 mm/th (Agak Rendah),25-40% (Curam),Sedang,Gedangsari
3064,Padang Rumput,"2,27 - 3,10 km/km2",Luvisol,50 - 100 m (Dekat),500 - 1000 mm/th (Agak Rendah),8-15% (Landai),Sedang,Gedangsari
3065,Padang Rumput,"2,27 - 3,10 km/km2",Luvisol,50 - 100 m (Dekat),500 - 1000 mm/th (Agak Rendah),15-25% (Agak Curam),Sedang,Gedangsari
3066,Padang Rumput,"2,27 - 3,10 km/km2",Luvisol,50 - 100 m (Dekat),500 - 1000 mm/th (Agak Rendah),25-40% (Curam),Sedang,Gedangsari
3067,Padang Rumput,"2,27 - 3,10 km/km2",Luvisol,50 - 100 m (Dekat),500 - 1000 mm/th (Agak Rendah),>40% (Sangat Curam),Sedang,Gedangsari
3068,Padang Rumput,"2,27 - 3,10 km/km2",Luvisol,100 - 250 m (Sedang),500 - 1000 mm/th (Agak Rendah),8-15% (Landai),Sedang,Gedangsari
3069,Padang Rumput,"2,27 - 3,10 km/km2",Luvisol,100 - 250 m (Sedang),500 - 1000 mm/th (Agak Rendah),15-25% (Agak Curam),Sedang,Gedangsari
3070,Padang Rumput,"2,27 - 3,10 km/km2",Luvisol,100 - 250 m (Sedang),500 - 1000 mm/th (Agak Rendah),25-40% (Curam),Sedang,Gedangsari
3071,Padang Rumput,"2,27 - 3,10 km/km2",Luvisol,100 - 250 m (Sedang),500 - 1000 mm/th (Agak Rendah),>40% (Sangat Curam),Sedang,Gedangsari
3072,Padang Rumput,"2,27 - 3,10 km/km2",Litosol,>500 m (Sangat Jauh),1000 - 2000 mm/th (Sedang),0-8% (Datar),Sedang,Pengasih
3073,Padang Rumput,"2,27 - 3,10 km/km2",Litosol,>500 m (Sangat Jauh),1000 - 2000 mm/th (Sedang),8-15% (Landai),Sedang,Pengasih
3074,Padang Rumput,"2,27 - 3,10 km/km2",Litosol,>500 m (Sangat Jauh),1000 - 2000 mm/th (Sedang),15-25% (Agak Curam),Rendah,Pengasih
3075,Padang Rumput,"2,27 - 3,10 km/km2",Litosol,>500 m (Sangat Jauh),1000 - 2000 mm/th (Sedang),25-40% (Curam),Rendah,Pengasih
3076,Padang Rumput,"2,27 - 3,10 km/km2",Litosol,>500 m (Sangat Jauh),1000 - 2000 mm/th (Sedang),>40% (Sangat Curam),Rendah,Sentolo
3077,Padang Rumput,"2,27 - 3,10 km/km2",Litosol,>500 m (Sangat Jauh),500 - 1000 mm/th (Agak Rendah),0-8% (Datar),Rendah,Dlingo
3078,Padang Rumput,"2,27 - 3,10 km/km2",Litosol,>500 m (Sangat Jauh),500 - 1000 mm/th (Agak Rendah),8-15% (Landai),Rendah,Dlingo
3079,Padang Rumput,"2,27 - 3,10 km/km2",Litosol,>500 m (Sangat Jauh),500 - 1000 mm/th (Agak Rendah),15-25% (Agak Curam),Rendah,Dlingo
3080,Padang Rumput,"2,27 - 3,10 km/km2",Litosol,>500 m (Sangat Jauh),500 - 1000 mm/th (Agak Rendah),25-40% (Curam),Rendah,Imogiri
3081,Padang Rumput,"2,27 - 3,10 km/km2",Litosol,>500 m (Sangat Jauh),500 - 1000 mm/th (Agak Rendah),>40% (Sangat Curam),Rendah,Imogiri
3082,Padang Rumput,"2,27 - 3,10 km/km2",Litosol,0 - 50 m (Sangat Dekat),1000 - 2000 mm/th (Sedang),0-8% (Datar),Tinggi,Nanggulan
3083,Padang Rumput,"2,27 - 3,10 km/km2",Litosol,0 - 50 m (Sangat Dekat),1000 - 2000 mm/th (Sedang),8-15% (Landai),Tinggi,Kalibawang
3084,Padang Rumput,"2,27 - 3,10 km/km2",Litosol,0 - 50 m (Sangat Dekat),1000 - 2000 mm/th (Sedang),15-25% (Agak Curam),Tinggi,Kalibawang
3085,Padang Rumput,"2,27 - 3,10 km/km2",Litosol,0 - 50 m (Sangat Dekat),1000 - 2000 mm/th (Sedang),25-40% (Curam),Sedang,Kalibawang
3086,Padang Rumput,"2,27 - 3,10 km/km2",Litosol,0 - 50 m (Sangat Dekat),1000 - 2000 mm/th (Sedang),>40% (Sangat Curam),Sedang,Kalibawang
3087,Padang Rumput,"2,27 - 3,10 km/km2",Litosol,0 - 50 m (Sangat Dekat),500 - 1000 mm/th (Agak Rendah),0-8% (Datar),Sedang,Dlingo
3088,Padang Rumput,"2,27 - 3,10 km/km2",Litosol,0 - 50 m (Sangat Dekat),500 - 1000 mm/th (Agak Rendah),8-15% (Landai),Sedang,Dlingo
3089,Padang Rumput,"2,27 - 3,10 km/km2",Litosol,0 - 50 m (Sangat Dekat),500 - 1000 mm/th (Agak Rendah),15-25% (Agak Curam),Sedang,Dlingo
3090,Padang Rumput,"2,27 - 3,10 km/km2",Litosol,0 - 50 m (Sangat Dekat),500 - 1000 mm/th (Agak Rendah),25-40% (Curam),Sedang,Dlingo
3091,Padang Rumput,"2,27 - 3,10 km/km2",Litosol,0 - 50 m (Sangat Dekat),500 - 1000 mm/th (Agak Rendah),>40% (Sangat Curam),Sedang,Dlingo
3092,Padang Rumput,"2,27 - 3,10 km/km2",Litosol,50 - 100 m (Dekat),1000 - 2000 mm/th (Sedang),0-8% (Datar),Sedang,Kalibawang
3093,Padang Rumput,"2,27 - 3,10 km/km2",Litosol,50 - 100 m (Dekat),1000 - 2000 mm/th (Sedang),8-15% (Landai),Sedang,Kalibawang
3094,Padang Rumput,"2,27 - 3,10 km/km2",Litosol,50 - 100 m (Dekat),1000 - 2000 mm/th (Sedang),15-25% (Agak Curam),Sedang,Kalibawang
3095,Padang Rumput,"2,27 - 3,10 km/km2",Litosol,50 - 100 m (Dekat),1000 - 2000 mm/th (Sedang),25-40% (Curam),Sedang,Kalibawang
3096,Padang Rumput,"2,27 - 3,10 km/km2",Litosol,50 - 100 m (Dekat),1000 - 2000 mm/th (Sedang),>40% (Sangat Curam),Sedang,Kalibawang
3097,Padang Rumput,"2,27 - 3,10 km/km2",Litosol,50 - 100 m (Dekat),500 - 1000 mm/th (Agak Rendah),0-8% (Datar),Sedang,Dlingo
3098,Padang Rumput,"2,27 - 3,10 km/km2",Litosol,50 - 100 m (Dekat),500 - 1000 mm/th (Agak Rendah),8-15% (Landai),Sedang,Dlingo
3099,Padang Rumput,"2,27 - 3,10 km/km2",Litosol,50 - 100 m (Dekat),500 - 1000 mm/th (Agak Rendah),15-25% (Agak Curam),Sedang,Dlingo
3100,Padang Rumput,"2,27 - 3,10 km/km2",Litosol,50 - 100 m (Dekat),500 - 1000 mm/th (Agak Rendah),25-40% (Curam),Sedang,Dlingo
3101,Padang Rumput,"2,27 - 3,10 km/km2",Litosol,50 - 100 m (Dekat),500 - 1000 mm/th (Agak Rendah),>40% (Sangat Curam),Sedang,Dlingo
3102,Padang Rumput,"2,27 - 3,10 km/km2",Litosol,100 - 250 m (Sedang),1000 - 2000 mm/th (Sedang),0-8% (Datar),Sedang,Kalibawang
3103,Padang Rumput,"2,27 - 3,10 km/km2",Litosol,100 - 250 m (Sedang),1000 - 2000 mm/th (Sedang),8-15% (Landai),Sedang,Kalibawang
3104,Padang Rumput,"2,27 - 3,10 km/km2",Litosol,100 - 250 m (Sedang),1000 - 2000 mm/th (Sedang),15-25% (Agak Curam),Sedang,Kalibawang
3105,Padang Rumput,"2,27 - 3,10 km/km2",Litosol,100 - 250 m (Sedang),1000 - 2000 mm/th (Sedang),25-40% (Curam),Sedang,Kalibawang
3106,Padang Rumput,"2,27 - 3,10 km/km2",Litosol,100 - 250 m (Sedang),1000 - 2000 mm/th (Sedang),>40% (Sangat Curam),Sedang,Kalibawang
3107,Padang Rumput,"2,27 - 3,10 km/km2",Litosol,100 - 250 m (Sedang),500 - 1000 mm/th (Agak Rendah),0-8% (Datar),Sedang,Dlingo
3108,Padang Rumput,"2,27 - 3,10 km/km2",Litosol,100 - 250 m (Sedang),500 - 1000 mm/th (Agak Rendah),8-15% (Landai),Sedang,Dlingo
3109,Padang Rumput,"2,27 - 3,10 km/km2",Litosol,100 - 250 m (Sedang),500 - 1000 mm/th (Agak Rendah),15-25% (Agak Curam),Sedang,Dlingo
3110,Padang Rumput,"2,27 - 3,10 km/km2",Litosol,100 - 250 m (Sedang),500 - 1000 mm/th (Agak Rendah),25-40% (Curam),Sedang,Dlingo
3111,Padang Rumput,"2,27 - 3,10 km/km2",Litosol,100 - 250 m (Sedang),500 - 1000 mm/th (Agak Rendah),>40% (Sangat Curam),Rendah,Dlingo
3112,Padang Rumput,"2,27 - 3,10 km/km2",Litosol,250 - 500 m (Jauh),1000 - 2000 mm/th (Sedang),0-8% (Datar),Sedang,Pengasih
3113,Padang Rumput,"2,27 - 3,10 km/km2",Litosol,250 - 500 m (Jauh),1000 - 2000 mm/th (Sedang),8-15% (Landai),Sedang,Pengasih
3114,Padang Rumput,"2,27 - 3,10 km/km2",Litosol,250 - 500 m (Jauh),1000 - 2000 mm/th (Sedang),15-25% (Agak Curam),Sedang,Pengasih
3115,Padang Rumput,"2,27 - 3,10 km/km2",Litosol,250 - 500 m (Jauh),1000 - 2000 mm/th (Sedang),25-40% (Curam),Sedang,Sentolo
3116,Padang Rumput,"2,27 - 3,10 km/km2",Litosol,250 - 500 m (Jauh),500 - 1000 mm/th (Agak Rendah),0-8% (Datar),Rendah,Dlingo
3117,Padang Rumput,"2,27 - 3,10 km/km2",Litosol,250 - 500 m (Jauh),500 - 1000 mm/th (Agak Rendah),8-15% (Landai),Rendah,Dlingo
3118,Padang Rumput,"2,27 - 3,10 km/km2",Litosol,250 - 500 m (Jauh),500 - 1000 mm/th (Agak Rendah),15-25% (Agak Curam),Rendah,Dlingo
3119,Padang Rumput,"2,27 - 3,10 km/km2",Litosol,250 - 500 m (Jauh),500 - 1000 mm/th (Agak Rendah),25-40% (Curam),Rendah,Dlingo
3120,Padang Rumput,"2,27 - 3,10 km/km2",Litosol,250 - 500 m (Jauh),500 - 1000 mm/th (Agak Rendah),>40% (Sangat Curam),Rendah,Gedangsari
3121,Padang Rumput,"2,27 - 3,10 km/km2",Gleisol,>500 m (Sangat Jauh),500 - 1000 mm/th (Agak Rendah),0-8% (Datar),Rendah,Banguntapan
3122,Padang Rumput,"2,27 - 3,10 km/km2",Gleisol,>500 m (Sangat Jauh),500 - 1000 mm/th (Agak Rendah),8-15% (Landai),Rendah,Banguntapan
3123,Padang Rumput,"2,27 - 3,10 km/km2",Gleisol,>500 m (Sangat Jauh),500 - 1000 mm/th (Agak Rendah),15-25% (Agak Curam),Rendah,Banguntapan
3124,Padang Rumput,"2,27 - 3,10 km/km2",Gleisol,>500 m (Sangat Jauh),500 - 1000 mm/th (Agak Rendah),25-40% (Curam),Rendah,Imogiri
3125,Padang Rumput,"2,27 - 3,10 km/km2",Gleisol,>500 m (Sangat Jauh),500 - 1000 mm/th (Agak Rendah),>40% (Sangat Curam),Rendah,Imogiri
3126,Padang Rumput,"2,27 - 3,10 km/km2",Gleisol,0 - 50 m (Sangat Dekat),1000 - 2000 mm/th (Sedang),0-8% (Datar),Tinggi,Cangkringan
3127,Padang Rumput,"2,27 - 3,10 km/km2",Gleisol,0 - 50 m (Sangat Dekat),1000 - 2000 mm/th (Sedang),8-15% (Landai),Tinggi,Cangkringan
3128,Padang Rumput,"2,27 - 3,10 km/km2",Gleisol,0 - 50 m (Sangat Dekat),1000 - 2000 mm/th (Sedang),15-25% (Agak Curam),Tinggi,Cangkringan
3129,Padang Rumput,"2,27 - 3,10 km/km2",Gleisol,0 - 50 m (Sangat Dekat),1000 - 2000 mm/th (Sedang),25-40% (Curam),Tinggi,Cangkringan
3130,Padang Rumput,"2,27 - 3,10 km/km2",Gleisol,0 - 50 m (Sangat Dekat),1000 - 2000 mm/th (Sedang),>40% (Sangat Curam),Tinggi,Cangkringan
3131,Padang Rumput,"2,27 - 3,10 km/km2",Gleisol,0 - 50 m (Sangat Dekat),500 - 1000 mm/th (Agak Rendah),0-8% (Datar),Sedang,Banguntapan
3132,Padang Rumput,"2,27 - 3,10 km/km2",Gleisol,0 - 50 m (Sangat Dekat),500 - 1000 mm/th (Agak Rendah),8-15% (Landai),Sedang,Banguntapan
3133,Padang Rumput,"2,27 - 3,10 km/km2",Gleisol,0 - 50 m (Sangat Dekat),500 - 1000 mm/th (Agak Rendah),15-25% (Agak Curam),Sedang,Depok
3134,Padang Rumput,"2,27 - 3,10 km/km2",Gleisol,0 - 50 m (Sangat Dekat),500 - 1000 mm/th (Agak Rendah),25-40% (Curam),Sedang,Dlingo
3135,Padang Rumput,"2,27 - 3,10 km/km2",Gleisol,0 - 50 m (Sangat Dekat),500 - 1000 mm/th (Agak Rendah),>40% (Sangat Curam),Sedang,Dlingo
3136,Padang Rumput,"2,27 - 3,10 km/km2",Gleisol,50 - 100 m (Dekat),1000 - 2000 mm/th (Sedang),0-8% (Datar),Tinggi,Cangkringan
3137,Padang Rumput,"2,27 - 3,10 km/km2",Gleisol,50 - 100 m (Dekat),1000 - 2000 mm/th (Sedang),8-15% (Landai),Tinggi,Cangkringan
3138,Padang Rumput,"2,27 - 3,10 km/km2",Gleisol,50 - 100 m (Dekat),1000 - 2000 mm/th (Sedang),15-25% (Agak Curam),Sedang,Cangkringan
3139,Padang Rumput,"2,27 - 3,10 km/km2",Gleisol,50 - 100 m (Dekat),1000 - 2000 mm/th (Sedang),25-40% (Curam),Sedang,Cangkringan
3140,Padang Rumput,"2,27 - 3,10 km/km2",Gleisol,50 - 100 m (Dekat),1000 - 2000 mm/th (Sedang),>40% (Sangat Curam),Sedang,Cangkringan
3141,Padang Rumput,"2,27 - 3,10 km/km2",Gleisol,50 - 100 m (Dekat),500 - 1000 mm/th (Agak Rendah),0-8% (Datar),Sedang,Banguntapan
3142,Padang Rumput,"2,27 - 3,10 km/km2",Gleisol,50 - 100 m (Dekat),500 - 1000 mm/th (Agak Rendah),8-15% (Landai),Sedang,Banguntapan
3143,Padang Rumput,"2,27 - 3,10 km/km2",Gleisol,50 - 100 m (Dekat),500 - 1000 mm/th (Agak Rendah),15-25% (Agak Curam),Sedang,Depok
3144,Padang Rumput,"2,27 - 3,10 km/km2",Gleisol,50 - 100 m (Dekat),500 - 1000 mm/th (Agak Rendah),25-40% (Curam),Sedang,Dlingo
3145,Padang Rumput,"2,27 - 3,10 km/km2",Gleisol,50 - 100 m (Dekat),500 - 1000 mm/th (Agak Rendah),>40% (Sangat Curam),Sedang,Dlingo
3146,Padang Rumput,"2,27 - 3,10 km/km2",Gleisol,100 - 250 m (Sedang),1000 - 2000 mm/th (Sedang),0-8% (Datar),Sedang,Cangkringan
3147,Padang Rumput,"2,27 - 3,10 km/km2",Gleisol,100 - 250 m (Sedang),1000 - 2000 mm/th (Sedang),8-15% (Landai),Sedang,Turi
3148,Padang Rumput,"2,27 - 3,10 km/km2",Gleisol,100 - 250 m (Sedang),1000 - 2000 mm/th (Sedang),15-25% (Agak Curam),Sedang,Pakem
3149,Padang Rumput,"2,27 - 3,10 km/km2",Gleisol,100 - 250 m (Sedang),1000 - 2000 mm/th (Sedang),25-40% (Curam),Sedang,Cangkringan
3150,Padang Rumput,"2,27 - 3,10 km/km2",Gleisol,100 - 250 m (Sedang),1000 - 2000 mm/th (Sedang),>40% (Sangat Curam),Sedang,Cangkringan
3151,Padang Rumput,"2,27 - 3,10 km/km2",Gleisol,100 - 250 m (Sedang),500 - 1000 mm/th (Agak Rendah),0-8% (Datar),Sedang,Banguntapan
3152,Padang Rumput,"2,27 - 3,10 km/km2",Gleisol,100 - 250 m (Sedang),500 - 1000 mm/th (Agak Rendah),8-15% (Landai),Sedang,Banguntapan
3153,Padang Rumput,"2,27 - 3,10 km/km2",Gleisol,100 - 250 m (Sedang),500 - 1000 mm/th (Agak Rendah),15-25% (Agak Curam),Sedang,Depok
3154,Padang Rumput,"2,27 - 3,10 km/km2",Gleisol,100 - 250 m (Sedang),500 - 1000 mm/th (Agak Rendah),25-40% (Curam),Sedang,Dlingo
3155,Padang Rumput,"2,27 - 3,10 km/km2",Gleisol,100 - 250 m (Sedang),500 - 1000 mm/th (Agak Rendah),>40% (Sangat Curam),Sedang,Dlingo
3156,Padang Rumput,"2,27 - 3,10 km/km2",Gleisol,250 - 500 m (Jauh),1000 - 2000 mm/th (Sedang),0-8% (Datar),Sedang,Tempel
3157,Padang Rumput,"2,27 - 3,10 km/km2",Gleisol,250 - 500 m (Jauh),1000 - 2000 mm/th (Sedang),8-15% (Landai),Sedang,Turi
3158,Padang Rumput,"2,27 - 3,10 km/km2",Gleisol,250 - 500 m (Jauh),500 - 1000 mm/th (Agak Rendah),0-8% (Datar),Sedang,Banguntapan
3159,Padang Rumput,"2,27 - 3,10 km/km2",Gleisol,250 - 500 m (Jauh),500 - 1000 mm/th (Agak Rendah),8-15% (Landai),Sedang,Depok
3160,Padang Rumput,"2,27 - 3,10 km/km2",Gleisol,250 - 500 m (Jauh),500 - 1000 mm/th (Agak Rendah),15-25% (Agak Curam),Sedang,Banguntapan
3161,Padang Rumput,"2,27 - 3,10 km/km2",Gleisol,250 - 500 m (Jauh),500 - 1000 mm/th (Agak Rendah),25-40% (Curam),Rendah,Dlingo
3162,Padang Rumput,"2,27 - 3,10 km/km2",Gleisol,250 - 500 m (Jauh),500 - 1000 mm/th (Agak Rendah),>40% (Sangat Curam),Rendah,Dlingo
3163,Padang Rumput,"2,27 - 3,10 km/km2",Fluvisol,>500 m (Sangat Jauh),1000 - 2000 mm/th (Sedang),15-25% (Agak Curam),Sedang,Temon
3164,Padang Rumput,"2,27 - 3,10 km/km2",Fluvisol,>500 m (Sangat Jauh),1000 - 2000 mm/th (Sedang),25-40% (Curam),Sedang,Kokap
3165,Padang Rumput,"2,27 - 3,10 km/km2",Fluvisol,>500 m (Sangat Jauh),1000 - 2000 mm/th (Sedang),>40% (Sangat Curam),Sedang,Kokap
3166,Padang Rumput,"2,27 - 3,10 km/km2",Fluvisol,>500 m (Sangat Jauh),500 - 1000 mm/th (Agak Rendah),0-8% (Datar),Rendah,Bambanglipuro
3167,Padang Rumput,"2,27 - 3,10 km/km2",Fluvisol,>500 m (Sangat Jauh),500 - 1000 mm/th (Agak Rendah),8-15% (Landai),Rendah,Bambanglipuro
3168,Padang Rumput,"2,27 - 3,10 km/km2",Fluvisol,>500 m (Sangat Jauh),500 - 1000 mm/th (Agak Rendah),15-25% (Agak Curam),Rendah,Bambanglipuro
3169,Padang Rumput,"2,27 - 3,10 km/km2",Fluvisol,>500 m (Sangat Jauh),500 - 1000 mm/th (Agak Rendah),25-40% (Curam),Rendah,Kretek
3170,Padang Rumput,"2,27 - 3,10 km/km2",Fluvisol,>500 m (Sangat Jauh),500 - 1000 mm/th (Agak Rendah),>40% (Sangat Curam),Rendah,Kretek
3171,Padang Rumput,"2,27 - 3,10 km/km2",Fluvisol,0 - 50 m (Sangat Dekat),1000 - 2000 mm/th (Sedang),0-8% (Datar),Tinggi,Temon
3172,Padang Rumput,"2,27 - 3,10 km/km2",Fluvisol,0 - 50 m (Sangat Dekat),1000 - 2000 mm/th (Sedang),8-15% (Landai),Tinggi,Kokap
3173,Padang Rumput,"2,27 - 3,10 km/km2",Fluvisol,0 - 50 m (Sangat Dekat),1000 - 2000 mm/th (Sedang),15-25% (Agak Curam),Tinggi,Kokap
3174,Padang Rumput,"2,27 - 3,10 km/km2",Fluvisol,0 - 50 m (Sangat Dekat),1000 - 2000 mm/th (Sedang),25-40% (Curam),Tinggi,Kokap
3175,Padang Rumput,"2,27 - 3,10 km/km2",Fluvisol,0 - 50 m (Sangat Dekat),1000 - 2000 mm/th (Sedang),>40% (Sangat Curam),Tinggi,Kokap
3176,Padang Rumput,"2,27 - 3,10 km/km2",Fluvisol,0 - 50 m (Sangat Dekat),500 - 1000 mm/th (Agak Rendah),0-8% (Datar),Sedang,Pandak
3177,Padang Rumput,"2,27 - 3,10 km/km2",Fluvisol,0 - 50 m (Sangat Dekat),500 - 1000 mm/th (Agak Rendah),8-15% (Landai),Sedang,Pandak
3178,Padang Rumput,"2,27 - 3,10 km/km2",Fluvisol,0 - 50 m (Sangat Dekat),500 - 1000 mm/th (Agak Rendah),15-25% (Agak Curam),Sedang,Pandak
3179,Padang Rumput,"2,27 - 3,10 km/km2",Fluvisol,0 - 50 m (Sangat Dekat),500 - 1000 mm/th (Agak Rendah),25-40% (Curam),Sedang,Pundong
3180,Padang Rumput,"2,27 - 3,10 km/km2",Fluvisol,0 - 50 m (Sangat Dekat),500 - 1000 mm/th (Agak Rendah),>40% (Sangat Curam),Sedang,Pundong
3181,Padang Rumput,"2,27 - 3,10 km/km2",Fluvisol,50 - 100 m (Dekat),1000 - 2000 mm/th (Sedang),0-8% (Datar),Tinggi,Kokap
3182,Padang Rumput,"2,27 - 3,10 km/km2",Fluvisol,50 - 100 m (Dekat),1000 - 2000 mm/th (Sedang),8-15% (Landai),Tinggi,Kokap
3183,Padang Rumput,"2,27 - 3,10 km/km2",Fluvisol,50 - 100 m (Dekat),1000 - 2000 mm/th (Sedang),15-25% (Agak Curam),Sedang,Kokap
3184,Padang Rumput,"2,27 - 3,10 km/km2",Fluvisol,50 - 100 m (Dekat),1000 - 2000 mm/th (Sedang),25-40% (Curam),Sedang,Kokap
3185,Padang Rumput,"2,27 - 3,10 km/km2",Fluvisol,50 - 100 m (Dekat),1000 - 2000 mm/th (Sedang),>40% (Sangat Curam),Sedang,Kokap
3186,Padang Rumput,"2,27 - 3,10 km/km2",Fluvisol,50 - 100 m (Dekat),500 - 1000 mm/th (Agak Rendah),0-8% (Datar),Sedang,Kretek
3187,Padang Rumput,"2,27 - 3,10 km/km2",Fluvisol,50 - 100 m (Dekat),500 - 1000 mm/th (Agak Rendah),8-15% (Landai),Sedang,Lendah
3188,Padang Rumput,"2,27 - 3,10 km/km2",Fluvisol,50 - 100 m (Dekat),500 - 1000 mm/th (Agak Rendah),15-25% (Agak Curam),Sedang,Pandak
3189,Padang Rumput,"2,27 - 3,10 km/km2",Fluvisol,50 - 100 m (Dekat),500 - 1000 mm/th (Agak Rendah),25-40% (Curam),Sedang,Pundong
3190,Padang Rumput,"2,27 - 3,10 km/km2",Fluvisol,50 - 100 m (Dekat),500 - 1000 mm/th (Agak Rendah),>40% (Sangat Curam),Sedang,Pundong
3191,Padang Rumput,"2,27 - 3,10 km/km2",Fluvisol,100 - 250 m (Sedang),1000 - 2000 mm/th (Sedang),0-8% (Datar),Sedang,Kokap
3192,Padang Rumput,"2,27 - 3,10 km/km2",Fluvisol,100 - 250 m (Sedang),1000 - 2000 mm/th (Sedang),8-15% (Landai),Sedang,Kokap
3193,Padang Rumput,"2,27 - 3,10 km/km2",Fluvisol,100 - 250 m (Sedang),1000 - 2000 mm/th (Sedang),15-25% (Agak Curam),Sedang,Kokap
3194,Padang Rumput,"2,27 - 3,10 km/km2",Fluvisol,100 - 250 m (Sedang),1000 - 2000 mm/th (Sedang),25-40% (Curam),Sedang,Kokap
3195,Padang Rumput,"2,27 - 3,10 km/km2",Fluvisol,100 - 250 m (Sedang),1000 - 2000 mm/th (Sedang),>40% (Sangat Curam),Sedang,Kokap
3196,Padang Rumput,"2,27 - 3,10 km/km2",Fluvisol,100 - 250 m (Sedang),500 - 1000 mm/th (Agak Rendah),0-8% (Datar),Sedang,Lendah
3197,Padang Rumput,"2,27 - 3,10 km/km2",Fluvisol,100 - 250 m (Sedang),500 - 1000 mm/th (Agak Rendah),8-15% (Landai),Sedang,Lendah
3198,Padang Rumput,"2,27 - 3,10 km/km2",Fluvisol,100 - 250 m (Sedang),500 - 1000 mm/th (Agak Rendah),15-25% (Agak Curam),Sedang,Pundong
3199,Padang Rumput,"2,27 - 3,10 km/km2",Fluvisol,100 - 250 m (Sedang),500 - 1000 mm/th (Agak Rendah),25-40% (Curam),Sedang,Pundong
3200,Padang Rumput,"2,27 - 3,10 km/km2",Fluvisol,100 - 250 m (Sedang),500 - 1000 mm/th (Agak Rendah),>40% (Sangat Curam),Sedang,Pundong
3201,Padang Rumput,"2,27 - 3,10 km/km2",Fluvisol,250 - 500 m (Jauh),1000 - 2000 mm/th (Sedang),0-8% (Datar),Sedang,Kokap
3202,Padang Rumput,"2,27 - 3,10 km/km2",Fluvisol,250 - 500 m (Jauh),1000 - 2000 mm/th (Sedang),8-15% (Landai),Sedang,Kokap
3203,Padang Rumput,"2,27 - 3,10 km/km2",Fluvisol,250 - 500 m (Jauh),1000 - 2000 mm/th (Sedang),15-25% (Agak Curam),Sedang,Kokap
3204,Padang Rumput,"2,27 - 3,10 km/km2",Fluvisol,250 - 500 m (Jauh),1000 - 2000 mm/th (Sedang),25-40% (Curam),Sedang,Kokap
3205,Padang Rumput,"2,27 - 3,10 km/km2",Fluvisol,250 - 500 m (Jauh),1000 - 2000 mm/th (Sedang),>40% (Sangat Curam),Sedang,Kokap
3206,Padang Rumput,"2,27 - 3,10 km/km2",Fluvisol,250 - 500 m (Jauh),500 - 1000 mm/th (Agak Rendah),0-8% (Datar),Sedang,Lendah
3207,Padang Rumput,"2,27 - 3,10 km/km2",Fluvisol,250 - 500 m (Jauh),500 - 1000 mm/th (Agak Rendah),8-15% (Landai),Sedang,Pundong
3208,Padang Rumput,"2,27 - 3,10 km/km2",Fluvisol,250 - 500 m (Jauh),500 - 1000 mm/th (Agak Rendah),15-25% (Agak Curam),Sedang,Pundong
3209,Padang Rumput,"2,27 - 3,10 km/km2",Fluvisol,250 - 500 m (Jauh),500 - 1000 mm/th (Agak Rendah),25-40% (Curam),Rendah,Pundong
3210,Padang Rumput,"2,27 - 3,10 km/km2",Fluvisol,250 - 500 m (Jauh),500 - 1000 mm/th (Agak Rendah),>40% (Sangat Curam),Rendah,Pundong
3211,Padang Rumput,"2,27 - 3,10 km/km2",Nitosol,0 - 50 m (Sangat Dekat),1000 - 2000 mm/th (Sedang),0-8% (Datar),Tinggi,Kokap
3212,Padang Rumput,"2,27 - 3,10 km/km2",Nitosol,0 - 50 m (Sangat Dekat),1000 - 2000 mm/th (Sedang),8-15% (Landai),Tinggi,Kokap
3213,Padang Rumput,"2,27 - 3,10 km/km2",Nitosol,0 - 50 m (Sangat Dekat),1000 - 2000 mm/th (Sedang),15-25% (Agak Curam),Tinggi,Kokap
3214,Padang Rumput,"2,27 - 3,10 km/km2",Nitosol,0 - 50 m (Sangat Dekat),1000 - 2000 mm/th (Sedang),25-40% (Curam),Tinggi,Kokap
3215,Padang Rumput,"2,27 - 3,10 km/km2",Nitosol,0 - 50 m (Sangat Dekat),1000 - 2000 mm/th (Sedang),>40% (Sangat Curam),Sedang,Kokap
3216,Padang Rumput,"2,27 - 3,10 km/km2",Nitosol,0 - 50 m (Sangat Dekat),500 - 1000 mm/th (Agak Rendah),0-8% (Datar),Sedang,Wates
3217,Padang Rumput,"2,27 - 3,10 km/km2",Nitosol,50 - 100 m (Dekat),1000 - 2000 mm/th (Sedang),0-8% (Datar),Sedang,Kokap
3218,Padang Rumput,"2,27 - 3,10 km/km2",Nitosol,50 - 100 m (Dekat),1000 - 2000 mm/th (Sedang),8-15% (Landai),Sedang,Kokap
3219,Padang Rumput,"2,27 - 3,10 km/km2",Nitosol,50 - 100 m (Dekat),1000 - 2000 mm/th (Sedang),15-25% (Agak Curam),Sedang,Kokap
3220,Padang Rumput,"2,27 - 3,10 km/km2",Nitosol,50 - 100 m (Dekat),1000 - 2000 mm/th (Sedang),25-40% (Curam),Sedang,Kokap
3221,Padang Rumput,"2,27 - 3,10 km/km2",Nitosol,50 - 100 m (Dekat),1000 - 2000 mm/th (Sedang),>40% (Sangat Curam),Sedang,Kokap
3222,Padang Rumput,"2,27 - 3,10 km/km2",Nitosol,50 - 100 m (Dekat),500 - 1000 mm/th (Agak Rendah),0-8% (Datar),Sedang,Wates
3223,Padang Rumput,"2,27 - 3,10 km/km2",Nitosol,50 - 100 m (Dekat),500 - 1000 mm/th (Agak Rendah),8-15% (Landai),Sedang,Wates
3224,Padang Rumput,"2,27 - 3,10 km/km2",Nitosol,100 - 250 m (Sedang),1000 - 2000 mm/th (Sedang),0-8% (Datar),Sedang,Pengasih
3225,Padang Rumput,"2,27 - 3,10 km/km2",Nitosol,100 - 250 m (Sedang),1000 - 2000 mm/th (Sedang),8-15% (Landai),Sedang,Pengasih
3226,Padang Rumput,"2,27 - 3,10 km/km2",Nitosol,100 - 250 m (Sedang),1000 - 2000 mm/th (Sedang),15-25% (Agak Curam),Sedang,Kokap
3227,Padang Rumput,"2,27 - 3,10 km/km2",Nitosol,100 - 250 m (Sedang),1000 - 2000 mm/th (Sedang),25-40% (Curam),Sedang,Kokap
3228,Padang Rumput,"2,27 - 3,10 km/km2",Nitosol,100 - 250 m (Sedang),1000 - 2000 mm/th (Sedang),>40% (Sangat Curam),Sedang,Kokap
3229,Padang Rumput,"2,27 - 3,10 km/km2",Nitosol,100 - 250 m (Sedang),500 - 1000 mm/th (Agak Rendah),0-8% (Datar),Sedang,Wates
3230,Padang Rumput,"2,27 - 3,10 km/km2",Nitosol,250 - 500 m (Jauh),1000 - 2000 mm/th (Sedang),0-8% (Datar),Sedang,Pengasih
3231,Padang Rumput,"2,27 - 3,10 km/km2",Nitosol,250 - 500 m (Jauh),500 - 1000 mm/th (Agak Rendah),0-8% (Datar),Sedang,Wates
3232,Padang Rumput,"2,27 - 3,10 km/km2",Vertisol,>500 m (Sangat Jauh),500 - 1000 mm/th (Agak Rendah),0-8% (Datar),Rendah,Nglipar
3233,Padang Rumput,"2,27 - 3,10 km/km2",Vertisol,>500 m (Sangat Jauh),500 - 1000 mm/th (Agak Rendah),8-15% (Landai),Rendah,Nglipar
3234,Padang Rumput,"2,27 - 3,10 km/km2",Vertisol,>500 m (Sangat Jauh),500 - 1000 mm/th (Agak Rendah),15-25% (Agak Curam),Rendah,Nglipar
3235,Padang Rumput,"2,27 - 3,10 km/km2",Vertisol,0 - 50 m (Sangat Dekat),500 - 1000 mm/th (Agak Rendah),0-8% (Datar),Sedang,Gedangsari
3236,Padang Rumput,"2,27 - 3,10 km/km2",Vertisol,0 - 50 m (Sangat Dekat),500 - 1000 mm/th (Agak Rendah),8-15% (Landai),Sedang,Gedangsari
3237,Padang Rumput,"2,27 - 3,10 km/km2",Vertisol,0 - 50 m (Sangat Dekat),500 - 1000 mm/th (Agak Rendah),15-25% (Agak Curam),Sedang,Gedangsari
3238,Padang Rumput,"2,27 - 3,10 km/km2",Vertisol,0 - 50 m (Sangat Dekat),500 - 1000 mm/th (Agak Rendah),25-40% (Curam),Sedang,Karangmojo
3239,Padang Rumput,"2,27 - 3,10 km/km2",Vertisol,0 - 50 m (Sangat Dekat),500 - 1000 mm/th (Agak Rendah),>40% (Sangat Curam),Sedang,Karangmojo
3240,Padang Rumput,"2,27 - 3,10 km/km2",Vertisol,50 - 100 m (Dekat),500 - 1000 mm/th (Agak Rendah),0-8% (Datar),Sedang,Gedangsari
3241,Padang Rumput,"2,27 - 3,10 km/km2",Vertisol,50 - 100 m (Dekat),500 - 1000 mm/th (Agak Rendah),8-15% (Landai),Sedang,Gedangsari
3242,Padang Rumput,"2,27 - 3,10 km/km2",Vertisol,50 - 100 m (Dekat),500 - 1000 mm/th (Agak Rendah),15-25% (Agak Curam),Sedang,Gedangsari
3243,Padang Rumput,"2,27 - 3,10 km/km2",Vertisol,50 - 100 m (Dekat),500 - 1000 mm/th (Agak Rendah),25-40% (Curam),Sedang,Gedangsari
3244,Padang Rumput,"2,27 - 3,10 km/km2",Vertisol,50 - 100 m (Dekat),500 - 1000 mm/th (Agak Rendah),>40% (Sangat Curam),Sedang,Karangmojo
3245,Padang Rumput,"2,27 - 3,10 km/km2",Vertisol,100 - 250 m (Sedang),500 - 1000 mm/th (Agak Rendah),0-8% (Datar),Sedang,Gedangsari
3246,Padang Rumput,"2,27 - 3,10 km/km2",Vertisol,100 - 250 m (Sedang),500 - 1000 mm/th (Agak Rendah),8-15% (Landai),Sedang,Gedangsari
3247,Padang Rumput,"2,27 - 3,10 km/km2",Vertisol,100 - 250 m (Sedang),500 - 1000 mm/th (Agak Rendah),15-25% (Agak Curam),Sedang,Gedangsari
3248,Padang Rumput,"2,27 - 3,10 km/km2",Vertisol,100 - 250 m (Sedang),500 - 1000 mm/th (Agak Rendah),25-40% (Curam),Sedang,Gedangsari
3249,Padang Rumput,"2,27 - 3,10 km/km2",Vertisol,100 - 250 m (Sedang),500 - 1000 mm/th (Agak Rendah),>40% (Sangat Curam),Sedang,Karangmojo
3250,Padang Rumput,"2,27 - 3,10 km/km2",Vertisol,250 - 500 m (Jauh),500 - 1000 mm/th (Agak Rendah),0-8% (Datar),Sedang,Gedangsari
3251,Padang Rumput,"2,27 - 3,10 km/km2",Vertisol,250 - 500 m (Jauh),500 - 1000 mm/th (Agak Rendah),8-15% (Landai),Sedang,Gedangsari
3252,Padang Rumput,"2,27 - 3,10 km/km2",Vertisol,250 - 500 m (Jauh),500 - 1000 mm/th (Agak Rendah),15-25% (Agak Curam),Rendah,Gedangsari
3253,Padang Rumput,"2,27 - 3,10 km/km2",Vertisol,250 - 500 m (Jauh),500 - 1000 mm/th (Agak Rendah),25-40% (Curam),Rendah,Karangmojo
3254,Padang Rumput,"2,27 - 3,10 km/km2",Vertisol,250 - 500 m (Jauh),500 - 1000 mm/th (Agak Rendah),>40% (Sangat Curam),Rendah,Karangmojo
3255,Padang Rumput,">3,10 km/km2",Luvisol,50 - 100 m (Dekat),500 - 1000 mm/th (Agak Rendah),15-25% (Agak Curam),Sedang,Gedangsari
3256,Padang Rumput,">3,10 km/km2",Luvisol,50 - 100 m (Dekat),500 - 1000 mm/th (Agak Rendah),25-40% (Curam),Sedang,Gedangsari
3257,Padang Rumput,">3,10 km/km2",Luvisol,50 - 100 m (Dekat),500 - 1000 mm/th (Agak Rendah),>40% (Sangat Curam),Sedang,Gedangsari
3258,Padang Rumput,">3,10 km/km2",Luvisol,100 - 250 m (Sedang),500 - 1000 mm/th (Agak Rendah),0-8% (Datar),Sedang,Gedangsari
3259,Padang Rumput,">3,10 km/km2",Luvisol,100 - 250 m (Sedang),500 - 1000 mm/th (Agak Rendah),8-15% (Landai),Sedang,Gedangsari
3260,Padang Rumput,">3,10 km/km2",Luvisol,100 - 250 m (Sedang),500 - 1000 mm/th (Agak Rendah),15-25% (Agak Curam),Sedang,Gedangsari
3261,Padang Rumput,">3,10 km/km2",Luvisol,100 - 250 m (Sedang),500 - 1000 mm/th (Agak Rendah),25-40% (Curam),Rendah,Gedangsari
3262,Padang Rumput,">3,10 km/km2",Luvisol,100 - 250 m (Sedang),500 - 1000 mm/th (Agak Rendah),>40% (Sangat Curam),Rendah,Gedangsari
3263,Padang Rumput,">3,10 km/km2",Luvisol,250 - 500 m (Jauh),500 - 1000 mm/th (Agak Rendah),0-8% (Datar),Rendah,Gedangsari
3264,Padang Rumput,">3,10 km/km2",Luvisol,250 - 500 m (Jauh),500 - 1000 mm/th (Agak Rendah),8-15% (Landai),Rendah,Gedangsari
3265,Padang Rumput,">3,10 km/km2",Luvisol,250 - 500 m (Jauh),500 - 1000 mm/th (Agak Rendah),15-25% (Agak Curam),Rendah,Gedangsari
3266,Padang Rumput,">3,10 km/km2",Litosol,>500 m (Sangat Jauh),1000 - 2000 mm/th (Sedang),0-8% (Datar),Rendah,Minggir
3267,Padang Rumput,">3,10 km/km2",Litosol,>500 m (Sangat Jauh),1000 - 2000 mm/th (Sedang),15-25% (Agak Curam),Rendah,Samigaluh
3268,Padang Rumput,">3,10 km/km2",Litosol,>500 m (Sangat Jauh),1000 - 2000 mm/th (Sedang),>40% (Sangat Curam),Rendah,Girimulyo
3269,Padang Rumput,">3,10 km/km2",Litosol,>500 m (Sangat Jauh),500 - 1000 mm/th (Agak Rendah),0-8% (Datar),Rendah,Purwosari
3270,Padang Rumput,">3,10 km/km2",Litosol,>500 m (Sangat Jauh),500 - 1000 mm/th (Agak Rendah),8-15% (Landai),Rendah,Purwosari
3271,Padang Rumput,">3,10 km/km2",Litosol,>500 m (Sangat Jauh),500 - 1000 mm/th (Agak Rendah),15-25% (Agak Curam),Rendah,Patuk
3272,Padang Rumput,">3,10 km/km2",Litosol,>500 m (Sangat Jauh),500 - 1000 mm/th (Agak Rendah),25-40% (Curam),Rendah,Patuk
3273,Padang Rumput,">3,10 km/km2",Litosol,>500 m (Sangat Jauh),500 - 1000 mm/th (Agak Rendah),>40% (Sangat Curam),Rendah,Purwosari
3274,Padang Rumput,">3,10 km/km2",Litosol,0 - 50 m (Sangat Dekat),1000 - 2000 mm/th (Sedang),0-8% (Datar),Tinggi,Girimulyo
3275,Padang Rumput,">3,10 km/km2",Litosol,0 - 50 m (Sangat Dekat),1000 - 2000 mm/th (Sedang),8-15% (Landai),Sedang,Girimulyo
3276,Padang Rumput,">3,10 km/km2",Litosol,0 - 50 m (Sangat Dekat),1000 - 2000 mm/th (Sedang),15-25% (Agak Curam),Sedang,Girimulyo
3277,Padang Rumput,">3,10 km/km2",Litosol,0 - 50 m (Sangat Dekat),1000 - 2000 mm/th (Sedang),25-40% (Curam),Sedang,Girimulyo
3278,Padang Rumput,">3,10 km/km2",Litosol,0 - 50 m (Sangat Dekat),1000 - 2000 mm/th (Sedang),>40% (Sangat Curam),Sedang,Girimulyo
3279,Padang Rumput,">3,10 km/km2",Litosol,0 - 50 m (Sangat Dekat),500 - 1000 mm/th (Agak Rendah),0-8% (Datar),Sedang,Gedangsari
3280,Padang Rumput,">3,10 km/km2",Litosol,0 - 50 m (Sangat Dekat),500 - 1000 mm/th (Agak Rendah),8-15% (Landai),Sedang,Gedangsari
3281,Padang Rumput,">3,10 km/km2",Litosol,0 - 50 m (Sangat Dekat),500 - 1000 mm/th (Agak Rendah),15-25% (Agak Curam),Sedang,Gedangsari
3282,Padang Rumput,">3,10 km/km2",Litosol,0 - 50 m (Sangat Dekat),500 - 1000 mm/th (Agak Rendah),25-40% (Curam),Sedang,Gedangsari
3283,Padang Rumput,">3,10 km/km2",Litosol,0 - 50 m (Sangat Dekat),500 - 1000 mm/th (Agak Rendah),>40% (Sangat Curam),Sedang,Gedangsari
3284,Padang Rumput,">3,10 km/km2",Litosol,50 - 100 m (Dekat),1000 - 2000 mm/th (Sedang),0-8% (Datar),Sedang,Girimulyo
3285,Padang Rumput,">3,10 km/km2",Litosol,50 - 100 m (Dekat),1000 - 2000 mm/th (Sedang),8-15% (Landai),Sedang,Girimulyo
3286,Padang Rumput,">3,10 km/km2",Litosol,50 - 100 m (Dekat),1000 - 2000 mm/th (Sedang),15-25% (Agak Curam),Sedang,Girimulyo
3287,Padang Rumput,">3,10 km/km2",Litosol,50 - 100 m (Dekat),1000 - 2000 mm/th (Sedang),25-40% (Curam),Sedang,Girimulyo
3288,Padang Rumput,">3,10 km/km2",Litosol,50 - 100 m (Dekat),1000 - 2000 mm/th (Sedang),>40% (Sangat Curam),Sedang,Girimulyo
3289,Padang Rumput,">3,10 km/km2",Litosol,50 - 100 m (Dekat),500 - 1000 mm/th (Agak Rendah),0-8% (Datar),Sedang,Gedangsari
3290,Padang Rumput,">3,10 km/km2",Litosol,50 - 100 m (Dekat),500 - 1000 mm/th (Agak Rendah),8-15% (Landai),Sedang,Gedangsari
3291,Padang Rumput,">3,10 km/km2",Litosol,50 - 100 m (Dekat),500 - 1000 mm/th (Agak Rendah),15-25% (Agak Curam),Sedang,Gedangsari
3292,Padang Rumput,">3,10 km/km2",Litosol,50 - 100 m (Dekat),500 - 1000 mm/th (Agak Rendah),25-40% (Curam),Sedang,Gedangsari
3293,Padang Rumput,">3,10 km/km2",Litosol,50 - 100 m (Dekat),500 - 1000 mm/th (Agak Rendah),>40% (Sangat Curam),Sedang,Gedangsari
3294,Padang Rumput,">3,10 km/km2",Litosol,100 - 250 m (Sedang),1000 - 2000 mm/th (Sedang),0-8% (Datar),Sedang,Girimulyo
3295,Padang Rumput,">3,10 km/km2",Litosol,100 - 250 m (Sedang),1000 - 2000 mm/th (Sedang),8-15% (Landai),Sedang,Girimulyo
3296,Padang Rumput,">3,10 km/km2",Litosol,100 - 250 m (Sedang),1000 - 2000 mm/th (Sedang),15-25% (Agak Curam),Sedang,Girimulyo
3297,Padang Rumput,">3,10 km/km2",Litosol,100 - 250 m (Sedang),1000 - 2000 mm/th (Sedang),25-40% (Curam),Sedang,Girimulyo
3298,Padang Rumput,">3,10 km/km2",Litosol,100 - 250 m (Sedang),1000 - 2000 mm/th (Sedang),>40% (Sangat Curam),Sedang,Girimulyo
3299,Padang Rumput,">3,10 km/km2",Litosol,100 - 250 m (Sedang),500 - 1000 mm/th (Agak Rendah),0-8% (Datar),Sedang,Gedangsari
3300,Padang Rumput,">3,10 km/km2",Litosol,100 - 250 m (Sedang),500 - 1000 mm/th (Agak Rendah),8-15% (Landai),Sedang,Gedangsari
3301,Padang Rumput,">3,10 km/km2",Litosol,100 - 250 m (Sedang),500 - 1000 mm/th (Agak Rendah),15-25% (Agak Curam),Rendah,Gedangsari
3302,Padang Rumput,">3,10 km/km2",Litosol,100 - 250 m (Sedang),500 - 1000 mm/th (Agak Rendah),25-40% (Curam),Rendah,Gedangsari
3303,Padang Rumput,">3,10 km/km2",Litosol,100 - 250 m (Sedang),500 - 1000 mm/th (Agak Rendah),>40% (Sangat Curam),Rendah,Gedangsari
3304,Padang Rumput,">3,10 km/km2",Litosol,250 - 500 m (Jauh),1000 - 2000 mm/th (Sedang),0-8% (Datar),Sedang,Girimulyo
3305,Padang Rumput,">3,10 km/km2",Litosol,250 - 500 m (Jauh),1000 - 2000 mm/th (Sedang),8-15% (Landai),Sedang,Girimulyo
3306,Padang Rumput,">3,10 km/km2",Litosol,250 - 500 m (Jauh),1000 - 2000 mm/th (Sedang),15-25% (Agak Curam),Sedang,Girimulyo
3307,Padang Rumput,">3,10 km/km2",Litosol,250 - 500 m (Jauh),1000 - 2000 mm/th (Sedang),25-40% (Curam),Sedang,Girimulyo
3308,Padang Rumput,">3,10 km/km2",Litosol,250 - 500 m (Jauh),1000 - 2000 mm/th (Sedang),>40% (Sangat Curam),Rendah,Girimulyo
3309,Padang Rumput,">3,10 km/km2",Litosol,250 - 500 m (Jauh),500 - 1000 mm/th (Agak Rendah),0-8% (Datar),Rendah,Gedangsari
3310,Padang Rumput,">3,10 km/km2",Litosol,250 - 500 m (Jauh),500 - 1000 mm/th (Agak Rendah),8-15% (Landai),Rendah,Gedangsari
3311,Padang Rumput,">3,10 km/km2",Litosol,250 - 500 m (Jauh),500 - 1000 mm/th (Agak Rendah),15-25% (Agak Curam),Rendah,Gedangsari
3312,Padang Rumput,">3,10 km/km2",Litosol,250 - 500 m (Jauh),500 - 1000 mm/th (Agak Rendah),25-40% (Curam),Rendah,Gedangsari
3313,Padang Rumput,">3,10 km/km2",Litosol,250 - 500 m (Jauh),500 - 1000 mm/th (Agak Rendah),>40% (Sangat Curam),Rendah,Gedangsari
3314,Padang Rumput,">3,10 km/km2",Gleisol,>500 m (Sangat Jauh),500 - 1000 mm/th (Agak Rendah),0-8% (Datar),Rendah,Banguntapan
3315,Padang Rumput,">3,10 km/km2",Gleisol,>500 m (Sangat Jauh),500 - 1000 mm/th (Agak Rendah),8-15% (Landai),Rendah,Berbah
3316,Padang Rumput,">3,10 km/km2",Gleisol,>500 m (Sangat Jauh),500 - 1000 mm/th (Agak Rendah),15-25% (Agak Curam),Rendah,Berbah
3317,Padang Rumput,">3,10 km/km2",Gleisol,>500 m (Sangat Jauh),500 - 1000 mm/th (Agak Rendah),25-40% (Curam),Rendah,Imogiri
3318,Padang Rumput,">3,10 km/km2",Gleisol,>500 m (Sangat Jauh),500 - 1000 mm/th (Agak Rendah),>40% (Sangat Curam),Rendah,Imogiri
3319,Padang Rumput,">3,10 km/km2",Gleisol,0 - 50 m (Sangat Dekat),1000 - 2000 mm/th (Sedang),0-8% (Datar),Tinggi,Cangkringan
3320,Padang Rumput,">3,10 km/km2",Gleisol,0 - 50 m (Sangat Dekat),1000 - 2000 mm/th (Sedang),8-15% (Landai),Tinggi,Cangkringan
3321,Padang Rumput,">3,10 km/km2",Gleisol,0 - 50 m (Sangat Dekat),1000 - 2000 mm/th (Sedang),15-25% (Agak Curam),Tinggi,Cangkringan
3322,Padang Rumput,">3,10 km/km2",Gleisol,0 - 50 m (Sangat Dekat),1000 - 2000 mm/th (Sedang),25-40% (Curam),Tinggi,Cangkringan
3323,Padang Rumput,">3,10 km/km2",Gleisol,0 - 50 m (Sangat Dekat),1000 - 2000 mm/th (Sedang),>40% (Sangat Curam),Sedang,Cangkringan
3324,Padang Rumput,">3,10 km/km2",Gleisol,0 - 50 m (Sangat Dekat),500 - 1000 mm/th (Agak Rendah),0-8% (Datar),Sedang,Banguntapan
3325,Padang Rumput,">3,10 km/km2",Gleisol,0 - 50 m (Sangat Dekat),500 - 1000 mm/th (Agak Rendah),8-15% (Landai),Sedang,Berbah
3326,Padang Rumput,">3,10 km/km2",Gleisol,0 - 50 m (Sangat Dekat),500 - 1000 mm/th (Agak Rendah),15-25% (Agak Curam),Sedang,Depok
3327,Padang Rumput,">3,10 km/km2",Gleisol,0 - 50 m (Sangat Dekat),500 - 1000 mm/th (Agak Rendah),25-40% (Curam),Sedang,Depok
3328,Padang Rumput,">3,10 km/km2",Gleisol,0 - 50 m (Sangat Dekat),500 - 1000 mm/th (Agak Rendah),>40% (Sangat Curam),Sedang,Dlingo
3329,Padang Rumput,">3,10 km/km2",Gleisol,50 - 100 m (Dekat),1000 - 2000 mm/th (Sedang),0-8% (Datar),Sedang,Cangkringan
3330,Padang Rumput,">3,10 km/km2",Gleisol,50 - 100 m (Dekat),1000 - 2000 mm/th (Sedang),8-15% (Landai),Sedang,Cangkringan
3331,Padang Rumput,">3,10 km/km2",Gleisol,50 - 100 m (Dekat),1000 - 2000 mm/th (Sedang),15-25% (Agak Curam),Sedang,Cangkringan
3332,Padang Rumput,">3,10 km/km2",Gleisol,50 - 100 m (Dekat),1000 - 2000 mm/th (Sedang),25-40% (Curam),Sedang,Cangkringan
3333,Padang Rumput,">3,10 km/km2",Gleisol,50 - 100 m (Dekat),1000 - 2000 mm/th (Sedang),>40% (Sangat Curam),Sedang,Cangkringan
3334,Padang Rumput,">3,10 km/km2",Gleisol,50 - 100 m (Dekat),500 - 1000 mm/th (Agak Rendah),0-8% (Datar),Sedang,Banguntapan
3335,Padang Rumput,">3,10 km/km2",Gleisol,50 - 100 m (Dekat),500 - 1000 mm/th (Agak Rendah),8-15% (Landai),Sedang,Berbah
3336,Padang Rumput,">3,10 km/km2",Gleisol,50 - 100 m (Dekat),500 - 1000 mm/th (Agak Rendah),15-25% (Agak Curam),Sedang,Depok
3337,Padang Rumput,">3,10 km/km2",Gleisol,50 - 100 m (Dekat),500 - 1000 mm/th (Agak Rendah),25-40% (Curam),Sedang,Dlingo
3338,Padang Rumput,">3,10 km/km2",Gleisol,50 - 100 m (Dekat),500 - 1000 mm/th (Agak Rendah),>40% (Sangat Curam),Sedang,Dlingo
3339,Padang Rumput,">3,10 km/km2",Gleisol,100 - 250 m (Sedang),1000 - 2000 mm/th (Sedang),0-8% (Datar),Sedang,Cangkringan
3340,Padang Rumput,">3,10 km/km2",Gleisol,100 - 250 m (Sedang),1000 - 2000 mm/th (Sedang),8-15% (Landai),Sedang,Cangkringan
3341,Padang Rumput,">3,10 km/km2",Gleisol,100 - 250 m (Sedang),1000 - 2000 mm/th (Sedang),15-25% (Agak Curam),Sedang,Cangkringan
3342,Padang Rumput,">3,10 km/km2",Gleisol,100 - 250 m (Sedang),1000 - 2000 mm/th (Sedang),25-40% (Curam),Sedang,Cangkringan
3343,Padang Rumput,">3,10 km/km2",Gleisol,100 - 250 m (Sedang),1000 - 2000 mm/th (Sedang),>40% (Sangat Curam),Sedang,Cangkringan
3344,Padang Rumput,">3,10 km/km2",Gleisol,100 - 250 m (Sedang),500 - 1000 mm/th (Agak Rendah),0-8% (Datar),Sedang,Banguntapan
3345,Padang Rumput,">3,10 km/km2",Gleisol,100 - 250 m (Sedang),500 - 1000 mm/th (Agak Rendah),8-15% (Landai),Sedang,Berbah
3346,Padang Rumput,">3,10 km/km2",Gleisol,100 - 250 m (Sedang),500 - 1000 mm/th (Agak Rendah),15-25% (Agak Curam),Sedang,Berbah
3347,Padang Rumput,">3,10 km/km2",Gleisol,100 - 250 m (Sedang),500 - 1000 mm/th (Agak Rendah),25-40% (Curam),Sedang,Dlingo
3348,Padang Rumput,">3,10 km/km2",Gleisol,100 - 250 m (Sedang),500 - 1000 mm/th (Agak Rendah),>40% (Sangat Curam),Sedang,Dlingo
3349,Padang Rumput,">3,10 km/km2",Gleisol,250 - 500 m (Jauh),1000 - 2000 mm/th (Sedang),0-8% (Datar),Sedang,Cangkringan
3350,Padang Rumput,">3,10 km/km2",Gleisol,250 - 500 m (Jauh),1000 - 2000 mm/th (Sedang),8-15% (Landai),Sedang,Cangkringan
3351,Padang Rumput,">3,10 km/km2",Gleisol,250 - 500 m (Jauh),1000 - 2000 mm/th (Sedang),15-25% (Agak Curam),Sedang,Cangkringan
3352,Padang Rumput,">3,10 km/km2",Gleisol,250 - 500 m (Jauh),500 - 1000 mm/th (Agak Rendah),0-8% (Datar),Sedang,Berbah
3353,Padang Rumput,">3,10 km/km2",Gleisol,250 - 500 m (Jauh),500 - 1000 mm/th (Agak Rendah),8-15% (Landai),Rendah,Berbah
3354,Padang Rumput,">3,10 km/km2",Gleisol,250 - 500 m (Jauh),500 - 1000 mm/th (Agak Rendah),15-25% (Agak Curam),Rendah,Imogiri
3355,Padang Rumput,">3,10 km/km2",Gleisol,250 - 500 m (Jauh),500 - 1000 mm/th (Agak Rendah),25-40% (Curam),Rendah,Imogiri
3356,Padang Rumput,">3,10 km/km2",Gleisol,250 - 500 m (Jauh),500 - 1000 mm/th (Agak Rendah),>40% (Sangat Curam),Rendah,Imogiri
3357,Padang Rumput,">3,10 km/km2",Fluvisol,>500 m (Sangat Jauh),500 - 1000 mm/th (Agak Rendah),0-8% (Datar),Rendah,Bambanglipuro
3358,Padang Rumput,">3,10 km/km2",Fluvisol,>500 m (Sangat Jauh),500 - 1000 mm/th (Agak Rendah),8-15% (Landai),Rendah,Bambanglipuro
3359,Padang Rumput,">3,10 km/km2",Fluvisol,>500 m (Sangat Jauh),500 - 1000 mm/th (Agak Rendah),15-25% (Agak Curam),Rendah,Bambanglipuro
3360,Padang Rumput,">3,10 km/km2",Fluvisol,>500 m (Sangat Jauh),500 - 1000 mm/th (Agak Rendah),25-40% (Curam),Rendah,Kretek
3361,Padang Rumput,">3,10 km/km2",Fluvisol,>500 m (Sangat Jauh),500 - 1000 mm/th (Agak Rendah),>40% (Sangat Curam),Rendah,Kretek
3362,Padang Rumput,">3,10 km/km2",Fluvisol,0 - 50 m (Sangat Dekat),500 - 1000 mm/th (Agak Rendah),0-8% (Datar),Sedang,Kretek
3363,Padang Rumput,">3,10 km/km2",Fluvisol,0 - 50 m (Sangat Dekat),500 - 1000 mm/th (Agak Rendah),8-15% (Landai),Sedang,Lendah
3364,Padang Rumput,">3,10 km/km2",Fluvisol,0 - 50 m (Sangat Dekat),500 - 1000 mm/th (Agak Rendah),15-25% (Agak Curam),Sedang,Pandak
3365,Padang Rumput,">3,10 km/km2",Fluvisol,0 - 50 m (Sangat Dekat),500 - 1000 mm/th (Agak Rendah),25-40% (Curam),Sedang,Pundong
3366,Padang Rumput,">3,10 km/km2",Fluvisol,0 - 50 m (Sangat Dekat),500 - 1000 mm/th (Agak Rendah),>40% (Sangat Curam),Sedang,Pundong
3367,Padang Rumput,">3,10 km/km2",Fluvisol,50 - 100 m (Dekat),500 - 1000 mm/th (Agak Rendah),0-8% (Datar),Sedang,Kretek
3368,Padang Rumput,">3,10 km/km2",Fluvisol,50 - 100 m (Dekat),500 - 1000 mm/th (Agak Rendah),8-15% (Landai),Sedang,Pandak
3369,Padang Rumput,">3,10 km/km2",Fluvisol,50 - 100 m (Dekat),500 - 1000 mm/th (Agak Rendah),15-25% (Agak Curam),Sedang,Pundong
3370,Padang Rumput,">3,10 km/km2",Fluvisol,50 - 100 m (Dekat),500 - 1000 mm/th (Agak Rendah),25-40% (Curam),Sedang,Pundong
3371,Padang Rumput,">3,10 km/km2",Fluvisol,50 - 100 m (Dekat),500 - 1000 mm/th (Agak Rendah),>40% (Sangat Curam),Sedang,Pundong
3372,Padang Rumput,">3,10 km/km2",Fluvisol,100 - 250 m (Sedang),500 - 1000 mm/th (Agak Rendah),0-8% (Datar),Sedang,Kretek
3373,Padang Rumput,">3,10 km/km2",Fluvisol,100 - 250 m (Sedang),500 - 1000 mm/th (Agak Rendah),8-15% (Landai),Sedang,Pandak
3374,Padang Rumput,">3,10 km/km2",Fluvisol,100 - 250 m (Sedang),500 - 1000 mm/th (Agak Rendah),15-25% (Agak Curam),Sedang,Pundong
3375,Padang Rumput,">3,10 km/km2",Fluvisol,100 - 250 m (Sedang),500 - 1000 mm/th (Agak Rendah),25-40% (Curam),Sedang,Pundong
3376,Padang Rumput,">3,10 km/km2",Fluvisol,100 - 250 m (Sedang),500 - 1000 mm/th (Agak Rendah),>40% (Sangat Curam),Sedang,Pundong
3377,Padang Rumput,">3,10 km/km2",Fluvisol,250 - 500 m (Jauh),500 - 1000 mm/th (Agak Rendah),0-8% (Datar),Sedang,Bambanglipuro
3378,Padang Rumput,">3,10 km/km2",Fluvisol,250 - 500 m (Jauh),500 - 1000 mm/th (Agak Rendah),8-15% (Landai),Rendah,Bambanglipuro
3379,Padang Rumput,">3,10 km/km2",Fluvisol,250 - 500 m (Jauh),500 - 1000 mm/th (Agak Rendah),15-25% (Agak Curam),Rendah,Kretek
3380,Padang Rumput,">3,10 km/km2",Fluvisol,250 - 500 m (Jauh),500 - 1000 mm/th (Agak Rendah),25-40% (Curam),Rendah,Kretek
3381,Padang Rumput,">3,10 km/km2",Fluvisol,250 - 500 m (Jauh),500 - 1000 mm/th (Agak Rendah),>40% (Sangat Curam),Rendah,Pundong
3382,Padang Rumput,">3,10 km/km2",Nitosol,0 - 50 m (Sangat Dekat),1000 - 2000 mm/th (Sedang),0-8% (Datar),Tinggi,Girimulyo
3383,Padang Rumput,">3,10 km/km2",Nitosol,0 - 50 m (Sangat Dekat),1000 - 2000 mm/th (Sedang),8-15% (Landai),Tinggi,Girimulyo
3384,Padang Rumput,">3,10 km/km2",Nitosol,0 - 50 m (Sangat Dekat),1000 - 2000 mm/th (Sedang),15-25% (Agak Curam),Tinggi,Girimulyo
3385,Padang Rumput,">3,10 km/km2",Nitosol,0 - 50 m (Sangat Dekat),1000 - 2000 mm/th (Sedang),25-40% (Curam),Sedang,Girimulyo
3386,Padang Rumput,">3,10 km/km2",Nitosol,0 - 50 m (Sangat Dekat),1000 - 2000 mm/th (Sedang),>40% (Sangat Curam),Sedang,Girimulyo
3387,Padang Rumput,">3,10 km/km2",Nitosol,50 - 100 m (Dekat),1000 - 2000 mm/th (Sedang),8-15% (Landai),Sedang,Girimulyo
3388,Padang Rumput,">3,10 km/km2",Nitosol,50 - 100 m (Dekat),1000 - 2000 mm/th (Sedang),15-25% (Agak Curam),Sedang,Girimulyo
3389,Padang Rumput,">3,10 km/km2",Nitosol,50 - 100 m (Dekat),1000 - 2000 mm/th (Sedang),25-40% (Curam),Sedang,Girimulyo
3390,Padang Rumput,">3,10 km/km2",Nitosol,50 - 100 m (Dekat),1000 - 2000 mm/th (Sedang),>40% (Sangat Curam),Sedang,Girimulyo
3391,Padang Rumput,">3,10 km/km2",Nitosol,100 - 250 m (Sedang),1000 - 2000 mm/th (Sedang),0-8% (Datar),Sedang,Kokap
3392,Padang Rumput,">3,10 km/km2",Nitosol,100 - 250 m (Sedang),1000 - 2000 mm/th (Sedang),8-15% (Landai),Sedang,Kokap
3393,Padang Rumput,">3,10 km/km2",Nitosol,100 - 250 m (Sedang),1000 - 2000 mm/th (Sedang),15-25% (Agak Curam),Sedang,Girimulyo
3394,Padang Rumput,">3,10 km/km2",Nitosol,100 - 250 m (Sedang),1000 - 2000 mm/th (Sedang),25-40% (Curam),Sedang,Girimulyo
3395,Padang Rumput,">3,10 km/km2",Nitosol,100 - 250 m (Sedang),1000 - 2000 mm/th (Sedang),>40% (Sangat Curam),Sedang,Girimulyo
3396,Padang Rumput,">3,10 km/km2",Nitosol,250 - 500 m (Jauh),1000 - 2000 mm/th (Sedang),8-15% (Landai),Sedang,Pengasih
3397,Padang Rumput,">3,10 km/km2",Nitosol,250 - 500 m (Jauh),1000 - 2000 mm/th (Sedang),15-25% (Agak Curam),Sedang,Pengasih
3398,Padang Rumput,">3,10 km/km2",Nitosol,250 - 500 m (Jauh),1000 - 2000 mm/th (Sedang),25-40% (Curam),Sedang,Girimulyo
3399,Padang Rumput,">3,10 km/km2",Nitosol,250 - 500 m (Jauh),1000 - 2000 mm/th (Sedang),>40% (Sangat Curam),Sedang,Girimulyo
3400,Padang Rumput,">3,10 km/km2",Vertisol,100 - 250 m (Sedang),500 - 1000 mm/th (Agak Rendah),8-15% (Landai),Sedang,Nglipar
3401,Padang Rumput,">3,10 km/km2",Vertisol,100 - 250 m (Sedang),500 - 1000 mm/th (Agak Rendah),15-25% (Agak Curam),Sedang,Nglipar
3402,Badan Air,"2,27 - 3,10 km/km2",Fluvisol,50 - 100 m (Dekat),500 - 1000 mm/th (Agak Rendah),8-15% (Landai),Sedang,Kretek
3403,Permukiman,"2,27 - 3,10 km/km2",Fluvisol,50 - 100 m (Dekat),500 - 1000 mm/th (Agak Rendah),8-15% (Landai),Sedang,Kretek
3404,Badan Air,"2,27 - 3,10 km/km2",Fluvisol,50 - 100 m (Dekat),500 - 1000 mm/th (Agak Rendah),15-25% (Agak Curam),Sedang,Kretek
3405,Permukiman,"2,27 - 3,10 km/km2",Fluvisol,50 - 100 m (Dekat),500 - 1000 mm/th (Agak Rendah),15-25% (Agak Curam),Sedang,Kretek
3406,Badan Air,"1,44 - 2,27 km/km2",Fluvisol,50 - 100 m (Dekat),500 - 1000 mm/th (Agak Rendah),0-8% (Datar),Tinggi,Sanden
3407,Badan Air,"1,44 - 2,27 km/km2",Fluvisol,100 - 250 m (Sedang),500 - 1000 mm/th (Agak Rendah),0-8% (Datar),Sedang,Sanden
3408,Hutan Lahan Kering,"<0,62 km/km2",Litosol,>500 m (Sangat Jauh),500 - 1000 mm/th (Agak Rendah),8-15% (Landai),Rendah,Purwosari
3409,Tananman Campuran,"<0,62 km/km2",Litosol,>500 m (Sangat Jauh),500 - 1000 mm/th (Agak Rendah),8-15% (Landai),Rendah,Purwosari
3410,Hutan Lahan Kering,"<0,62 km/km2",Litosol,>500 m (Sangat Jauh),500 - 1000 mm/th (Agak Rendah),15-25% (Agak Curam),Rendah,Purwosari
3411,Tananman Campuran,"<0,62 km/km2",Litosol,>500 m (Sangat Jauh),500 - 1000 mm/th (Agak Rendah),15-25% (Agak Curam),Rendah,Purwosari
3412,Hutan Lahan Kering,"<0,62 km/km2",Litosol,>500 m (Sangat Jauh),500 - 1000 mm/th (Agak Rendah),25-40% (Curam),Rendah,Purwosari
3413,Tananman Campuran,"<0,62 km/km2",Litosol,>500 m (Sangat Jauh),500 - 1000 mm/th (Agak Rendah),25-40% (Curam),Rendah,Purwosari
3414,Hutan Lahan Kering,"<0,62 km/km2",Litosol,>500 m (Sangat Jauh),500 - 1000 mm/th (Agak Rendah),>40% (Sangat Curam),Rendah,Purwosari
3415,Tananman Campuran,"<0,62 km/km2",Litosol,>500 m (Sangat Jauh),500 - 1000 mm/th (Agak Rendah),>40% (Sangat Curam),Rendah,Purwosari
3416,Hutan Lahan Kering,"0,62 - 1.44 km/km2",Litosol,>500 m (Sangat Jauh),500 - 1000 mm/th (Agak Rendah),15-25% (Agak Curam),Rendah,Purwosari
3417,Tananman Campuran,"0,62 - 1.44 km/km2",Litosol,>500 m (Sangat Jauh),500 - 1000 mm/th (Agak Rendah),15-25% (Agak Curam),Rendah,Purwosari
3418,Hutan Lahan Kering,"0,62 - 1.44 km/km2",Litosol,>500 m (Sangat Jauh),500 - 1000 mm/th (Agak Rendah),25-40% (Curam),Rendah,Purwosari
3419,Tananman Campuran,"0,62 - 1.44 km/km2",Litosol,>500 m (Sangat Jauh),500 - 1000 mm/th (Agak Rendah),25-40% (Curam),Rendah,Purwosari
3420,Hutan Lahan Kering,"0,62 - 1.44 km/km2",Litosol,100 - 250 m (Sedang),500 - 1000 mm/th (Agak Rendah),8-15% (Landai),Sedang,Ponjong
3421,Tananman Campuran,"0,62 - 1.44 km/km2",Litosol,100 - 250 m (Sedang),500 - 1000 mm/th (Agak Rendah),8-15% (Landai),Sedang,Ponjong
3422,Hutan Lahan Kering,"0,62 - 1.44 km/km2",Vertisol,50 - 100 m (Dekat),500 - 1000 mm/th (Agak Rendah),0-8% (Datar),Sedang,Semanu
3423,Tananman Campuran,"0,62 - 1.44 km/km2",Vertisol,50 - 100 m (Dekat),500 - 1000 mm/th (Agak Rendah),0-8% (Datar),Sedang,Semanu
3424,Hutan Lahan Kering,"1,44 - 2,27 km/km2",Litosol,50 - 100 m (Dekat),500 - 1000 mm/th (Agak Rendah),0-8% (Datar),Sedang,Paliyan
3425,Tananman Campuran,"1,44 - 2,27 km/km2",Litosol,50 - 100 m (Dekat),500 - 1000 mm/th (Agak Rendah),0-8% (Datar),Sedang,Paliyan
3426,Hutan Lahan Kering,"1,44 - 2,27 km/km2",Litosol,100 - 250 m (Sedang),500 - 1000 mm/th (Agak Rendah),0-8% (Datar),Rendah,Paliyan
3427,Tananman Campuran,"1,44 - 2,27 km/km2",Litosol,100 - 250 m (Sedang),500 - 1000 mm/th (Agak Rendah),0-8% (Datar),Sedang,Paliyan
3428,Hutan Lahan Kering,"2,27 - 3,10 km/km2",Fluvisol,>500 m (Sangat Jauh),500 - 1000 mm/th (Agak Rendah),15-25% (Agak Curam),Rendah,Kretek
3429,Tananman Campuran,"2,27 - 3,10 km/km2",Fluvisol,>500 m (Sangat Jauh),500 - 1000 mm/th (Agak Rendah),15-25% (Agak Curam),Rendah,Kretek
3430,Hutan Lahan Kering,"<0,62 km/km2",Litosol,>500 m (Sangat Jauh),500 - 1000 mm/th (Agak Rendah),0-8% (Datar),Rendah,Purwosari
3431,Permukiman,"<0,62 km/km2",Litosol,>500 m (Sangat Jauh),500 - 1000 mm/th (Agak Rendah),0-8% (Datar),Sedang,Purwosari
3432,Hutan Lahan Kering,"<0,62 km/km2",Litosol,>500 m (Sangat Jauh),500 - 1000 mm/th (Agak Rendah),15-25% (Agak Curam),Rendah,Purwosari
3433,Permukiman,"<0,62 km/km2",Litosol,>500 m (Sangat Jauh),500 - 1000 mm/th (Agak Rendah),15-25% (Agak Curam),Sedang,Purwosari
3434,Hutan Lahan Kering,"<0,62 km/km2",Litosol,>500 m (Sangat Jauh),500 - 1000 mm/th (Agak Rendah),25-40% (Curam),Rendah,Purwosari
3435,Permukiman,"<0,62 km/km2",Litosol,>500 m (Sangat Jauh),500 - 1000 mm/th (Agak Rendah),25-40% (Curam),Rendah,Purwosari
3436,Hutan Lahan Kering,"<0,62 km/km2",Litosol,250 - 500 m (Jauh),500 - 1000 mm/th (Agak Rendah),8-15% (Landai),Rendah,Ponjong
3437,Permukiman,"<0,62 km/km2",Litosol,250 - 500 m (Jauh),500 - 1000 mm/th (Agak Rendah),8-15% (Landai),Sedang,Ponjong
3438,Hutan Lahan Kering,"<0,62 km/km2",Litosol,250 - 500 m (Jauh),500 - 1000 mm/th (Agak Rendah),>40% (Sangat Curam),Rendah,Ponjong
3439,Permukiman,"<0,62 km/km2",Litosol,250 - 500 m (Jauh),500 - 1000 mm/th (Agak Rendah),>40% (Sangat Curam),Sedang,Ponjong
3440,Hutan Lahan Kering,"0,62 - 1.44 km/km2",Litosol,>500 m (Sangat Jauh),500 - 1000 mm/th (Agak Rendah),25-40% (Curam),Rendah,Panggang
3441,Permukiman,"0,62 - 1.44 km/km2",Litosol,>500 m (Sangat Jauh),500 - 1000 mm/th (Agak Rendah),25-40% (Curam),Rendah,Panggang
3442,Hutan Lahan Kering,"0,62 - 1.44 km/km2",Litosol,250 - 500 m (Jauh),500 - 1000 mm/th (Agak Rendah),15-25% (Agak Curam),Rendah,Panggang
3443,Permukiman,"0,62 - 1.44 km/km2",Litosol,250 - 500 m (Jauh),500 - 1000 mm/th (Agak Rendah),15-25% (Agak Curam),Sedang,Panggang
3444,Hutan Lahan Kering,"0,62 - 1.44 km/km2",Litosol,250 - 500 m (Jauh),500 - 1000 mm/th (Agak Rendah),25-40% (Curam),Rendah,Panggang
3445,Permukiman,"0,62 - 1.44 km/km2",Litosol,250 - 500 m (Jauh),500 - 1000 mm/th (Agak Rendah),25-40% (Curam),Sedang,Panggang
3446,Hutan Lahan Kering,"0,62 - 1.44 km/km2",Vertisol,0 - 50 m (Sangat Dekat),500 - 1000 mm/th (Agak Rendah),0-8% (Datar),Sedang,Semanu
3447,Permukiman,"0,62 - 1.44 km/km2",Vertisol,0 - 50 m (Sangat Dekat),500 - 1000 mm/th (Agak Rendah),0-8% (Datar),Tinggi,Semanu
3448,Hutan Lahan Kering,"0,62 - 1.44 km/km2",Vertisol,50 - 100 m (Dekat),500 - 1000 mm/th (Agak Rendah),8-15% (Landai),Sedang,Semanu
3449,Permukiman,"0,62 - 1.44 km/km2",Vertisol,50 - 100 m (Dekat),500 - 1000 mm/th (Agak Rendah),8-15% (Landai),Sedang,Semanu
3450,Hutan Lahan Kering,"0,62 - 1.44 km/km2",Vertisol,50 - 100 m (Dekat),500 - 1000 mm/th (Agak Rendah),15-25% (Agak Curam),Sedang,Semanu
3451,Permukiman,"0,62 - 1.44 km/km2",Vertisol,50 - 100 m (Dekat),500 - 1000 mm/th (Agak Rendah),15-25% (Agak Curam),Sedang,Semanu
3452,Hutan Lahan Kering,"0,62 - 1.44 km/km2",Vertisol,50 - 100 m (Dekat),500 - 1000 mm/th (Agak Rendah),25-40% (Curam),Sedang,Semanu
3453,Permukiman,"0,62 - 1.44 km/km2",Vertisol,50 - 100 m (Dekat),500 - 1000 mm/th (Agak Rendah),25-40% (Curam),Sedang,Semanu
3454,Hutan Lahan Kering,"0,62 - 1.44 km/km2",Vertisol,100 - 250 m (Sedang),500 - 1000 mm/th (Agak Rendah),0-8% (Datar),Sedang,Semanu
3455,Permukiman,"0,62 - 1.44 km/km2",Vertisol,100 - 250 m (Sedang),500 - 1000 mm/th (Agak Rendah),0-8% (Datar),Sedang,Semanu
3456,Hutan Lahan Kering,"1,44 - 2,27 km/km2",Litosol,>500 m (Sangat Jauh),500 - 1000 mm/th (Agak Rendah),8-15% (Landai),Rendah,Purwosari
3457,Permukiman,"1,44 - 2,27 km/km2",Litosol,>500 m (Sangat Jauh),500 - 1000 mm/th (Agak Rendah),8-15% (Landai),Rendah,Purwosari
3458,Hutan Lahan Kering,"1,44 - 2,27 km/km2",Litosol,50 - 100 m (Dekat),500 - 1000 mm/th (Agak Rendah),0-8% (Datar),Sedang,Paliyan
3459,Permukiman,"1,44 - 2,27 km/km2",Litosol,50 - 100 m (Dekat),500 - 1000 mm/th (Agak Rendah),0-8% (Datar),Sedang,Paliyan
3460,Hutan Lahan Kering,"1,44 - 2,27 km/km2",Litosol,50 - 100 m (Dekat),500 - 1000 mm/th (Agak Rendah),8-15% (Landai),Sedang,Paliyan
3461,Permukiman,"1,44 - 2,27 km/km2",Litosol,50 - 100 m (Dekat),500 - 1000 mm/th (Agak Rendah),8-15% (Landai),Sedang,Paliyan
3462,Hutan Lahan Kering,"1,44 - 2,27 km/km2",Litosol,100 - 250 m (Sedang),500 - 1000 mm/th (Agak Rendah),0-8% (Datar),Rendah,Paliyan
3463,Permukiman,"1,44 - 2,27 km/km2",Litosol,100 - 250 m (Sedang),500 - 1000 mm/th (Agak Rendah),0-8% (Datar),Sedang,Paliyan
3464,Hutan Lahan Kering,"1,44 - 2,27 km/km2",Vertisol,0 - 50 m (Sangat Dekat),500 - 1000 mm/th (Agak Rendah),0-8% (Datar),Sedang,Wonosari
3465,Permukiman,"1,44 - 2,27 km/km2",Vertisol,0 - 50 m (Sangat Dekat),500 - 1000 mm/th (Agak Rendah),0-8% (Datar),Tinggi,Wonosari
3466,Hutan Lahan Kering,"<0,62 km/km2",Litosol,>500 m (Sangat Jauh),500 - 1000 mm/th (Agak Rendah),0-8% (Datar),Rendah,Panggang
3467,Padang Rumput,"<0,62 km/km2",Litosol,>500 m (Sangat Jauh),500 - 1000 mm/th (Agak Rendah),0-8% (Datar),Sedang,Panggang
3468,Hutan Lahan Kering,"<0,62 km/km2",Litosol,>500 m (Sangat Jauh),500 - 1000 mm/th (Agak Rendah),8-15% (Landai),Rendah,Panggang
3469,Padang Rumput,"<0,62 km/km2",Litosol,>500 m (Sangat Jauh),500 - 1000 mm/th (Agak Rendah),8-15% (Landai),Rendah,Panggang
3470,Hutan Lahan Kering,"<0,62 km/km2",Litosol,>500 m (Sangat Jauh),500 - 1000 mm/th (Agak Rendah),15-25% (Agak Curam),Rendah,Panggang
3471,Padang Rumput,"<0,62 km/km2",Litosol,>500 m (Sangat Jauh),500 - 1000 mm/th (Agak Rendah),15-25% (Agak Curam),Rendah,Panggang
3472,Hutan Lahan Kering,"<0,62 km/km2",Litosol,>500 m (Sangat Jauh),500 - 1000 mm/th (Agak Rendah),25-40% (Curam),Rendah,Panggang
3473,Padang Rumput,"<0,62 km/km2",Litosol,>500 m (Sangat Jauh),500 - 1000 mm/th (Agak Rendah),25-40% (Curam),Rendah,Panggang
3474,Hutan Lahan Kering,"<0,62 km/km2",Litosol,>500 m (Sangat Jauh),500 - 1000 mm/th (Agak Rendah),>40% (Sangat Curam),Rendah,Panggang
3475,Padang Rumput,"<0,62 km/km2",Litosol,>500 m (Sangat Jauh),500 - 1000 mm/th (Agak Rendah),>40% (Sangat Curam),Rendah,Panggang
3476,Hutan Lahan Kering,"<0,62 km/km2",Litosol,250 - 500 m (Jauh),500 - 1000 mm/th (Agak Rendah),>40% (Sangat Curam),Rendah,Ponjong
3477,Padang Rumput,"<0,62 km/km2",Litosol,250 - 500 m (Jauh),500 - 1000 mm/th (Agak Rendah),>40% (Sangat Curam),Sedang,Ponjong
3478,Hutan Lahan Kering,"0,62 - 1.44 km/km2",Litosol,0 - 50 m (Sangat Dekat),500 - 1000 mm/th (Agak Rendah),8-15% (Landai),Sedang,Paliyan
3479,Padang Rumput,"0,62 - 1.44 km/km2",Litosol,0 - 50 m (Sangat Dekat),500 - 1000 mm/th (Agak Rendah),8-15% (Landai),Sedang,Paliyan
3480,Hutan Lahan Kering,"0,62 - 1.44 km/km2",Litosol,0 - 50 m (Sangat Dekat),500 - 1000 mm/th (Agak Rendah),>40% (Sangat Curam),Sedang,Ponjong
3481,Padang Rumput,"0,62 - 1.44 km/km2",Litosol,0 - 50 m (Sangat Dekat),500 - 1000 mm/th (Agak Rendah),>40% (Sangat Curam),Sedang,Ponjong
3482,Hutan Lahan Kering,"0,62 - 1.44 km/km2",Litosol,50 - 100 m (Dekat),500 - 1000 mm/th (Agak Rendah),8-15% (Landai),Sedang,Paliyan
3483,Padang Rumput,"0,62 - 1.44 km/km2",Litosol,50 - 100 m (Dekat),500 - 1000 mm/th (Agak Rendah),8-15% (Landai),Sedang,Paliyan
3484,Hutan Lahan Kering,"0,62 - 1.44 km/km2",Litosol,50 - 100 m (Dekat),500 - 1000 mm/th (Agak Rendah),25-40% (Curam),Sedang,Ponjong
3485,Padang Rumput,"0,62 - 1.44 km/km2",Litosol,50 - 100 m (Dekat),500 - 1000 mm/th (Agak Rendah),25-40% (Curam),Sedang,Ponjong
3486,Hutan Lahan Kering,"0,62 - 1.44 km/km2",Litosol,100 - 250 m (Sedang),500 - 1000 mm/th (Agak Rendah),8-15% (Landai),Sedang,Paliyan
3487,Padang Rumput,"0,62 - 1.44 km/km2",Litosol,100 - 250 m (Sedang),500 - 1000 mm/th (Agak Rendah),8-15% (Landai),Sedang,Paliyan
3488,Hutan Lahan Kering,"0,62 - 1.44 km/km2",Litosol,250 - 500 m (Jauh),500 - 1000 mm/th (Agak Rendah),>40% (Sangat Curam),Rendah,Ponjong
3489,Padang Rumput,"0,62 - 1.44 km/km2",Litosol,250 - 500 m (Jauh),500 - 1000 mm/th (Agak Rendah),>40% (Sangat Curam),Rendah,Ponjong
3490,Hutan Lahan Kering,"0,62 - 1.44 km/km2",Vertisol,50 - 100 m (Dekat),500 - 1000 mm/th (Agak Rendah),0-8% (Datar),Sedang,Semanu
3491,Padang Rumput,"0,62 - 1.44 km/km2",Vertisol,50 - 100 m (Dekat),500 - 1000 mm/th (Agak Rendah),0-8% (Datar),Sedang,Semanu
3492,Hutan Lahan Kering,"0,62 - 1.44 km/km2",Vertisol,100 - 250 m (Sedang),500 - 1000 mm/th (Agak Rendah),0-8% (Datar),Sedang,Semanu
3493,Padang Rumput,"0,62 - 1.44 km/km2",Vertisol,100 - 250 m (Sedang),500 - 1000 mm/th (Agak Rendah),0-8% (Datar),Sedang,Semanu
3494,Hutan Lahan Kering,"1,44 - 2,27 km/km2",Litosol,>500 m (Sangat Jauh),500 - 1000 mm/th (Agak Rendah),0-8% (Datar),Rendah,Purwosari
3495,Padang Rumput,"1,44 - 2,27 km/km2",Litosol,>500 m (Sangat Jauh),500 - 1000 mm/th (Agak Rendah),0-8% (Datar),Rendah,Purwosari
3496,Hutan Lahan Kering,"1,44 - 2,27 km/km2",Litosol,0 - 50 m (Sangat Dekat),500 - 1000 mm/th (Agak Rendah),8-15% (Landai),Sedang,Paliyan
3497,Padang Rumput,"1,44 - 2,27 km/km2",Litosol,0 - 50 m (Sangat Dekat),500 - 1000 mm/th (Agak Rendah),8-15% (Landai),Sedang,Paliyan
3498,Hutan Lahan Kering,"1,44 - 2,27 km/km2",Litosol,100 - 250 m (Sedang),500 - 1000 mm/th (Agak Rendah),0-8% (Datar),Rendah,Paliyan
3499,Padang Rumput,"1,44 - 2,27 km/km2",Litosol,100 - 250 m (Sedang),500 - 1000 mm/th (Agak Rendah),0-8% (Datar),Sedang,Paliyan
3500,Hutan Lahan Kering,"1,44 - 2,27 km/km2",Litosol,250 - 500 m (Jauh),500 - 1000 mm/th (Agak Rendah),0-8% (Datar),Rendah,Purwosari
3501,Padang Rumput,"1,44 - 2,27 km/km2",Litosol,250 - 500 m (Jauh),500 - 1000 mm/th (Agak Rendah),0-8% (Datar),Sedang,Purwosari
3502,Hutan Lahan Kering,"1,44 - 2,27 km/km2",Vertisol,0 - 50 m (Sangat Dekat),500 - 1000 mm/th (Agak Rendah),15-25% (Agak Curam),Sedang,Wonosari
3503,Padang Rumput,"1,44 - 2,27 km/km2",Vertisol,0 - 50 m (Sangat Dekat),500 - 1000 mm/th (Agak Rendah),15-25% (Agak Curam),Sedang,Wonosari
3504,Hutan Lahan Kering,"1,44 - 2,27 km/km2",Vertisol,50 - 100 m (Dekat),500 - 1000 mm/th (Agak Rendah),8-15% (Landai),Sedang,Wonosari
3505,Padang Rumput,"1,44 - 2,27 km/km2",Vertisol,50 - 100 m (Dekat),500 - 1000 mm/th (Agak Rendah),8-15% (Landai),Sedang,Wonosari
3506,Hutan Lahan Kering,"1,44 - 2,27 km/km2",Vertisol,100 - 250 m (Sedang),500 - 1000 mm/th (Agak Rendah),0-8% (Datar),Sedang,Wonosari
3507,Padang Rumput,"1,44 - 2,27 km/km2",Vertisol,100 - 250 m (Sedang),500 - 1000 mm/th (Agak Rendah),0-8% (Datar),Sedang,Wonosari
3508,Hutan Lahan Kering,"1,44 - 2,27 km/km2",Vertisol,100 - 250 m (Sedang),500 - 1000 mm/th (Agak Rendah),8-15% (Landai),Sedang,Wonosari
3509,Padang Rumput,"1,44 - 2,27 km/km2",Vertisol,100 - 250 m (Sedang),500 - 1000 mm/th (Agak Rendah),8-15% (Landai),Sedang,Wonosari
3510,Hutan Lahan Kering,"1,44 - 2,27 km/km2",Vertisol,100 - 250 m (Sedang),500 - 1000 mm/th (Agak Rendah),15-25% (Agak Curam),Sedang,Wonosari
3511,Padang Rumput,"1,44 - 2,27 km/km2",Vertisol,100 - 250 m (Sedang),500 - 1000 mm/th (Agak Rendah),15-25% (Agak Curam),Sedang,Wonosari
3512,Hutan Lahan Kering,"2,27 - 3,10 km/km2",Fluvisol,>500 m (Sangat Jauh),500 - 1000 mm/th (Agak Rendah),>40% (Sangat Curam),Rendah,Kretek
3513,Padang Rumput,"2,27 - 3,10 km/km2",Fluvisol,>500 m (Sangat Jauh),500 - 1000 mm/th (Agak Rendah),>40% (Sangat Curam),Rendah,Kretek
3514,Hutan Lahan Kering,"0,62 - 1.44 km/km2",Litosol,100 - 250 m (Sedang),500 - 1000 mm/th (Agak Rendah),8-15% (Landai),Sedang,Pajangan
3515,Hutan Lahan Kering,"0,62 - 1.44 km/km2",Litosol,250 - 500 m (Jauh),500 - 1000 mm/th (Agak Rendah),8-15% (Landai),Rendah,Pajangan
3516,Hutan Lahan Kering,"0,62 - 1.44 km/km2",Vertisol,50 - 100 m (Dekat),500 - 1000 mm/th (Agak Rendah),0-8% (Datar),Sedang,Wonosari
3517,Hutan Lahan Kering,"0,62 - 1.44 km/km2",Vertisol,100 - 250 m (Sedang),500 - 1000 mm/th (Agak Rendah),0-8% (Datar),Sedang,Wonosari
3518,Hutan Lahan Kering,"1,44 - 2,27 km/km2",Litosol,50 - 100 m (Dekat),500 - 1000 mm/th (Agak Rendah),15-25% (Agak Curam),Sedang,Ngawen
3519,Hutan Lahan Kering,"1,44 - 2,27 km/km2",Litosol,100 - 250 m (Sedang),500 - 1000 mm/th (Agak Rendah),15-25% (Agak Curam),Rendah,Ngawen
3520,Hutan Lahan Kering,"1,44 - 2,27 km/km2",Gleisol,50 - 100 m (Dekat),1000 - 2000 mm/th (Sedang),0-8% (Datar),Sedang,Turi
3521,Hutan Lahan Kering,"1,44 - 2,27 km/km2",Gleisol,100 - 250 m (Sedang),1000 - 2000 mm/th (Sedang),0-8% (Datar),Sedang,Turi
3522,Hutan Lahan Kering,"1,44 - 2,27 km/km2",Nitosol,50 - 100 m (Dekat),1000 - 2000 mm/th (Sedang),>40% (Sangat Curam),Sedang,Girimulyo
3523,Hutan Lahan Kering,"1,44 - 2,27 km/km2",Nitosol,100 - 250 m (Sedang),1000 - 2000 mm/th (Sedang),>40% (Sangat Curam),Sedang,Girimulyo
3524,Hutan Lahan Kering,"2,27 - 3,10 km/km2",Litosol,0 - 50 m (Sangat Dekat),500 - 1000 mm/th (Agak Rendah),0-8% (Datar),Sedang,Semin
3525,Hutan Lahan Kering,"2,27 - 3,10 km/km2",Litosol,50 - 100 m (Dekat),500 - 1000 mm/th (Agak Rendah),0-8% (Datar),Sedang,Semin
3526,Hutan Lahan Kering,"2,27 - 3,10 km/km2",Litosol,0 - 50 m (Sangat Dekat),500 - 1000 mm/th (Agak Rendah),25-40% (Curam),Sedang,Nglipar
3527,Hutan Lahan Kering,"2,27 - 3,10 km/km2",Litosol,50 - 100 m (Dekat),500 - 1000 mm/th (Agak Rendah),25-40% (Curam),Rendah,Nglipar
3528,Hutan Lahan Kering,"2,27 - 3,10 km/km2",Litosol,50 - 100 m (Dekat),500 - 1000 mm/th (Agak Rendah),0-8% (Datar),Sedang,Semin
3529,Hutan Lahan Kering,"2,27 - 3,10 km/km2",Litosol,100 - 250 m (Sedang),500 - 1000 mm/th (Agak Rendah),0-8% (Datar),Rendah,Semin
3530,Hutan Lahan Kering,"2,27 - 3,10 km/km2",Litosol,50 - 100 m (Dekat),500 - 1000 mm/th (Agak Rendah),15-25% (Agak Curam),Sedang,Patuk
3531,Hutan Lahan Kering,"2,27 - 3,10 km/km2",Litosol,100 - 250 m (Sedang),500 - 1000 mm/th (Agak Rendah),15-25% (Agak Curam),Rendah,Patuk
3532,Hutan Lahan Kering,"2,27 - 3,10 km/km2",Nitosol,0 - 50 m (Sangat Dekat),1000 - 2000 mm/th (Sedang),>40% (Sangat Curam),Sedang,Girimulyo
3533,Hutan Lahan Kering,"2,27 - 3,10 km/km2",Nitosol,50 - 100 m (Dekat),1000 - 2000 mm/th (Sedang),>40% (Sangat Curam),Sedang,Girimulyo
3534,Hutan Lahan Kering,"2,27 - 3,10 km/km2",Nitosol,50 - 100 m (Dekat),1000 - 2000 mm/th (Sedang),>40% (Sangat Curam),Sedang,Girimulyo
3535,Hutan Lahan Kering,"2,27 - 3,10 km/km2",Nitosol,100 - 250 m (Sedang),1000 - 2000 mm/th (Sedang),>40% (Sangat Curam),Sedang,Girimulyo
3536,Hutan Lahan Kering,"2,27 - 3,10 km/km2",Nitosol,100 - 250 m (Sedang),1000 - 2000 mm/th (Sedang),>40% (Sangat Curam),Sedang,Girimulyo
3537,Hutan Lahan Kering,"2,27 - 3,10 km/km2",Nitosol,250 - 500 m (Jauh),1000 - 2000 mm/th (Sedang),>40% (Sangat Curam),Rendah,Girimulyo
3538,Hutan Lahan Kering,"2,27 - 3,10 km/km2",Vertisol,50 - 100 m (Dekat),500 - 1000 mm/th (Agak Rendah),0-8% (Datar),Sedang,Karangmojo
3539,Hutan Lahan Kering,"2,27 - 3,10 km/km2",Vertisol,100 - 250 m (Sedang),500 - 1000 mm/th (Agak Rendah),0-8% (Datar),Sedang,Karangmojo
3540,Hutan Lahan Kering,"2,27 - 3,10 km/km2",Vertisol,50 - 100 m (Dekat),500 - 1000 mm/th (Agak Rendah),8-15% (Landai),Sedang,Nglipar
3541,Hutan Lahan Kering,"2,27 - 3,10 km/km2",Vertisol,100 - 250 m (Sedang),500 - 1000 mm/th (Agak Rendah),8-15% (Landai),Rendah,Nglipar
3542,Hutan Lahan Kering,"2,27 - 3,10 km/km2",Vertisol,50 - 100 m (Dekat),500 - 1000 mm/th (Agak Rendah),15-25% (Agak Curam),Sedang,Nglipar
3543,Hutan Lahan Kering,"2,27 - 3,10 km/km2",Vertisol,100 - 250 m (Sedang),500 - 1000 mm/th (Agak Rendah),15-25% (Agak Curam),Rendah,Nglipar
3544,Hutan Lahan Kering,">3,10 km/km2",Litosol,0 - 50 m (Sangat Dekat),1000 - 2000 mm/th (Sedang),8-15% (Landai),Sedang,Kalibawang
3545,Hutan Lahan Kering,">3,10 km/km2",Litosol,50 - 100 m (Dekat),1000 - 2000 mm/th (Sedang),8-15% (Landai),Sedang,Kalibawang
3546,Hutan Lahan Kering,">3,10 km/km2",Litosol,0 - 50 m (Sangat Dekat),1000 - 2000 mm/th (Sedang),15-25% (Agak Curam),Sedang,Kalibawang
3547,Hutan Lahan Kering,">3,10 km/km2",Litosol,50 - 100 m (Dekat),1000 - 2000 mm/th (Sedang),15-25% (Agak Curam),Sedang,Kalibawang
3548,Hutan Lahan Kering,">3,10 km/km2",Litosol,0 - 50 m (Sangat Dekat),1000 - 2000 mm/th (Sedang),25-40% (Curam),Sedang,Samigaluh
3549,Hutan Lahan Kering,">3,10 km/km2",Litosol,50 - 100 m (Dekat),1000 - 2000 mm/th (Sedang),25-40% (Curam),Sedang,Samigaluh
3550,Hutan Lahan Kering,">3,10 km/km2",Litosol,0 - 50 m (Sangat Dekat),1000 - 2000 mm/th (Sedang),>40% (Sangat Curam),Sedang,Kalibawang
3551,Hutan Lahan Kering,">3,10 km/km2",Litosol,50 - 100 m (Dekat),1000 - 2000 mm/th (Sedang),>40% (Sangat Curam),Sedang,Kalibawang
3552,Hutan Lahan Kering,">3,10 km/km2",Litosol,0 - 50 m (Sangat Dekat),500 - 1000 mm/th (Agak Rendah),25-40% (Curam),Sedang,Patuk
3553,Hutan Lahan Kering,">3,10 km/km2",Litosol,50 - 100 m (Dekat),500 - 1000 mm/th (Agak Rendah),25-40% (Curam),Rendah,Patuk
3554,Hutan Lahan Kering,">3,10 km/km2",Litosol,0 - 50 m (Sangat Dekat),500 - 1000 mm/th (Agak Rendah),>40% (Sangat Curam),Sedang,Patuk
3555,Hutan Lahan Kering,">3,10 km/km2",Litosol,50 - 100 m (Dekat),500 - 1000 mm/th (Agak Rendah),>40% (Sangat Curam),Rendah,Patuk
3556,Hutan Lahan Kering,">3,10 km/km2",Litosol,50 - 100 m (Dekat),1000 - 2000 mm/th (Sedang),15-25% (Agak Curam),Sedang,Girimulyo
3557,Hutan Lahan Kering,">3,10 km/km2",Litosol,100 - 250 m (Sedang),1000 - 2000 mm/th (Sedang),15-25% (Agak Curam),Sedang,Girimulyo
3558,Hutan Lahan Kering,">3,10 km/km2",Litosol,50 - 100 m (Dekat),1000 - 2000 mm/th (Sedang),25-40% (Curam),Sedang,Girimulyo
3559,Hutan Lahan Kering,">3,10 km/km2",Litosol,100 - 250 m (Sedang),1000 - 2000 mm/th (Sedang),25-40% (Curam),Rendah,Girimulyo
3560,Hutan Lahan Kering,">3,10 km/km2",Litosol,50 - 100 m (Dekat),1000 - 2000 mm/th (Sedang),>40% (Sangat Curam),Sedang,Kalibawang
3561,Hutan Lahan Kering,">3,10 km/km2",Litosol,100 - 250 m (Sedang),1000 - 2000 mm/th (Sedang),>40% (Sangat Curam),Rendah,Kalibawang
3562,Hutan Lahan Kering,">3,10 km/km2",Litosol,50 - 100 m (Dekat),500 - 1000 mm/th (Agak Rendah),8-15% (Landai),Rendah,Patuk
3563,Hutan Lahan Kering,">3,10 km/km2",Litosol,100 - 250 m (Sedang),500 - 1000 mm/th (Agak Rendah),8-15% (Landai),Rendah,Patuk
3564,Hutan Lahan Kering,">3,10 km/km2",Litosol,50 - 100 m (Dekat),500 - 1000 mm/th (Agak Rendah),15-25% (Agak Curam),Rendah,Patuk
3565,Hutan Lahan Kering,">3,10 km/km2",Litosol,100 - 250 m (Sedang),500 - 1000 mm/th (Agak Rendah),15-25% (Agak Curam),Rendah,Patuk
3566,Hutan Lahan Kering,">3,10 km/km2",Litosol,50 - 100 m (Dekat),500 - 1000 mm/th (Agak Rendah),25-40% (Curam),Rendah,Patuk
3567,Hutan Lahan Kering,">3,10 km/km2",Litosol,100 - 250 m (Sedang),500 - 1000 mm/th (Agak Rendah),25-40% (Curam),Rendah,Patuk
3568,Hutan Lahan Kering,">3,10 km/km2",Nitosol,0 - 50 m (Sangat Dekat),1000 - 2000 mm/th (Sedang),>40% (Sangat Curam),Sedang,Girimulyo
3569,Hutan Lahan Kering,">3,10 km/km2",Nitosol,50 - 100 m (Dekat),1000 - 2000 mm/th (Sedang),>40% (Sangat Curam),Sedang,Girimulyo
3570,Rumput Rawa,"0,62 - 1.44 km/km2",Fluvisol,>500 m (Sangat Jauh),500 - 1000 mm/th (Agak Rendah),0-8% (Datar),Sedang,Sanden
3571,Permukiman,"0,62 - 1.44 km/km2",Fluvisol,>500 m (Sangat Jauh),500 - 1000 mm/th (Agak Rendah),0-8% (Datar),Sedang,Sanden
3572,Tananman Campuran,"<0,62 km/km2",Litosol,>500 m (Sangat Jauh),500 - 1000 mm/th (Agak Rendah),0-8% (Datar),Rendah,Ponjong
3573,Permukiman,"<0,62 km/km2",Litosol,>500 m (Sangat Jauh),500 - 1000 mm/th (Agak Rendah),0-8% (Datar),Sedang,Ponjong
3574,Tananman Campuran,"<0,62 km/km2",Litosol,>500 m (Sangat Jauh),500 - 1000 mm/th (Agak Rendah),8-15% (Landai),Rendah,Ponjong
3575,Permukiman,"<0,62 km/km2",Litosol,>500 m (Sangat Jauh),500 - 1000 mm/th (Agak Rendah),8-15% (Landai),Sedang,Ponjong
3576,Tananman Campuran,"<0,62 km/km2",Litosol,>500 m (Sangat Jauh),500 - 1000 mm/th (Agak Rendah),15-25% (Agak Curam),Rendah,Ponjong
3577,Permukiman,"<0,62 km/km2",Litosol,>500 m (Sangat Jauh),500 - 1000 mm/th (Agak Rendah),15-25% (Agak Curam),Sedang,Ponjong
3578,Tananman Campuran,"<0,62 km/km2",Litosol,>500 m (Sangat Jauh),500 - 1000 mm/th (Agak Rendah),25-40% (Curam),Rendah,Purwosari
3579,Permukiman,"<0,62 km/km2",Litosol,>500 m (Sangat Jauh),500 - 1000 mm/th (Agak Rendah),25-40% (Curam),Rendah,Purwosari
3580,Tananman Campuran,"<0,62 km/km2",Litosol,>500 m (Sangat Jauh),500 - 1000 mm/th (Agak Rendah),>40% (Sangat Curam),Rendah,Ponjong
3581,Permukiman,"<0,62 km/km2",Litosol,>500 m (Sangat Jauh),500 - 1000 mm/th (Agak Rendah),>40% (Sangat Curam),Rendah,Ponjong
3582,Tananman Campuran,"0,62 - 1.44 km/km2",Litosol,>500 m (Sangat Jauh),500 - 1000 mm/th (Agak Rendah),0-8% (Datar),Rendah,Purwosari
3583,Permukiman,"0,62 - 1.44 km/km2",Litosol,>500 m (Sangat Jauh),500 - 1000 mm/th (Agak Rendah),0-8% (Datar),Sedang,Purwosari
3584,Tananman Campuran,"0,62 - 1.44 km/km2",Vertisol,0 - 50 m (Sangat Dekat),500 - 1000 mm/th (Agak Rendah),0-8% (Datar),Sedang,Paliyan
3585,Permukiman,"0,62 - 1.44 km/km2",Vertisol,0 - 50 m (Sangat Dekat),500 - 1000 mm/th (Agak Rendah),0-8% (Datar),Tinggi,Paliyan
3586,Tananman Campuran,"0,62 - 1.44 km/km2",Vertisol,100 - 250 m (Sedang),500 - 1000 mm/th (Agak Rendah),0-8% (Datar),Sedang,Semanu
3587,Permukiman,"0,62 - 1.44 km/km2",Vertisol,100 - 250 m (Sedang),500 - 1000 mm/th (Agak Rendah),0-8% (Datar),Sedang,Semanu
3588,Tananman Campuran,"0,62 - 1.44 km/km2",Vertisol,100 - 250 m (Sedang),500 - 1000 mm/th (Agak Rendah),8-15% (Landai),Sedang,Ponjong
3589,Permukiman,"0,62 - 1.44 km/km2",Vertisol,100 - 250 m (Sedang),500 - 1000 mm/th (Agak Rendah),8-15% (Landai),Sedang,Ponjong
3590,Tananman Campuran,"0,62 - 1.44 km/km2",Vertisol,100 - 250 m (Sedang),500 - 1000 mm/th (Agak Rendah),15-25% (Agak Curam),Sedang,Ponjong
3591,Permukiman,"0,62 - 1.44 km/km2",Vertisol,100 - 250 m (Sedang),500 - 1000 mm/th (Agak Rendah),15-25% (Agak Curam),Sedang,Ponjong
3592,Tananman Campuran,"1,44 - 2,27 km/km2",Litosol,0 - 50 m (Sangat Dekat),500 - 1000 mm/th (Agak Rendah),0-8% (Datar),Sedang,Paliyan
3593,Permukiman,"1,44 - 2,27 km/km2",Litosol,0 - 50 m (Sangat Dekat),500 - 1000 mm/th (Agak Rendah),0-8% (Datar),Tinggi,Paliyan
3594,Tananman Campuran,"1,44 - 2,27 km/km2",Litosol,0 - 50 m (Sangat Dekat),500 - 1000 mm/th (Agak Rendah),15-25% (Agak Curam),Sedang,Paliyan
3595,Permukiman,"1,44 - 2,27 km/km2",Litosol,0 - 50 m (Sangat Dekat),500 - 1000 mm/th (Agak Rendah),15-25% (Agak Curam),Sedang,Paliyan
3596,Tananman Campuran,"1,44 - 2,27 km/km2",Fluvisol,>500 m (Sangat Jauh),500 - 1000 mm/th (Agak Rendah),0-8% (Datar),Rendah,Sanden
3597,Permukiman,"1,44 - 2,27 km/km2",Fluvisol,>500 m (Sangat Jauh),500 - 1000 mm/th (Agak Rendah),0-8% (Datar),Sedang,Sanden
3598,Tananman Campuran,"1,44 - 2,27 km/km2",Fluvisol,50 - 100 m (Dekat),500 - 1000 mm/th (Agak Rendah),0-8% (Datar),Sedang,Sanden
3599,Permukiman,"1,44 - 2,27 km/km2",Fluvisol,50 - 100 m (Dekat),500 - 1000 mm/th (Agak Rendah),0-8% (Datar),Sedang,Sanden
3600,Tananman Campuran,"1,44 - 2,27 km/km2",Fluvisol,100 - 250 m (Sedang),500 - 1000 mm/th (Agak Rendah),0-8% (Datar),Sedang,Sanden
3601,Permukiman,"1,44 - 2,27 km/km2",Fluvisol,100 - 250 m (Sedang),500 - 1000 mm/th (Agak Rendah),0-8% (Datar),Sedang,Sanden
3602,Tananman Campuran,"1,44 - 2,27 km/km2",Fluvisol,250 - 500 m (Jauh),500 - 1000 mm/th (Agak Rendah),0-8% (Datar),Sedang,Sanden
3603,Permukiman,"1,44 - 2,27 km/km2",Fluvisol,250 - 500 m (Jauh),500 - 1000 mm/th (Agak Rendah),0-8% (Datar),Sedang,Sanden
3604,Tananman Campuran,"1,44 - 2,27 km/km2",Vertisol,>500 m (Sangat Jauh),500 - 1000 mm/th (Agak Rendah),0-8% (Datar),Rendah,Wonosari
3605,Permukiman,"1,44 - 2,27 km/km2",Vertisol,>500 m (Sangat Jauh),500 - 1000 mm/th (Agak Rendah),0-8% (Datar),Sedang,Wonosari
3606,Tananman Campuran,"1,44 - 2,27 km/km2",Vertisol,0 - 50 m (Sangat Dekat),500 - 1000 mm/th (Agak Rendah),0-8% (Datar),Sedang,Wonosari
3607,Permukiman,"1,44 - 2,27 km/km2",Vertisol,0 - 50 m (Sangat Dekat),500 - 1000 mm/th (Agak Rendah),0-8% (Datar),Tinggi,Wonosari
3608,Tananman Campuran,"1,44 - 2,27 km/km2",Vertisol,50 - 100 m (Dekat),500 - 1000 mm/th (Agak Rendah),0-8% (Datar),Sedang,Wonosari
3609,Permukiman,"1,44 - 2,27 km/km2",Vertisol,50 - 100 m (Dekat),500 - 1000 mm/th (Agak Rendah),0-8% (Datar),Sedang,Wonosari
3610,Tananman Campuran,"1,44 - 2,27 km/km2",Vertisol,100 - 250 m (Sedang),500 - 1000 mm/th (Agak Rendah),0-8% (Datar),Sedang,Paliyan
3611,Permukiman,"1,44 - 2,27 km/km2",Vertisol,100 - 250 m (Sedang),500 - 1000 mm/th (Agak Rendah),0-8% (Datar),Sedang,Paliyan
3612,Tananman Campuran,"2,27 - 3,10 km/km2",Fluvisol,>500 m (Sangat Jauh),500 - 1000 mm/th (Agak Rendah),0-8% (Datar),Rendah,Kretek
3613,Permukiman,"2,27 - 3,10 km/km2",Fluvisol,>500 m (Sangat Jauh),500 - 1000 mm/th (Agak Rendah),0-8% (Datar),Sedang,Kretek
3614,Tananman Campuran,"2,27 - 3,10 km/km2",Fluvisol,>500 m (Sangat Jauh),500 - 1000 mm/th (Agak Rendah),8-15% (Landai),Rendah,Kretek
3615,Permukiman,"2,27 - 3,10 km/km2",Fluvisol,>500 m (Sangat Jauh),500 - 1000 mm/th (Agak Rendah),8-15% (Landai),Sedang,Kretek
3616,Tananman Campuran,"2,27 - 3,10 km/km2",Fluvisol,>500 m (Sangat Jauh),500 - 1000 mm/th (Agak Rendah),25-40% (Curam),Rendah,Kretek
3617,Permukiman,"2,27 - 3,10 km/km2",Fluvisol,>500 m (Sangat Jauh),500 - 1000 mm/th (Agak Rendah),25-40% (Curam),Rendah,Kretek
3618,Tananman Campuran,"2,27 - 3,10 km/km2",Fluvisol,0 - 50 m (Sangat Dekat),500 - 1000 mm/th (Agak Rendah),0-8% (Datar),Sedang,Kretek
3619,Permukiman,"2,27 - 3,10 km/km2",Fluvisol,0 - 50 m (Sangat Dekat),500 - 1000 mm/th (Agak Rendah),0-8% (Datar),Tinggi,Kretek
3620,Tananman Campuran,"2,27 - 3,10 km/km2",Fluvisol,0 - 50 m (Sangat Dekat),500 - 1000 mm/th (Agak Rendah),8-15% (Landai),Sedang,Kretek
3621,Permukiman,"2,27 - 3,10 km/km2",Fluvisol,0 - 50 m (Sangat Dekat),500 - 1000 mm/th (Agak Rendah),8-15% (Landai),Tinggi,Kretek
3622,Tananman Campuran,"2,27 - 3,10 km/km2",Fluvisol,100 - 250 m (Sedang),500 - 1000 mm/th (Agak Rendah),0-8% (Datar),Sedang,Kretek
3623,Permukiman,"2,27 - 3,10 km/km2",Fluvisol,100 - 250 m (Sedang),500 - 1000 mm/th (Agak Rendah),0-8% (Datar),Sedang,Kretek
3624,Tananman Campuran,"2,27 - 3,10 km/km2",Fluvisol,250 - 500 m (Jauh),500 - 1000 mm/th (Agak Rendah),0-8% (Datar),Rendah,Sanden
3625,Permukiman,"2,27 - 3,10 km/km2",Fluvisol,250 - 500 m (Jauh),500 - 1000 mm/th (Agak Rendah),0-8% (Datar),Sedang,Sanden
3626,Tananman Campuran,">3,10 km/km2",Fluvisol,50 - 100 m (Dekat),500 - 1000 mm/th (Agak Rendah),8-15% (Landai),Sedang,Kretek
3627,Permukiman,">3,10 km/km2",Fluvisol,50 - 100 m (Dekat),500 - 1000 mm/th (Agak Rendah),8-15% (Landai),Sedang,Kretek
3628,Tananman Campuran,"<0,62 km/km2",Litosol,250 - 500 m (Jauh),500 - 1000 mm/th (Agak Rendah),>40% (Sangat Curam),Rendah,Ponjong
3629,Padang Rumput,"<0,62 km/km2",Litosol,250 - 500 m (Jauh),500 - 1000 mm/th (Agak Rendah),>40% (Sangat Curam),Sedang,Ponjong
3630,Tananman Campuran,"0,62 - 1.44 km/km2",Litosol,100 - 250 m (Sedang),500 - 1000 mm/th (Agak Rendah),8-15% (Landai),Sedang,Ponjong
3631,Padang Rumput,"0,62 - 1.44 km/km2",Litosol,100 - 250 m (Sedang),500 - 1000 mm/th (Agak Rendah),8-15% (Landai),Sedang,Ponjong
3632,Tananman Campuran,"0,62 - 1.44 km/km2",Litosol,100 - 250 m (Sedang),500 - 1000 mm/th (Agak Rendah),15-25% (Agak Curam),Sedang,Ponjong
3633,Padang Rumput,"0,62 - 1.44 km/km2",Litosol,100 - 250 m (Sedang),500 - 1000 mm/th (Agak Rendah),15-25% (Agak Curam),Sedang,Ponjong
3634,Tananman Campuran,"0,62 - 1.44 km/km2",Litosol,100 - 250 m (Sedang),500 - 1000 mm/th (Agak Rendah),25-40% (Curam),Sedang,Ponjong
3635,Padang Rumput,"0,62 - 1.44 km/km2",Litosol,100 - 250 m (Sedang),500 - 1000 mm/th (Agak Rendah),25-40% (Curam),Sedang,Ponjong
3636,Tananman Campuran,"0,62 - 1.44 km/km2",Litosol,250 - 500 m (Jauh),500 - 1000 mm/th (Agak Rendah),>40% (Sangat Curam),Rendah,Ponjong
3637,Padang Rumput,"0,62 - 1.44 km/km2",Litosol,250 - 500 m (Jauh),500 - 1000 mm/th (Agak Rendah),>40% (Sangat Curam),Rendah,Ponjong
3638,Tananman Campuran,"0,62 - 1.44 km/km2",Vertisol,0 - 50 m (Sangat Dekat),500 - 1000 mm/th (Agak Rendah),0-8% (Datar),Sedang,Semanu
3639,Padang Rumput,"0,62 - 1.44 km/km2",Vertisol,0 - 50 m (Sangat Dekat),500 - 1000 mm/th (Agak Rendah),0-8% (Datar),Tinggi,Semanu
3640,Tananman Campuran,"0,62 - 1.44 km/km2",Vertisol,50 - 100 m (Dekat),500 - 1000 mm/th (Agak Rendah),0-8% (Datar),Sedang,Semanu
3641,Padang Rumput,"0,62 - 1.44 km/km2",Vertisol,50 - 100 m (Dekat),500 - 1000 mm/th (Agak Rendah),0-8% (Datar),Sedang,Semanu
3642,Tananman Campuran,"0,62 - 1.44 km/km2",Vertisol,100 - 250 m (Sedang),500 - 1000 mm/th (Agak Rendah),0-8% (Datar),Sedang,Semanu
3643,Padang Rumput,"0,62 - 1.44 km/km2",Vertisol,100 - 250 m (Sedang),500 - 1000 mm/th (Agak Rendah),0-8% (Datar),Sedang,Semanu
3644,Tananman Campuran,"0,62 - 1.44 km/km2",Vertisol,250 - 500 m (Jauh),500 - 1000 mm/th (Agak Rendah),0-8% (Datar),Sedang,Wonosari
3645,Padang Rumput,"0,62 - 1.44 km/km2",Vertisol,250 - 500 m (Jauh),500 - 1000 mm/th (Agak Rendah),0-8% (Datar),Sedang,Wonosari
3646,Tananman Campuran,"1,44 - 2,27 km/km2",Litosol,0 - 50 m (Sangat Dekat),500 - 1000 mm/th (Agak Rendah),0-8% (Datar),Sedang,Paliyan
3647,Padang Rumput,"1,44 - 2,27 km/km2",Litosol,0 - 50 m (Sangat Dekat),500 - 1000 mm/th (Agak Rendah),0-8% (Datar),Sedang,Paliyan
3648,Tananman Campuran,"1,44 - 2,27 km/km2",Litosol,0 - 50 m (Sangat Dekat),500 - 1000 mm/th (Agak Rendah),8-15% (Landai),Sedang,Paliyan
3649,Padang Rumput,"1,44 - 2,27 km/km2",Litosol,0 - 50 m (Sangat Dekat),500 - 1000 mm/th (Agak Rendah),8-15% (Landai),Sedang,Paliyan
3650,Tananman Campuran,"1,44 - 2,27 km/km2",Litosol,50 - 100 m (Dekat),500 - 1000 mm/th (Agak Rendah),8-15% (Landai),Sedang,Paliyan
3651,Padang Rumput,"1,44 - 2,27 km/km2",Litosol,50 - 100 m (Dekat),500 - 1000 mm/th (Agak Rendah),8-15% (Landai),Sedang,Paliyan
3652,Tananman Campuran,"1,44 - 2,27 km/km2",Litosol,100 - 250 m (Sedang),500 - 1000 mm/th (Agak Rendah),0-8% (Datar),Sedang,Paliyan
3653,Padang Rumput,"1,44 - 2,27 km/km2",Litosol,100 - 250 m (Sedang),500 - 1000 mm/th (Agak Rendah),0-8% (Datar),Sedang,Paliyan
3654,Tananman Campuran,"1,44 - 2,27 km/km2",Vertisol,50 - 100 m (Dekat),500 - 1000 mm/th (Agak Rendah),0-8% (Datar),Sedang,Wonosari
3655,Padang Rumput,"1,44 - 2,27 km/km2",Vertisol,50 - 100 m (Dekat),500 - 1000 mm/th (Agak Rendah),0-8% (Datar),Sedang,Wonosari
3656,Tananman Campuran,"2,27 - 3,10 km/km2",Fluvisol,>500 m (Sangat Jauh),500 - 1000 mm/th (Agak Rendah),25-40% (Curam),Rendah,Kretek
3657,Padang Rumput,"2,27 - 3,10 km/km2",Fluvisol,>500 m (Sangat Jauh),500 - 1000 mm/th (Agak Rendah),25-40% (Curam),Rendah,Kretek
3658,Tananman Campuran,"0,62 - 1.44 km/km2",Fluvisol,100 - 250 m (Sedang),500 - 1000 mm/th (Agak Rendah),0-8% (Datar),Sedang,Srandakan
3659,Tananman Campuran,"0,62 - 1.44 km/km2",Fluvisol,250 - 500 m (Jauh),500 - 1000 mm/th (Agak Rendah),0-8% (Datar),Sedang,Srandakan
3660,Tananman Campuran,"0,62 - 1.44 km/km2",Vertisol,0 - 50 m (Sangat Dekat),500 - 1000 mm/th (Agak Rendah),8-15% (Landai),Sedang,Playen
3661,Tananman Campuran,"0,62 - 1.44 km/km2",Vertisol,50 - 100 m (Dekat),500 - 1000 mm/th (Agak Rendah),8-15% (Landai),Sedang,Playen
3662,Tananman Campuran,"0,62 - 1.44 km/km2",Vertisol,50 - 100 m (Dekat),500 - 1000 mm/th (Agak Rendah),8-15% (Landai),Sedang,Playen
3663,Tananman Campuran,"0,62 - 1.44 km/km2",Vertisol,100 - 250 m (Sedang),500 - 1000 mm/th (Agak Rendah),8-15% (Landai),Sedang,Playen
3664,Tananman Campuran,"1,44 - 2,27 km/km2",Litosol,50 - 100 m (Dekat),500 - 1000 mm/th (Agak Rendah),0-8% (Datar),Sedang,Pajangan
3665,Tananman Campuran,"1,44 - 2,27 km/km2",Litosol,100 - 250 m (Sedang),500 - 1000 mm/th (Agak Rendah),0-8% (Datar),Sedang,Pajangan
3666,Tananman Campuran,"1,44 - 2,27 km/km2",Litosol,100 - 250 m (Sedang),500 - 1000 mm/th (Agak Rendah),8-15% (Landai),Sedang,Playen
3667,Tananman Campuran,"1,44 - 2,27 km/km2",Litosol,250 - 500 m (Jauh),500 - 1000 mm/th (Agak Rendah),8-15% (Landai),Rendah,Playen
3668,Tananman Campuran,"1,44 - 2,27 km/km2",Fluvisol,50 - 100 m (Dekat),500 - 1000 mm/th (Agak Rendah),0-8% (Datar),Sedang,Sanden
3669,Tananman Campuran,"1,44 - 2,27 km/km2",Fluvisol,100 - 250 m (Sedang),500 - 1000 mm/th (Agak Rendah),0-8% (Datar),Sedang,Sanden
3670,Tananman Campuran,"1,44 - 2,27 km/km2",Vertisol,0 - 50 m (Sangat Dekat),500 - 1000 mm/th (Agak Rendah),8-15% (Landai),Sedang,Karangmojo
3671,Tananman Campuran,"1,44 - 2,27 km/km2",Vertisol,50 - 100 m (Dekat),500 - 1000 mm/th (Agak Rendah),8-15% (Landai),Sedang,Karangmojo
3672,Tananman Campuran,"1,44 - 2,27 km/km2",Vertisol,50 - 100 m (Dekat),500 - 1000 mm/th (Agak Rendah),0-8% (Datar),Sedang,Karangmojo
3673,Tananman Campuran,"1,44 - 2,27 km/km2",Vertisol,100 - 250 m (Sedang),500 - 1000 mm/th (Agak Rendah),0-8% (Datar),Sedang,Karangmojo
3674,Tananman Campuran,"1,44 - 2,27 km/km2",Vertisol,50 - 100 m (Dekat),500 - 1000 mm/th (Agak Rendah),8-15% (Landai),Sedang,Karangmojo
3675,Tananman Campuran,"1,44 - 2,27 km/km2",Vertisol,100 - 250 m (Sedang),500 - 1000 mm/th (Agak Rendah),8-15% (Landai),Sedang,Karangmojo
3676,Tananman Campuran,"2,27 - 3,10 km/km2",Litosol,0 - 50 m (Sangat Dekat),500 - 1000 mm/th (Agak Rendah),0-8% (Datar),Sedang,Semin
3677,Tananman Campuran,"2,27 - 3,10 km/km2",Litosol,50 - 100 m (Dekat),500 - 1000 mm/th (Agak Rendah),0-8% (Datar),Sedang,Semin
3678,Tananman Campuran,"2,27 - 3,10 km/km2",Litosol,0 - 50 m (Sangat Dekat),500 - 1000 mm/th (Agak Rendah),8-15% (Landai),Sedang,Imogiri
3679,Tananman Campuran,"2,27 - 3,10 km/km2",Litosol,50 - 100 m (Dekat),500 - 1000 mm/th (Agak Rendah),8-15% (Landai),Sedang,Imogiri
3680,Tananman Campuran,"2,27 - 3,10 km/km2",Litosol,50 - 100 m (Dekat),500 - 1000 mm/th (Agak Rendah),0-8% (Datar),Sedang,Pengasih
3681,Tananman Campuran,"2,27 - 3,10 km/km2",Litosol,100 - 250 m (Sedang),500 - 1000 mm/th (Agak Rendah),0-8% (Datar),Sedang,Pengasih
3682,Tananman Campuran,">3,10 km/km2",Litosol,0 - 50 m (Sangat Dekat),1000 - 2000 mm/th (Sedang),0-8% (Datar),Sedang,Godean
3683,Tananman Campuran,">3,10 km/km2",Litosol,50 - 100 m (Dekat),1000 - 2000 mm/th (Sedang),0-8% (Datar),Sedang,Godean
3684,Tananman Campuran,">3,10 km/km2",Litosol,0 - 50 m (Sangat Dekat),1000 - 2000 mm/th (Sedang),8-15% (Landai),Sedang,Kalibawang
3685,Tananman Campuran,">3,10 km/km2",Litosol,50 - 100 m (Dekat),1000 - 2000 mm/th (Sedang),8-15% (Landai),Sedang,Kalibawang
3686,Tananman Campuran,">3,10 km/km2",Litosol,0 - 50 m (Sangat Dekat),1000 - 2000 mm/th (Sedang),15-25% (Agak Curam),Sedang,Moyudan
3687,Tananman Campuran,">3,10 km/km2",Litosol,50 - 100 m (Dekat),1000 - 2000 mm/th (Sedang),15-25% (Agak Curam),Sedang,Moyudan
3688,Tananman Campuran,">3,10 km/km2",Litosol,0 - 50 m (Sangat Dekat),500 - 1000 mm/th (Agak Rendah),0-8% (Datar),Sedang,Gedangsari
3689,Tananman Campuran,">3,10 km/km2",Litosol,50 - 100 m (Dekat),500 - 1000 mm/th (Agak Rendah),0-8% (Datar),Sedang,Gedangsari
3690,Tananman Campuran,">3,10 km/km2",Litosol,50 - 100 m (Dekat),1000 - 2000 mm/th (Sedang),0-8% (Datar),Sedang,Girimulyo
3691,Tananman Campuran,">3,10 km/km2",Litosol,100 - 250 m (Sedang),1000 - 2000 mm/th (Sedang),0-8% (Datar),Sedang,Girimulyo
3692,Tananman Campuran,">3,10 km/km2",Litosol,50 - 100 m (Dekat),1000 - 2000 mm/th (Sedang),>40% (Sangat Curam),Sedang,Girimulyo
3693,Tananman Campuran,">3,10 km/km2",Litosol,100 - 250 m (Sedang),1000 - 2000 mm/th (Sedang),>40% (Sangat Curam),Sedang,Girimulyo
3694,Tananman Campuran,">3,10 km/km2",Gleisol,50 - 100 m (Dekat),500 - 1000 mm/th (Agak Rendah),0-8% (Datar),Sedang,Kalasan
3695,Tananman Campuran,">3,10 km/km2",Gleisol,100 - 250 m (Sedang),500 - 1000 mm/th (Agak Rendah),0-8% (Datar),Sedang,Kalasan
3696,Tananman Campuran,">3,10 km/km2",Fluvisol,0 - 50 m (Sangat Dekat),500 - 1000 mm/th (Agak Rendah),0-8% (Datar),Sedang,Kretek
3697,Tananman Campuran,">3,10 km/km2",Fluvisol,50 - 100 m (Dekat),500 - 1000 mm/th (Agak Rendah),0-8% (Datar),Sedang,Kretek
3698,Tananman Campuran,">3,10 km/km2",Fluvisol,50 - 100 m (Dekat),500 - 1000 mm/th (Agak Rendah),0-8% (Datar),Sedang,Sanden
3699,Tananman Campuran,">3,10 km/km2",Fluvisol,100 - 250 m (Sedang),500 - 1000 mm/th (Agak Rendah),0-8% (Datar),Sedang,Sanden
3700,Tananman Campuran,">3,10 km/km2",Fluvisol,100 - 250 m (Sedang),500 - 1000 mm/th (Agak Rendah),0-8% (Datar),Sedang,Sanden
3701,Tananman Campuran,">3,10 km/km2",Fluvisol,250 - 500 m (Jauh),500 - 1000 mm/th (Agak Rendah),0-8% (Datar),Rendah,Sanden
3702,Permukiman,"0,62 - 1.44 km/km2",Litosol,>500 m (Sangat Jauh),500 - 1000 mm/th (Agak Rendah),25-40% (Curam),Rendah,Panggang
3703,Padang Rumput,"0,62 - 1.44 km/km2",Litosol,>500 m (Sangat Jauh),500 - 1000 mm/th (Agak Rendah),25-40% (Curam),Rendah,Panggang
3704,Permukiman,"0,62 - 1.44 km/km2",Litosol,0 - 50 m (Sangat Dekat),500 - 1000 mm/th (Agak Rendah),0-8% (Datar),Tinggi,Ponjong
3705,Padang Rumput,"0,62 - 1.44 km/km2",Litosol,0 - 50 m (Sangat Dekat),500 - 1000 mm/th (Agak Rendah),0-8% (Datar),Sedang,Ponjong
3706,Permukiman,"0,62 - 1.44 km/km2",Litosol,0 - 50 m (Sangat Dekat),500 - 1000 mm/th (Agak Rendah),8-15% (Landai),Tinggi,Ponjong
3707,Padang Rumput,"0,62 - 1.44 km/km2",Litosol,0 - 50 m (Sangat Dekat),500 - 1000 mm/th (Agak Rendah),8-15% (Landai),Sedang,Ponjong
3708,Permukiman,"0,62 - 1.44 km/km2",Litosol,0 - 50 m (Sangat Dekat),500 - 1000 mm/th (Agak Rendah),15-25% (Agak Curam),Sedang,Panggang
3709,Padang Rumput,"0,62 - 1.44 km/km2",Litosol,0 - 50 m (Sangat Dekat),500 - 1000 mm/th (Agak Rendah),15-25% (Agak Curam),Sedang,Panggang
3710,Permukiman,"0,62 - 1.44 km/km2",Litosol,100 - 250 m (Sedang),500 - 1000 mm/th (Agak Rendah),0-8% (Datar),Sedang,Paliyan
3711,Padang Rumput,"0,62 - 1.44 km/km2",Litosol,100 - 250 m (Sedang),500 - 1000 mm/th (Agak Rendah),0-8% (Datar),Sedang,Paliyan
3712,Permukiman,"0,62 - 1.44 km/km2",Vertisol,50 - 100 m (Dekat),500 - 1000 mm/th (Agak Rendah),0-8% (Datar),Tinggi,Wonosari
3713,Padang Rumput,"0,62 - 1.44 km/km2",Vertisol,50 - 100 m (Dekat),500 - 1000 mm/th (Agak Rendah),0-8% (Datar),Sedang,Wonosari
3714,Permukiman,"0,62 - 1.44 km/km2",Vertisol,100 - 250 m (Sedang),500 - 1000 mm/th (Agak Rendah),0-8% (Datar),Sedang,Semanu
3715,Padang Rumput,"0,62 - 1.44 km/km2",Vertisol,100 - 250 m (Sedang),500 - 1000 mm/th (Agak Rendah),0-8% (Datar),Sedang,Semanu
3716,Permukiman,"0,62 - 1.44 km/km2",Vertisol,250 - 500 m (Jauh),500 - 1000 mm/th (Agak Rendah),0-8% (Datar),Sedang,Semanu
3717,Padang Rumput,"0,62 - 1.44 km/km2",Vertisol,250 - 500 m (Jauh),500 - 1000 mm/th (Agak Rendah),0-8% (Datar),Sedang,Semanu
3718,Permukiman,"1,44 - 2,27 km/km2",Litosol,0 - 50 m (Sangat Dekat),500 - 1000 mm/th (Agak Rendah),0-8% (Datar),Tinggi,Paliyan
3719,Padang Rumput,"1,44 - 2,27 km/km2",Litosol,0 - 50 m (Sangat Dekat),500 - 1000 mm/th (Agak Rendah),0-8% (Datar),Sedang,Paliyan
3720,Permukiman,"1,44 - 2,27 km/km2",Litosol,0 - 50 m (Sangat Dekat),500 - 1000 mm/th (Agak Rendah),8-15% (Landai),Sedang,Paliyan
3721,Padang Rumput,"1,44 - 2,27 km/km2",Litosol,0 - 50 m (Sangat Dekat),500 - 1000 mm/th (Agak Rendah),8-15% (Landai),Sedang,Paliyan
3722,Permukiman,"1,44 - 2,27 km/km2",Vertisol,50 - 100 m (Dekat),500 - 1000 mm/th (Agak Rendah),0-8% (Datar),Sedang,Wonosari
3723,Padang Rumput,"1,44 - 2,27 km/km2",Vertisol,50 - 100 m (Dekat),500 - 1000 mm/th (Agak Rendah),0-8% (Datar),Sedang,Wonosari
3724,Permukiman,"1,44 - 2,27 km/km2",Vertisol,100 - 250 m (Sedang),500 - 1000 mm/th (Agak Rendah),0-8% (Datar),Sedang,Wonosari
3725,Padang Rumput,"1,44 - 2,27 km/km2",Vertisol,100 - 250 m (Sedang),500 - 1000 mm/th (Agak Rendah),0-8% (Datar),Sedang,Wonosari
3726,Permukiman,"0,62 - 1.44 km/km2",Litosol,0 - 50 m (Sangat Dekat),500 - 1000 mm/th (Agak Rendah),0-8% (Datar),Tinggi,Paliyan
3727,Permukiman,"0,62 - 1.44 km/km2",Litosol,50 - 100 m (Dekat),500 - 1000 mm/th (Agak Rendah),0-8% (Datar),Sedang,Paliyan
3728,Permukiman,"0,62 - 1.44 km/km2",Litosol,0 - 50 m (Sangat Dekat),500 - 1000 mm/th (Agak Rendah),8-15% (Landai),Tinggi,Ngawen
3729,Permukiman,"0,62 - 1.44 km/km2",Litosol,50 - 100 m (Dekat),500 - 1000 mm/th (Agak Rendah),8-15% (Landai),Sedang,Ngawen
3730,Permukiman,"0,62 - 1.44 km/km2",Litosol,50 - 100 m (Dekat),500 - 1000 mm/th (Agak Rendah),0-8% (Datar),Sedang,Paliyan
3731,Permukiman,"0,62 - 1.44 km/km2",Litosol,100 - 250 m (Sedang),500 - 1000 mm/th (Agak Rendah),0-8% (Datar),Sedang,Paliyan
3732,Permukiman,"0,62 - 1.44 km/km2",Vertisol,0 - 50 m (Sangat Dekat),500 - 1000 mm/th (Agak Rendah),0-8% (Datar),Tinggi,Playen
3733,Permukiman,"0,62 - 1.44 km/km2",Vertisol,50 - 100 m (Dekat),500 - 1000 mm/th (Agak Rendah),0-8% (Datar),Tinggi,Playen
3734,Permukiman,"0,62 - 1.44 km/km2",Vertisol,50 - 100 m (Dekat),500 - 1000 mm/th (Agak Rendah),0-8% (Datar),Tinggi,Paliyan
3735,Permukiman,"0,62 - 1.44 km/km2",Vertisol,100 - 250 m (Sedang),500 - 1000 mm/th (Agak Rendah),0-8% (Datar),Sedang,Paliyan
3736,Permukiman,"0,62 - 1.44 km/km2",Vertisol,100 - 250 m (Sedang),500 - 1000 mm/th (Agak Rendah),0-8% (Datar),Sedang,Playen
3737,Permukiman,"0,62 - 1.44 km/km2",Vertisol,250 - 500 m (Jauh),500 - 1000 mm/th (Agak Rendah),0-8% (Datar),Sedang,Playen
3738,Permukiman,"1,44 - 2,27 km/km2",Litosol,0 - 50 m (Sangat Dekat),500 - 1000 mm/th (Agak Rendah),0-8% (Datar),Tinggi,Paliyan
3739,Permukiman,"1,44 - 2,27 km/km2",Litosol,50 - 100 m (Dekat),500 - 1000 mm/th (Agak Rendah),0-8% (Datar),Sedang,Paliyan
3740,Permukiman,"1,44 - 2,27 km/km2",Litosol,0 - 50 m (Sangat Dekat),500 - 1000 mm/th (Agak Rendah),25-40% (Curam),Sedang,Nglipar
3741,Permukiman,"1,44 - 2,27 km/km2",Litosol,50 - 100 m (Dekat),500 - 1000 mm/th (Agak Rendah),25-40% (Curam),Sedang,Nglipar
3742,Permukiman,"1,44 - 2,27 km/km2",Litosol,50 - 100 m (Dekat),500 - 1000 mm/th (Agak Rendah),8-15% (Landai),Sedang,Semin
3743,Permukiman,"1,44 - 2,27 km/km2",Litosol,100 - 250 m (Sedang),500 - 1000 mm/th (Agak Rendah),8-15% (Landai),Sedang,Semin
3744,Permukiman,"1,44 - 2,27 km/km2",Litosol,50 - 100 m (Dekat),500 - 1000 mm/th (Agak Rendah),15-25% (Agak Curam),Sedang,Semin
3745,Permukiman,"1,44 - 2,27 km/km2",Litosol,100 - 250 m (Sedang),500 - 1000 mm/th (Agak Rendah),15-25% (Agak Curam),Sedang,Semin
3746,Permukiman,"1,44 - 2,27 km/km2",Litosol,50 - 100 m (Dekat),500 - 1000 mm/th (Agak Rendah),25-40% (Curam),Sedang,Nglipar
3747,Permukiman,"1,44 - 2,27 km/km2",Litosol,100 - 250 m (Sedang),500 - 1000 mm/th (Agak Rendah),25-40% (Curam),Sedang,Nglipar
3748,Permukiman,"1,44 - 2,27 km/km2",Litosol,100 - 250 m (Sedang),500 - 1000 mm/th (Agak Rendah),25-40% (Curam),Sedang,Ngawen
3749,Permukiman,"1,44 - 2,27 km/km2",Litosol,250 - 500 m (Jauh),500 - 1000 mm/th (Agak Rendah),25-40% (Curam),Sedang,Ngawen
3750,Permukiman,"1,44 - 2,27 km/km2",Gleisol,0 - 50 m (Sangat Dekat),1000 - 2000 mm/th (Sedang),0-8% (Datar),Tinggi,Turi
3751,Permukiman,"1,44 - 2,27 km/km2",Gleisol,50 - 100 m (Dekat),1000 - 2000 mm/th (Sedang),0-8% (Datar),Tinggi,Turi
3752,Permukiman,"1,44 - 2,27 km/km2",Gleisol,0 - 50 m (Sangat Dekat),500 - 1000 mm/th (Agak Rendah),8-15% (Landai),Tinggi,Imogiri
3753,Permukiman,"1,44 - 2,27 km/km2",Gleisol,50 - 100 m (Dekat),500 - 1000 mm/th (Agak Rendah),8-15% (Landai),Sedang,Imogiri
3754,Permukiman,"1,44 - 2,27 km/km2",Gleisol,0 - 50 m (Sangat Dekat),500 - 1000 mm/th (Agak Rendah),>40% (Sangat Curam),Sedang,Imogiri
3755,Permukiman,"1,44 - 2,27 km/km2",Gleisol,50 - 100 m (Dekat),500 - 1000 mm/th (Agak Rendah),>40% (Sangat Curam),Sedang,Imogiri
3756,Permukiman,"1,44 - 2,27 km/km2",Gleisol,50 - 100 m (Dekat),1000 - 2000 mm/th (Sedang),0-8% (Datar),Tinggi,Turi
3757,Permukiman,"1,44 - 2,27 km/km2",Gleisol,100 - 250 m (Sedang),1000 - 2000 mm/th (Sedang),0-8% (Datar),Tinggi,Turi
3758,Permukiman,"1,44 - 2,27 km/km2",Gleisol,50 - 100 m (Dekat),500 - 1000 mm/th (Agak Rendah),>40% (Sangat Curam),Sedang,Imogiri
3759,Permukiman,"1,44 - 2,27 km/km2",Gleisol,100 - 250 m (Sedang),500 - 1000 mm/th (Agak Rendah),>40% (Sangat Curam),Sedang,Imogiri
3760,Permukiman,"1,44 - 2,27 km/km2",Fluvisol,50 - 100 m (Dekat),1000 - 2000 mm/th (Sedang),0-8% (Datar),Tinggi,Temon
3761,Permukiman,"1,44 - 2,27 km/km2",Fluvisol,100 - 250 m (Sedang),1000 - 2000 mm/th (Sedang),0-8% (Datar),Tinggi,Temon
3762,Permukiman,"1,44 - 2,27 km/km2",Fluvisol,50 - 100 m (Dekat),500 - 1000 mm/th (Agak Rendah),0-8% (Datar),Sedang,Srandakan
3763,Permukiman,"1,44 - 2,27 km/km2",Fluvisol,100 - 250 m (Sedang),500 - 1000 mm/th (Agak Rendah),0-8% (Datar),Sedang,Srandakan
3764,Permukiman,"1,44 - 2,27 km/km2",Fluvisol,50 - 100 m (Dekat),500 - 1000 mm/th (Agak Rendah),8-15% (Landai),Sedang,Srandakan
3765,Permukiman,"1,44 - 2,27 km/km2",Fluvisol,100 - 250 m (Sedang),500 - 1000 mm/th (Agak Rendah),8-15% (Landai),Sedang,Srandakan
3766,Permukiman,"1,44 - 2,27 km/km2",Fluvisol,50 - 100 m (Dekat),500 - 1000 mm/th (Agak Rendah),15-25% (Agak Curam),Sedang,Srandakan
3767,Permukiman,"1,44 - 2,27 km/km2",Fluvisol,100 - 250 m (Sedang),500 - 1000 mm/th (Agak Rendah),15-25% (Agak Curam),Sedang,Srandakan
3768,Permukiman,"1,44 - 2,27 km/km2",Vertisol,0 - 50 m (Sangat Dekat),500 - 1000 mm/th (Agak Rendah),0-8% (Datar),Tinggi,Karangmojo
3769,Permukiman,"1,44 - 2,27 km/km2",Vertisol,50 - 100 m (Dekat),500 - 1000 mm/th (Agak Rendah),0-8% (Datar),Sedang,Karangmojo
3770,Permukiman,"1,44 - 2,27 km/km2",Vertisol,50 - 100 m (Dekat),500 - 1000 mm/th (Agak Rendah),0-8% (Datar),Sedang,Karangmojo
3771,Permukiman,"1,44 - 2,27 km/km2",Vertisol,100 - 250 m (Sedang),500 - 1000 mm/th (Agak Rendah),0-8% (Datar),Sedang,Karangmojo
3772,Permukiman,"2,27 - 3,10 km/km2",Litosol,0 - 50 m (Sangat Dekat),500 - 1000 mm/th (Agak Rendah),0-8% (Datar),Sedang,Wates
3773,Permukiman,"2,27 - 3,10 km/km2",Litosol,50 - 100 m (Dekat),500 - 1000 mm/th (Agak Rendah),0-8% (Datar),Sedang,Wates
3774,Permukiman,"2,27 - 3,10 km/km2",Litosol,0 - 50 m (Sangat Dekat),500 - 1000 mm/th (Agak Rendah),8-15% (Landai),Sedang,Semin
3775,Permukiman,"2,27 - 3,10 km/km2",Litosol,50 - 100 m (Dekat),500 - 1000 mm/th (Agak Rendah),8-15% (Landai),Sedang,Semin
3776,Permukiman,"2,27 - 3,10 km/km2",Litosol,50 - 100 m (Dekat),500 - 1000 mm/th (Agak Rendah),8-15% (Landai),Sedang,Nglipar
3777,Permukiman,"2,27 - 3,10 km/km2",Litosol,100 - 250 m (Sedang),500 - 1000 mm/th (Agak Rendah),8-15% (Landai),Sedang,Nglipar
3778,Permukiman,"2,27 - 3,10 km/km2",Litosol,100 - 250 m (Sedang),500 - 1000 mm/th (Agak Rendah),0-8% (Datar),Sedang,Sentolo
3779,Permukiman,"2,27 - 3,10 km/km2",Litosol,250 - 500 m (Jauh),500 - 1000 mm/th (Agak Rendah),0-8% (Datar),Sedang,Sentolo
3780,Permukiman,"2,27 - 3,10 km/km2",Litosol,100 - 250 m (Sedang),500 - 1000 mm/th (Agak Rendah),8-15% (Landai),Sedang,Wates
3781,Permukiman,"2,27 - 3,10 km/km2",Litosol,250 - 500 m (Jauh),500 - 1000 mm/th (Agak Rendah),8-15% (Landai),Sedang,Wates
3782,Permukiman,"2,27 - 3,10 km/km2",Gleisol,0 - 50 m (Sangat Dekat),500 - 1000 mm/th (Agak Rendah),0-8% (Datar),Tinggi,Ngaglik
3783,Permukiman,"2,27 - 3,10 km/km2",Gleisol,50 - 100 m (Dekat),500 - 1000 mm/th (Agak Rendah),0-8% (Datar),Sedang,Ngaglik
3784,Permukiman,"2,27 - 3,10 km/km2",Gleisol,0 - 50 m (Sangat Dekat),500 - 1000 mm/th (Agak Rendah),8-15% (Landai),Tinggi,Ngaglik
3785,Permukiman,"2,27 - 3,10 km/km2",Gleisol,50 - 100 m (Dekat),500 - 1000 mm/th (Agak Rendah),8-15% (Landai),Sedang,Ngaglik
3786,Permukiman,"2,27 - 3,10 km/km2",Gleisol,0 - 50 m (Sangat Dekat),500 - 1000 mm/th (Agak Rendah),15-25% (Agak Curam),Sedang,Prambanan
3787,Permukiman,"2,27 - 3,10 km/km2",Gleisol,50 - 100 m (Dekat),500 - 1000 mm/th (Agak Rendah),15-25% (Agak Curam),Sedang,Prambanan
3788,Permukiman,"2,27 - 3,10 km/km2",Gleisol,50 - 100 m (Dekat),500 - 1000 mm/th (Agak Rendah),15-25% (Agak Curam),Sedang,Prambanan
3789,Permukiman,"2,27 - 3,10 km/km2",Gleisol,100 - 250 m (Sedang),500 - 1000 mm/th (Agak Rendah),15-25% (Agak Curam),Sedang,Prambanan
3790,Permukiman,"2,27 - 3,10 km/km2",Fluvisol,100 - 250 m (Sedang),1000 - 2000 mm/th (Sedang),0-8% (Datar),Sedang,Temon
3791,Permukiman,"2,27 - 3,10 km/km2",Fluvisol,250 - 500 m (Jauh),1000 - 2000 mm/th (Sedang),0-8% (Datar),Sedang,Temon
3792,Permukiman,"2,27 - 3,10 km/km2",Nitosol,0 - 50 m (Sangat Dekat),500 - 1000 mm/th (Agak Rendah),0-8% (Datar),Tinggi,Pengasih
3793,Permukiman,"2,27 - 3,10 km/km2",Nitosol,50 - 100 m (Dekat),500 - 1000 mm/th (Agak Rendah),0-8% (Datar),Sedang,Pengasih
3794,Permukiman,"2,27 - 3,10 km/km2",Nitosol,50 - 100 m (Dekat),500 - 1000 mm/th (Agak Rendah),0-8% (Datar),Sedang,Wates
3795,Permukiman,"2,27 - 3,10 km/km2",Nitosol,100 - 250 m (Sedang),500 - 1000 mm/th (Agak Rendah),0-8% (Datar),Sedang,Wates
3796,Permukiman,"2,27 - 3,10 km/km2",Vertisol,50 - 100 m (Dekat),500 - 1000 mm/th (Agak Rendah),0-8% (Datar),Sedang,Nglipar
3797,Permukiman,"2,27 - 3,10 km/km2",Vertisol,100 - 250 m (Sedang),500 - 1000 mm/th (Agak Rendah),0-8% (Datar),Sedang,Nglipar
3798,Permukiman,">3,10 km/km2",Luvisol,50 - 100 m (Dekat),500 - 1000 mm/th (Agak Rendah),25-40% (Curam),Sedang,Prambanan
3799,Permukiman,">3,10 km/km2",Luvisol,100 - 250 m (Sedang),500 - 1000 mm/th (Agak Rendah),25-40% (Curam),Sedang,Prambanan
3800,Permukiman,">3,10 km/km2",Litosol,0 - 50 m (Sangat Dekat),1000 - 2000 mm/th (Sedang),0-8% (Datar),Tinggi,Godean
3801,Permukiman,">3,10 km/km2",Litosol,50 - 100 m (Dekat),1000 - 2000 mm/th (Sedang),0-8% (Datar),Sedang,Godean
3802,Permukiman,">3,10 km/km2",Litosol,0 - 50 m (Sangat Dekat),1000 - 2000 mm/th (Sedang),8-15% (Landai),Tinggi,Girimulyo
3803,Permukiman,">3,10 km/km2",Litosol,50 - 100 m (Dekat),1000 - 2000 mm/th (Sedang),8-15% (Landai),Sedang,Girimulyo
3804,Permukiman,">3,10 km/km2",Litosol,0 - 50 m (Sangat Dekat),1000 - 2000 mm/th (Sedang),15-25% (Agak Curam),Tinggi,Girimulyo
3805,Permukiman,">3,10 km/km2",Litosol,50 - 100 m (Dekat),1000 - 2000 mm/th (Sedang),15-25% (Agak Curam),Sedang,Girimulyo
3806,Permukiman,">3,10 km/km2",Litosol,0 - 50 m (Sangat Dekat),500 - 1000 mm/th (Agak Rendah),0-8% (Datar),Sedang,Gedangsari
3807,Permukiman,">3,10 km/km2",Litosol,50 - 100 m (Dekat),500 - 1000 mm/th (Agak Rendah),0-8% (Datar),Sedang,Gedangsari
3808,Permukiman,">3,10 km/km2",Litosol,0 - 50 m (Sangat Dekat),500 - 1000 mm/th (Agak Rendah),8-15% (Landai),Sedang,Patuk
3809,Permukiman,">3,10 km/km2",Litosol,50 - 100 m (Dekat),500 - 1000 mm/th (Agak Rendah),8-15% (Landai),Sedang,Patuk
3810,Permukiman,">3,10 km/km2",Litosol,0 - 50 m (Sangat Dekat),500 - 1000 mm/th (Agak Rendah),15-25% (Agak Curam),Sedang,Patuk
3811,Permukiman,">3,10 km/km2",Litosol,50 - 100 m (Dekat),500 - 1000 mm/th (Agak Rendah),15-25% (Agak Curam),Sedang,Patuk
3812,Permukiman,">3,10 km/km2",Litosol,50 - 100 m (Dekat),1000 - 2000 mm/th (Sedang),0-8% (Datar),Sedang,Godean
3813,Permukiman,">3,10 km/km2",Litosol,100 - 250 m (Sedang),1000 - 2000 mm/th (Sedang),0-8% (Datar),Sedang,Godean
3814,Permukiman,">3,10 km/km2",Litosol,50 - 100 m (Dekat),1000 - 2000 mm/th (Sedang),15-25% (Agak Curam),Sedang,Girimulyo
3815,Permukiman,">3,10 km/km2",Litosol,100 - 250 m (Sedang),1000 - 2000 mm/th (Sedang),15-25% (Agak Curam),Sedang,Girimulyo
3816,Permukiman,">3,10 km/km2",Litosol,50 - 100 m (Dekat),500 - 1000 mm/th (Agak Rendah),0-8% (Datar),Sedang,Gedangsari
3817,Permukiman,">3,10 km/km2",Litosol,100 - 250 m (Sedang),500 - 1000 mm/th (Agak Rendah),0-8% (Datar),Sedang,Gedangsari
3818,Permukiman,">3,10 km/km2",Litosol,50 - 100 m (Dekat),500 - 1000 mm/th (Agak Rendah),8-15% (Landai),Sedang,Patuk
3819,Permukiman,">3,10 km/km2",Litosol,100 - 250 m (Sedang),500 - 1000 mm/th (Agak Rendah),8-15% (Landai),Sedang,Patuk
3820,Permukiman,">3,10 km/km2",Litosol,50 - 100 m (Dekat),500 - 1000 mm/th (Agak Rendah),15-25% (Agak Curam),Sedang,Patuk
3821,Permukiman,">3,10 km/km2",Litosol,100 - 250 m (Sedang),500 - 1000 mm/th (Agak Rendah),15-25% (Agak Curam),Sedang,Patuk
3822,Permukiman,">3,10 km/km2",Litosol,50 - 100 m (Dekat),500 - 1000 mm/th (Agak Rendah),25-40% (Curam),Sedang,Patuk
3823,Permukiman,">3,10 km/km2",Litosol,100 - 250 m (Sedang),500 - 1000 mm/th (Agak Rendah),25-40% (Curam),Sedang,Patuk
3824,Permukiman,">3,10 km/km2",Litosol,100 - 250 m (Sedang),1000 - 2000 mm/th (Sedang),0-8% (Datar),Sedang,Moyudan
3825,Permukiman,">3,10 km/km2",Litosol,250 - 500 m (Jauh),1000 - 2000 mm/th (Sedang),0-8% (Datar),Sedang,Moyudan
3826,Permukiman,">3,10 km/km2",Litosol,100 - 250 m (Sedang),500 - 1000 mm/th (Agak Rendah),0-8% (Datar),Sedang,Gedangsari
3827,Permukiman,">3,10 km/km2",Litosol,250 - 500 m (Jauh),500 - 1000 mm/th (Agak Rendah),0-8% (Datar),Sedang,Gedangsari
3828,Permukiman,">3,10 km/km2",Litosol,100 - 250 m (Sedang),500 - 1000 mm/th (Agak Rendah),8-15% (Landai),Sedang,Gedangsari
3829,Permukiman,">3,10 km/km2",Litosol,250 - 500 m (Jauh),500 - 1000 mm/th (Agak Rendah),8-15% (Landai),Rendah,Gedangsari
3830,Permukiman,">3,10 km/km2",Litosol,100 - 250 m (Sedang),500 - 1000 mm/th (Agak Rendah),15-25% (Agak Curam),Sedang,Gedangsari
3831,Permukiman,">3,10 km/km2",Litosol,250 - 500 m (Jauh),500 - 1000 mm/th (Agak Rendah),15-25% (Agak Curam),Rendah,Gedangsari
3832,Permukiman,">3,10 km/km2",Litosol,100 - 250 m (Sedang),500 - 1000 mm/th (Agak Rendah),25-40% (Curam),Sedang,Nglipar
3833,Permukiman,">3,10 km/km2",Litosol,250 - 500 m (Jauh),500 - 1000 mm/th (Agak Rendah),25-40% (Curam),Rendah,Nglipar
3834,Permukiman,">3,10 km/km2",Gleisol,0 - 50 m (Sangat Dekat),1000 - 2000 mm/th (Sedang),0-8% (Datar),Tinggi,Mlati
3835,Permukiman,">3,10 km/km2",Gleisol,50 - 100 m (Dekat),1000 - 2000 mm/th (Sedang),0-8% (Datar),Tinggi,Mlati
3836,Permukiman,">3,10 km/km2",Gleisol,0 - 50 m (Sangat Dekat),1000 - 2000 mm/th (Sedang),8-15% (Landai),Tinggi,Cangkringan
3837,Permukiman,">3,10 km/km2",Gleisol,50 - 100 m (Dekat),1000 - 2000 mm/th (Sedang),8-15% (Landai),Tinggi,Cangkringan
3838,Permukiman,">3,10 km/km2",Gleisol,0 - 50 m (Sangat Dekat),500 - 1000 mm/th (Agak Rendah),0-8% (Datar),Tinggi,Depok
3839,Permukiman,">3,10 km/km2",Gleisol,50 - 100 m (Dekat),500 - 1000 mm/th (Agak Rendah),0-8% (Datar),Sedang,Depok
3840,Permukiman,">3,10 km/km2",Gleisol,0 - 50 m (Sangat Dekat),500 - 1000 mm/th (Agak Rendah),8-15% (Landai),Sedang,Prambanan
3841,Permukiman,">3,10 km/km2",Gleisol,50 - 100 m (Dekat),500 - 1000 mm/th (Agak Rendah),8-15% (Landai),Sedang,Prambanan
3842,Permukiman,">3,10 km/km2",Gleisol,0 - 50 m (Sangat Dekat),500 - 1000 mm/th (Agak Rendah),>40% (Sangat Curam),Sedang,Depok
3843,Permukiman,">3,10 km/km2",Gleisol,50 - 100 m (Dekat),500 - 1000 mm/th (Agak Rendah),>40% (Sangat Curam),Sedang,Depok
3844,Permukiman,">3,10 km/km2",Gleisol,50 - 100 m (Dekat),1000 - 2000 mm/th (Sedang),0-8% (Datar),Tinggi,Gamping
3845,Permukiman,">3,10 km/km2",Gleisol,100 - 250 m (Sedang),1000 - 2000 mm/th (Sedang),0-8% (Datar),Sedang,Gamping
3846,Permukiman,">3,10 km/km2",Gleisol,50 - 100 m (Dekat),1000 - 2000 mm/th (Sedang),8-15% (Landai),Tinggi,Ngaglik
3847,Permukiman,">3,10 km/km2",Gleisol,100 - 250 m (Sedang),1000 - 2000 mm/th (Sedang),8-15% (Landai),Sedang,Ngaglik
3848,Permukiman,">3,10 km/km2",Gleisol,50 - 100 m (Dekat),1000 - 2000 mm/th (Sedang),15-25% (Agak Curam),Tinggi,Turi
3849,Permukiman,">3,10 km/km2",Gleisol,100 - 250 m (Sedang),1000 - 2000 mm/th (Sedang),15-25% (Agak Curam),Sedang,Turi
3850,Permukiman,">3,10 km/km2",Gleisol,50 - 100 m (Dekat),500 - 1000 mm/th (Agak Rendah),0-8% (Datar),Sedang,Kalasan
3851,Permukiman,">3,10 km/km2",Gleisol,100 - 250 m (Sedang),500 - 1000 mm/th (Agak Rendah),0-8% (Datar),Sedang,Kalasan
3852,Permukiman,">3,10 km/km2",Gleisol,100 - 250 m (Sedang),1000 - 2000 mm/th (Sedang),0-8% (Datar),Sedang,Gamping
3853,Permukiman,">3,10 km/km2",Gleisol,250 - 500 m (Jauh),1000 - 2000 mm/th (Sedang),0-8% (Datar),Sedang,Gamping
3854,Permukiman,">3,10 km/km2",Gleisol,100 - 250 m (Sedang),500 - 1000 mm/th (Agak Rendah),0-8% (Datar),Sedang,Kalasan
3855,Permukiman,">3,10 km/km2",Gleisol,250 - 500 m (Jauh),500 - 1000 mm/th (Agak Rendah),0-8% (Datar),Sedang,Kalasan
3856,Permukiman,">3,10 km/km2",Fluvisol,0 - 50 m (Sangat Dekat),500 - 1000 mm/th (Agak Rendah),0-8% (Datar),Tinggi,Sanden
3857,Permukiman,">3,10 km/km2",Fluvisol,50 - 100 m (Dekat),500 - 1000 mm/th (Agak Rendah),0-8% (Datar),Sedang,Sanden
3858,Permukiman,">3,10 km/km2",Fluvisol,50 - 100 m (Dekat),500 - 1000 mm/th (Agak Rendah),0-8% (Datar),Sedang,Pundong
3859,Permukiman,">3,10 km/km2",Fluvisol,100 - 250 m (Sedang),500 - 1000 mm/th (Agak Rendah),0-8% (Datar),Sedang,Pundong
3860,Permukiman,">3,10 km/km2",Fluvisol,50 - 100 m (Dekat),500 - 1000 mm/th (Agak Rendah),8-15% (Landai),Sedang,Pundong
3861,Permukiman,">3,10 km/km2",Fluvisol,100 - 250 m (Sedang),500 - 1000 mm/th (Agak Rendah),8-15% (Landai),Sedang,Pundong
3862,Permukiman,">3,10 km/km2",Fluvisol,100 - 250 m (Sedang),500 - 1000 mm/th (Agak Rendah),0-8% (Datar),Sedang,Sanden
3863,Permukiman,">3,10 km/km2",Fluvisol,250 - 500 m (Jauh),500 - 1000 mm/th (Agak Rendah),0-8% (Datar),Sedang,Sanden
3864,Permukiman,">3,10 km/km2",Fluvisol,100 - 250 m (Sedang),500 - 1000 mm/th (Agak Rendah),8-15% (Landai),Sedang,Sanden
3865,Permukiman,">3,10 km/km2",Fluvisol,250 - 500 m (Jauh),500 - 1000 mm/th (Agak Rendah),8-15% (Landai),Sedang,Sanden
3866,Padang Rumput,"0,62 - 1.44 km/km2",Litosol,50 - 100 m (Dekat),500 - 1000 mm/th (Agak Rendah),0-8% (Datar),Sedang,Paliyan
3867,Padang Rumput,"0,62 - 1.44 km/km2",Litosol,100 - 250 m (Sedang),500 - 1000 mm/th (Agak Rendah),0-8% (Datar),Sedang,Paliyan
3868,Padang Rumput,"0,62 - 1.44 km/km2",Litosol,50 - 100 m (Dekat),500 - 1000 mm/th (Agak Rendah),8-15% (Landai),Sedang,Paliyan
3869,Padang Rumput,"0,62 - 1.44 km/km2",Litosol,100 - 250 m (Sedang),500 - 1000 mm/th (Agak Rendah),8-15% (Landai),Sedang,Paliyan
3870,Padang Rumput,"1,44 - 2,27 km/km2",Litosol,0 - 50 m (Sangat Dekat),500 - 1000 mm/th (Agak Rendah),0-8% (Datar),Sedang,Playen
3871,Padang Rumput,"1,44 - 2,27 km/km2",Litosol,50 - 100 m (Dekat),500 - 1000 mm/th (Agak Rendah),0-8% (Datar),Sedang,Playen
3872,Padang Rumput,"1,44 - 2,27 km/km2",Litosol,0 - 50 m (Sangat Dekat),500 - 1000 mm/th (Agak Rendah),8-15% (Landai),Sedang,Playen
3873,Padang Rumput,"1,44 - 2,27 km/km2",Litosol,50 - 100 m (Dekat),500 - 1000 mm/th (Agak Rendah),8-15% (Landai),Sedang,Playen
3874,Padang Rumput,"1,44 - 2,27 km/km2",Litosol,0 - 50 m (Sangat Dekat),500 - 1000 mm/th (Agak Rendah),15-25% (Agak Curam),Sedang,Semin
3875,Padang Rumput,"1,44 - 2,27 km/km2",Litosol,50 - 100 m (Dekat),500 - 1000 mm/th (Agak Rendah),15-25% (Agak Curam),Sedang,Semin
3876,Padang Rumput,"1,44 - 2,27 km/km2",Litosol,0 - 50 m (Sangat Dekat),500 - 1000 mm/th (Agak Rendah),>40% (Sangat Curam),Sedang,Semin
3877,Padang Rumput,"1,44 - 2,27 km/km2",Litosol,50 - 100 m (Dekat),500 - 1000 mm/th (Agak Rendah),>40% (Sangat Curam),Sedang,Semin
3878,Padang Rumput,"1,44 - 2,27 km/km2",Litosol,50 - 100 m (Dekat),500 - 1000 mm/th (Agak Rendah),8-15% (Landai),Sedang,Ngawen
3879,Padang Rumput,"1,44 - 2,27 km/km2",Litosol,100 - 250 m (Sedang),500 - 1000 mm/th (Agak Rendah),8-15% (Landai),Sedang,Ngawen
3880,Padang Rumput,"1,44 - 2,27 km/km2",Litosol,50 - 100 m (Dekat),500 - 1000 mm/th (Agak Rendah),15-25% (Agak Curam),Sedang,Ngawen
3881,Padang Rumput,"1,44 - 2,27 km/km2",Litosol,100 - 250 m (Sedang),500 - 1000 mm/th (Agak Rendah),15-25% (Agak Curam),Sedang,Ngawen
3882,Padang Rumput,"1,44 - 2,27 km/km2",Litosol,50 - 100 m (Dekat),500 - 1000 mm/th (Agak Rendah),25-40% (Curam),Sedang,Ngawen
3883,Padang Rumput,"1,44 - 2,27 km/km2",Litosol,100 - 250 m (Sedang),500 - 1000 mm/th (Agak Rendah),25-40% (Curam),Sedang,Ngawen
3884,Padang Rumput,"1,44 - 2,27 km/km2",Litosol,50 - 100 m (Dekat),500 - 1000 mm/th (Agak Rendah),>40% (Sangat Curam),Sedang,Semin
3885,Padang Rumput,"1,44 - 2,27 km/km2",Litosol,100 - 250 m (Sedang),500 - 1000 mm/th (Agak Rendah),>40% (Sangat Curam),Sedang,Semin
3886,Padang Rumput,"1,44 - 2,27 km/km2",Litosol,100 - 250 m (Sedang),500 - 1000 mm/th (Agak Rendah),>40% (Sangat Curam),Sedang,Semin
3887,Padang Rumput,"1,44 - 2,27 km/km2",Litosol,250 - 500 m (Jauh),500 - 1000 mm/th (Agak Rendah),>40% (Sangat Curam),Rendah,Semin
3888,Padang Rumput,"1,44 - 2,27 km/km2",Vertisol,50 - 100 m (Dekat),500 - 1000 mm/th (Agak Rendah),0-8% (Datar),Sedang,Karangmojo
3889,Padang Rumput,"1,44 - 2,27 km/km2",Vertisol,100 - 250 m (Sedang),500 - 1000 mm/th (Agak Rendah),0-8% (Datar),Sedang,Karangmojo
3890,Padang Rumput,"2,27 - 3,10 km/km2",Litosol,0 - 50 m (Sangat Dekat),500 - 1000 mm/th (Agak Rendah),25-40% (Curam),Sedang,Imogiri
3891,Padang Rumput,"2,27 - 3,10 km/km2",Litosol,50 - 100 m (Dekat),500 - 1000 mm/th (Agak Rendah),25-40% (Curam),Sedang,Imogiri
3892,Padang Rumput,"2,27 - 3,10 km/km2",Litosol,0 - 50 m (Sangat Dekat),500 - 1000 mm/th (Agak Rendah),>40% (Sangat Curam),Sedang,Imogiri
3893,Padang Rumput,"2,27 - 3,10 km/km2",Litosol,50 - 100 m (Dekat),500 - 1000 mm/th (Agak Rendah),>40% (Sangat Curam),Sedang,Imogiri
3894,Padang Rumput,"2,27 - 3,10 km/km2",Litosol,100 - 250 m (Sedang),500 - 1000 mm/th (Agak Rendah),15-25% (Agak Curam),Sedang,Semin
3895,Padang Rumput,"2,27 - 3,10 km/km2",Litosol,250 - 500 m (Jauh),500 - 1000 mm/th (Agak Rendah),15-25% (Agak Curam),Rendah,Semin
3896,Padang Rumput,"2,27 - 3,10 km/km2",Fluvisol,100 - 250 m (Sedang),1000 - 2000 mm/th (Sedang),15-25% (Agak Curam),Sedang,Temon
3897,Padang Rumput,"2,27 - 3,10 km/km2",Fluvisol,250 - 500 m (Jauh),1000 - 2000 mm/th (Sedang),15-25% (Agak Curam),Sedang,Temon
3898,Padang Rumput,"2,27 - 3,10 km/km2",Fluvisol,100 - 250 m (Sedang),1000 - 2000 mm/th (Sedang),25-40% (Curam),Sedang,Temon
3899,Padang Rumput,"2,27 - 3,10 km/km2",Fluvisol,250 - 500 m (Jauh),1000 - 2000 mm/th (Sedang),25-40% (Curam),Sedang,Temon
3900,Padang Rumput,"2,27 - 3,10 km/km2",Vertisol,0 - 50 m (Sangat Dekat),500 - 1000 mm/th (Agak Rendah),8-15% (Landai),Sedang,Nglipar
3901,Padang Rumput,"2,27 - 3,10 km/km2",Vertisol,50 - 100 m (Dekat),500 - 1000 mm/th (Agak Rendah),8-15% (Landai),Sedang,Nglipar
3902,Padang Rumput,"2,27 - 3,10 km/km2",Vertisol,0 - 50 m (Sangat Dekat),500 - 1000 mm/th (Agak Rendah),15-25% (Agak Curam),Sedang,Nglipar
3903,Padang Rumput,"2,27 - 3,10 km/km2",Vertisol,50 - 100 m (Dekat),500 - 1000 mm/th (Agak Rendah),15-25% (Agak Curam),Sedang,Nglipar
3904,Padang Rumput,"2,27 - 3,10 km/km2",Vertisol,50 - 100 m (Dekat),500 - 1000 mm/th (Agak Rendah),0-8% (Datar),Sedang,Nglipar
3905,Padang Rumput,"2,27 - 3,10 km/km2",Vertisol,100 - 250 m (Sedang),500 - 1000 mm/th (Agak Rendah),0-8% (Datar),Sedang,Nglipar
3906,Padang Rumput,"2,27 - 3,10 km/km2",Vertisol,50 - 100 m (Dekat),500 - 1000 mm/th (Agak Rendah),8-15% (Landai),Sedang,Nglipar
3907,Padang Rumput,"2,27 - 3,10 km/km2",Vertisol,100 - 250 m (Sedang),500 - 1000 mm/th (Agak Rendah),8-15% (Landai),Sedang,Nglipar
3908,Padang Rumput,">3,10 km/km2",Litosol,0 - 50 m (Sangat Dekat),500 - 1000 mm/th (Agak Rendah),15-25% (Agak Curam),Sedang,Patuk
3909,Padang Rumput,">3,10 km/km2",Litosol,50 - 100 m (Dekat),500 - 1000 mm/th (Agak Rendah),15-25% (Agak Curam),Sedang,Patuk
3910,Padang Rumput,">3,10 km/km2",Litosol,0 - 50 m (Sangat Dekat),500 - 1000 mm/th (Agak Rendah),25-40% (Curam),Sedang,Patuk
3911,Padang Rumput,">3,10 km/km2",Litosol,50 - 100 m (Dekat),500 - 1000 mm/th (Agak Rendah),25-40% (Curam),Sedang,Patuk
3912,Padang Rumput,">3,10 km/km2",Litosol,50 - 100 m (Dekat),1000 - 2000 mm/th (Sedang),15-25% (Agak Curam),Sedang,Samigaluh
3913,Padang Rumput,">3,10 km/km2",Litosol,100 - 250 m (Sedang),1000 - 2000 mm/th (Sedang),15-25% (Agak Curam),Sedang,Samigaluh
3914,Padang Rumput,">3,10 km/km2",Litosol,50 - 100 m (Dekat),1000 - 2000 mm/th (Sedang),>40% (Sangat Curam),Sedang,Girimulyo
3915,Padang Rumput,">3,10 km/km2",Litosol,100 - 250 m (Sedang),1000 - 2000 mm/th (Sedang),>40% (Sangat Curam),Sedang,Girimulyo
